time,imc.i_0_s,imc.idq_sr[1],imc.idq_sr[2],imc.idq_rr[1],imc.idq_rr[2]
0.0,0.0,0.0,0.0,0.0,0.0
0.01,-1.021405256529604e-12,594.9011804975711,63.60906768465014,-584.653437161443,-63.764613044141875
0.02,2.6851277744087477e-11,-175.00314737772555,-14.136415668405652,175.342103510664,14.236542764717985
0.03,-2.4461275634860718e-11,473.99250830712265,-14.71816791584893,-463.58967613368645,13.507899562444173
0.04,-1.6942437395702073e-11,-262.81904248975076,8.833378226887243,263.35908426704253,-8.518600098418094
0.05,-6.808332628103266e-12,400.475524928403,-108.75150368183397,-390.3367460933769,105.92798352889542
0.06,-1.2584686522533543e-12,-298.3780075833448,60.486916734495146,299.12182729660026,-59.871735682826966
0.07,1.4280203956152857e-12,337.07412543743146,-196.5747954189512,-327.65336321756183,192.04642653229232
0.08,-3.3798150071903397e-12,-297.0352534272217,123.92211212271654,298.05693071901703,-123.01624246474111
0.09,4.42583616146729e-12,273.51659661317126,-266.27811873367364,-265.14773675764866,260.2573819563857
0.1,1.0807431154121956e-12,-270.52662387757374,184.9715594330162,271.89659755571915,-183.85620875053482
0.11,4.3770875105559394e-12,210.14889278390385,-315.7781135890026,-203.00372423922335,308.5901395620528
0.12,1.7578926039940687e-11,-228.8803217767617,236.1463175431922,230.63786476148053,-234.92610154024734
0.13,2.5194934461795312e-12,148.30013298666108,-348.4999358015986,-142.43860045886984,340.4579741699188
0.14,1.1720937276852986e-11,-179.09482789196971,275.32665726706347,181.25498195194,-274.101818890826
0.15,9.613178247304954e-13,87.66928144776095,-368.541174149202,-83.10426143863795,359.9073696344953
0.16,4.203771175239968e-12,-125.14117466888663,302.6648575056177,127.70591139342574,-301.52993958306575
0.17,-4.641387638494236e-12,27.023583705221377,-378.36867844176305,-23.761897183848543,369.36352516106314
0.18,1.859416297627911e-12,-68.65481373616419,318.9573037731166,71.62276873780463,-318.0042353549647
0.19,-5.435007499026708e-12,-34.77824911927692,-378.7413640150983,36.722638192889264,369.56500331910297
0.2,7.629339335446344e-13,-10.643322602110816,324.51138942365776,14.003261970869431,-323.8372398875758
0.21,-1.0160010924635842e-10,-97.85564894805212,-369.20745352897524,98.46800423873091,360.0577687320285
0.22,-8.880277562694601e-11,47.99276428729759,319.10754456783616,-44.26778172820009,-318.8181474735586
0.23,-3.846482942479778e-11,-161.0431356067263,-348.5834220916992,160.3248950213553,339.66845179392357
0.24,1.0646728885032351e-11,106.06706396228604,302.31478763141695,-102.02364573821487,-302.5220662453484
0.25,2.5323025503665128e-12,-222.42487378371848,-315.92811271364354,220.40590083446267,307.4656189705101
0.26,-7.50624959134619e-11,161.5948406464727,273.6597971593723,-157.30893288144264,-274.47771860475143
0.27,-2.959791673519649e-11,-279.33053998436964,-270.6010161296216,276.0809353250911,262.81531617828864
0.28,3.892484274307772e-11,212.1111915472556,233.04828302523288,-207.69192976445675,-234.58415428292358
0.29,1.7615171144981223e-11,-328.58963732388423,-212.53107905522006,324.22812199277865,205.64628496381323
0.3,5.956390848888018e-12,254.78782629087019,181.022524570843,-250.37885927679542,-183.36496189759913
0.31,-6.7015902172815854e-12,-366.90130003774726,-142.88195967429243,361.5979770803062,137.10449193630583
0.32,-8.066783804904665e-12,286.4061754100358,118.57384986122787,-282.1884706100168,-121.78781529323017
0.33,3.22323917375506e-12,-390.9394515071091,-63.45222335261859,384.91539190390347,58.95977206660772
0.34,2.875864633294138e-13,303.76525380275046,47.828455065880505,-299.95426562373916,-51.93964686260956
0.35000000000000003,5.635686528855064e-12,-397.32435165014016,23.08826432217238,390.8518902318479,-26.15912062202704
0.36,2.911791162565327e-14,304.1335995165698,-27.926331767338112,-300.967642388276,22.94779825990169
0.37,-1.0410303703694908e-11,-383.4149712271237,112.62350854920355,376.80789657766485,-114.19650860858962
0.38,-1.5918199236311868e-11,285.24507896977883,-104.56330640353198,-282.9754162546769,98.81256905066803
0.39,-5.0808359997009796e-12,-347.20073065107385,200.044841240107,340.80437205537766,-200.11993158210072
0.4,-1.2498249206373027e-12,245.61124286339935,-176.9192491020247,-244.4881260998125,170.5666637157692
0.41000000000000003,-1.1373093303242402e-11,-288.0440972070278,279.44262927292016,282.2144400286148,-278.10729530654237
0.42,-1.887703843455077e-11,185.25688879935203,-238.76033994116688,-185.50573372225918,232.0626513471633
0.43,9.8739509311221e-12,-206.83955235568294,343.90329614921404,201.92046419432916,-341.345109520661
0.44,-1.3199076339705914e-11,106.16992124332346,-283.25613584067094,-107.96100299826605,276.5591933468744
0.45,1.6318173034995585e-12,-106.70363738414663,386.2075662646267,102.9955476192223,-382.7176208759183
0.46,-1.8447428667126453e-11,12.663212463892409,-303.4304067272282,-16.077312391804874,297.1645112367809
0.47000000000000003,7.1035252605174555e-12,6.529470893235626,399.07796563805874,-8.808618725078698,-395.049458298877
0.48,-6.587836833624444e-11,-87.939158770503,-293.1638984558598,82.9511324499968,287.8206398186089
0.49,3.856734794665165e-11,124.202529730789,376.6940749403517,-124.95511128463716,-372.60176493819665
0.5,-6.880731403258412e-11,-185.35218083209398,-248.02646649799146,179.0089609007968,244.12529528908507
0.51,5.3759448308994444e-11,234.3103025160715,315.62906540202755,-233.60313149426915,-311.9919760217193
0.52,-7.924977296502603e-11,-266.4682022925819,-167.20717398023007,259.1888457518993,165.2337519176861
0.53,5.61054896662361e-11,322.3196420111814,216.5688595239087,-320.41606892524,-213.89231562802823
0.54,-6.787182150989746e-11,-316.2338607097401,-55.08775047134632,308.65190139941956,55.41059529539824
0.55,5.370960828937577e-11,372.33746343378084,86.24167378197308,-369.71002776010874,-84.93337205758627
0.56,-2.2668457988051395e-11,-319.73738548538773,76.83122407063385,312.67949227017147,-74.067231095289
0.5700000000000001,1.1649341890034147e-12,369.63731859834445,-60.96712416675398,-366.9434659377493,60.699529462988636
0.58,-1.3844286699847943e-11,-265.76341949717846,208.96146581733942,260.1728308465385,-203.9481115660107
0.59,8.829573807866187e-12,304.64420671274075,-202.162387580142,-302.64653563321167,200.42066474730504
0.6,-2.3263958196969006e-11,-151.59044800524273,313.66461459098525,148.37828481600047,-307.0307627464656
0.61,-9.304766856164897e-13,178.33126719365015,-307.2391423189943,-177.74546267544181,304.51650826811397
0.62,-2.178787268889816e-12,11.078072215871613,359.09947138328414,-11.261365642736354,-351.9423622854554
0.63,1.320345776938995e-11,8.373959712192107,-343.7774412195844,-9.639919229164507,340.9640850967598
0.64,-9.048754635369258e-12,190.85812890403875,317.1064420754847,-187.91330558424755,-310.8931380776571
0.65,1.0618573359709617e-11,-166.9781210025051,-287.13134164041685,163.9592388735082,285.37472699255017
0.66,-2.789114325108644e-12,336.39764678944925,176.77360857373304,-331.045295433686,-173.0385550416379
0.67,1.3283245979475086e-11,-291.0728095681967,-135.70942170316286,287.143615089948,136.06962500712754
0.68,-8.897257785985958e-12,385.8824222612942,-39.2684029321342,-379.7569174681581,39.45111771535345
0.6900000000000001,1.0585763391460691e-11,-303.95109511596166,72.49005245346085,300.66301782098367,-69.58393417849926
0.7000000000000001,-9.864843476025944e-12,291.60861545587494,-262.79511707856636,-286.9628084603613,259.47214185630384
0.71,1.0219565622409652e-11,-173.95264787682044,254.04063298845222,173.0816923267654,-249.34788610491842
0.72,-1.0020501200006847e-11,58.72886360576363,-388.61718990473594,-57.57904281633134,383.4180394633321
0.73,1.0224015222349826e-11,61.467812874454204,302.6304772488814,-58.92293813021276,-298.25487917831356
0.74,-1.0142698854512859e-11,-220.34425372661164,-320.3290798531136,217.49994328352946,316.18880634526596
0.75,1.0330545789910522e-11,275.2627755579947,153.9223776278565,-270.2228274674502,-152.51613206629116
0.76,-1.0307937628525792e-11,-376.5867689126674,-52.963765020559876,371.74527039278934,52.64865397953677
0.77,1.0512164352950514e-11,299.3591059787654,-128.79512247154994,-294.92512393044115,125.9196899049981
0.78,-1.0427605625579235e-11,-263.83502119097244,258.37802686613446,260.887403124989,-254.5704066887819
0.79,1.0502568633511123e-11,64.27895246555788,-331.01409545015804,-63.960705803089326,325.77670992267724
0.8,-1.0440603106118526e-11,75.2520858692251,350.69234432537473,-73.44055615794869,-346.1739382011346
0.81,1.0250468519539926e-11,-258.7085917276141,-229.75723000270867,254.44666962963854,226.82820042844205
0.8200000000000001,-1.0211813070148721e-11,339.58024984133544,90.40664970034734,-334.6580405455673,-89.97822317714827
0.8300000000000001,1.2514873417091158e-11,-324.8012712071244,131.61971444514646,320.3700028859759,-129.07264148625293
0.84,9.963585883725347e-12,210.08316647377742,-278.2168517715997,-207.7653783665339,273.8049255714971
0.85,-1.0495103034885258e-12,3.82703725986705,351.0370074602045,-3.0016488962468375,-346.01370233035715
0.86,4.449236116080165e-12,-201.42620189666175,-284.8507098973288,197.94492593586634,281.27484368337406
0.87,-2.792110025605605e-12,337.2230445474318,94.08571042401131,-332.16086322176596,-93.50834273967521
0.88,2.785288418906224e-12,-324.05003771188876,131.14886692696888,319.7827357692898,-128.56553598222038
0.89,-3.5038870956007686e-12,156.81732958057154,-312.5555561958808,-155.27673856153837,307.6993318896128
0.9,3.2437531462795993e-12,81.96815358801422,339.54084769559347,-80.0057719697273,-334.9444878478296
0.91,-3.2722480127373192e-12,-294.48878741615505,-189.44626936786528,289.83494040438205,187.4043069513905
0.92,3.3700580800428157e-12,343.1279505630127,-61.54011021524473,-338.4117988579819,59.83278856764587
0.93,-3.2907301563456532e-12,-195.65301950935174,290.7823082570045,193.5431383452737,-286.17295301476037
0.9400000000000001,3.2681316835349504e-12,-71.66225123255543,-340.99618064659126,69.80972162229199,336.3225680787675
0.9500000000000001,-3.293343512658091e-12,303.2675225649646,175.04554359534475,-298.51737339021724,-173.28495930387837
0.96,3.39192007588066e-12,-330.47109333951744,111.39791531193148,326.04874328006986,-108.99690547508717
0.97,-3.2788994784063946e-12,124.05988870703885,-326.9928826408827,-123.10003167924383,322.01907965837404
0.98,3.2637676454355836e-12,177.2631749969175,300.3959362668153,-173.98247361003726,-296.57385378218765
0.99,-3.3667421487847153e-12,-347.52607403080634,-38.15008051567093,342.47354819833527,38.483056355217435
1.0,3.28894188829989e-12,234.26679181030906,-258.2413910715365,-231.60024346786435,253.95994630918008
1.01,-3.4300860902336956e-12,82.13524466248502,339.70475205911316,-80.08621985501927,-335.0760416385035
1.02,3.255028695184359e-12,-328.5436071610048,-116.66902467418915,323.5579017626625,115.8731137102652
1.03,-3.402420375333019e-12,271.6811911652668,-219.4552798601145,-268.3908264099921,215.60696754487066
1.04,3.2116224406282947e-12,52.165204025837106,344.71711429591056,-50.49372361044582,-339.94898986792833
1.05,-3.4284237504226822e-12,-327.7096793582716,-120.16655205468838,322.712478235408,119.34293886627746
1.06,3.190665024335041e-12,257.4357164097785,-234.95926560199976,-254.41703625664917,230.90167658857794
1.07,-3.3127008767652684e-12,98.97863085532673,334.5484151358137,-96.6369126983736,-330.05594007138654
1.08,3.2723298910840173e-12,-344.981375100077,-48.94927996655004,339.9273027067946,49.22714691501927
1.09,-3.288285839167737e-12,179.99746047179747,-298.616937651193,-178.28529411895667,293.84588023311863
1.1,3.297154253180975e-12,211.2569566276602,276.95228348788015,-207.44248602455176,-273.6185920152762
1.11,-3.290720593915579e-12,-332.6742468724037,103.72399780895907,328.23619274561173,-101.26826881624827
1.12,3.3447610206617008e-12,7.466793986590199,-348.0874124379654,-8.399070020881089,343.10309065357956
1.1300000000000001,-3.335116068924084e-12,330.86640270377643,108.74718400803751,-325.8200552170413,-108.1967462905835
1.1400000000000001,3.1043915715117926e-12,-192.6516565523942,289.77789100435035,190.79510652009785,-285.0539439143236
1.1500000000000001,-4.3451175088951454e-12,-235.4148949901793,-256.35025467012235,231.25874750068306,253.42795351812745
1.16,6.446297032303466e-12,300.1285168150178,-175.6858691448533,-296.4045206585242,172.22868255172912
1.17,5.7432063469105325e-12,117.55327890114802,327.3285170017108,-114.82288121072982,-323.0374775307971
1.18,-4.686274706736237e-11,-341.33634704664973,65.26955892536354,336.6800860439736,-63.220101907489244
1.19,-9.268233429805405e-12,-21.669114828144824,-346.82854434020527,20.204715112910772,341.9514559054665
1.2,4.037986073531852e-11,347.0402069182595,11.894799435791166,-342.0464060271179,-12.902704450004713
1.21,-8.849466652558358e-12,-34.88544903195897,345.4183783706662,35.5809915575882,-340.36661342221015
1.22,-2.801155719377184e-11,-343.7120542852502,-47.07693904321004,338.6379642501649,47.61604975079465
1.23,3.5938039036116363e-12,48.47674343964064,-343.3945578850714,-49.01858060148615,338.3154165410489
1.24,2.8127205078629494e-11,344.35135734827196,38.83696837996602,-339.28858875132784,-39.54626088040155
1.25,-8.653712158068473e-12,-17.938804171874384,345.896612527885,18.979797835380808,-340.8854694406251
1.26,-1.7047070289939452e-11,-345.7682579475138,14.536607266722418,340.8800182501863,-13.00185170528874
1.27,-1.7138960674060855e-12,-58.43390327626998,-340.86958063591135,56.25887369628757,336.2230852877339
1.28,1.9384321231867836e-11,326.61061743829816,-112.71718656508942,-322.3901100256721,109.78843384870274
1.29,-6.903286122541403e-13,174.6162319280535,297.7936281105757,-170.8848324167236,-294.25089172823965
1.3,4.034906040262377e-11,-248.8071446799802,238.72272759522383,246.25585983184325,-234.24496781850857
1.31,5.746721982286605e-11,-296.43317002997253,-175.402293235591,291.4150190619643,174.18247740360687
1.32,1.2857632014586304e-11,76.50317536193903,-335.31672191812714,-76.91664917898025,330.1585693765479
1.33,-2.0056950914864333e-11,340.7778471924834,-42.84835207888638,-336.0806487425629,40.646491777911635
1.34,-4.866370500937175e-12,168.8524179685466,298.3640071851129,-164.98591830321325,-294.8847694599597
1.35,-6.427696827374046e-12,-199.96240598688553,277.6593570315995,198.4680294302353,-272.6596515247197
1.36,1.9583734904544996e-12,-337.53847835122286,-50.79743199514434,332.4018740008596,51.81758922053533
1.37,-3.7087701572287575e-12,-123.10131008127581,-317.3876110271044,119.6008655407354,313.4623515784803
1.3800000000000001,3.0592300349975748e-12,201.32381202471151,-273.11271074416874,-199.95100212279362,268.0090356640709
1.3900000000000001,-3.2737480600194085e-12,337.9021248981348,7.305271430826347,-332.93898419800314,-9.210309199588325
1.4000000000000001,3.100710970147047e-12,201.3842995050241,269.38761708654187,-196.747676051346,-266.7125059330215
1.41,-3.534679175126969e-12,-70.74569664816887,326.80782198842144,71.88023620874209,-321.5300516850068
1.42,2.9031233980139706e-12,-281.7025557086596,175.4456803986658,278.77301730142915,-170.84610328471175
1.43,-6.5037046916947194e-12,-323.0549362157725,-60.97225522496415,317.75494765690786,62.52092393132148
1.44,-2.030111871903205e-11,-209.413812061722,-248.17421308866184,204.1904116035589,246.13539384675227
1.45,-1.784851213674867e-11,-25.715173437512906,-318.4870673615426,22.450256889466058,313.7965148701104
1.46,2.1258049367832667e-12,142.39535946974283,-278.33724979576965,-142.90360187072906,272.5076719236884
1.47,3.0839104236332365e-12,247.96428037627538,-175.10199315331934,-245.83105759711296,169.46720152991267
1.48,1.0552785995005896e-11,285.2186737378502,-59.737978466585524,-281.0278286163968,55.109697615666555
1.49,-8.145724677893298e-13,273.2068354045953,33.80796042528941,-267.60902815798664,-37.141441723077165
1.5,3.050668291278251e-12,237.0218586778381,91.67923106761425,-230.51580038410103,-93.79939068052796
1.51,-2.109134700708253e-11,196.49231680374987,114.11020867379949,-189.36962507225311,-115.30113811782981
1.52,-3.972375482712328e-11,162.01632098196444,107.74006959011646,-154.40998298216036,-108.37384247551299
1.53,-1.4099580893371326e-11,135.79287327071785,81.14841889429452,-127.76032525635274,-81.61256097908161
1.54,-5.5784654983850474e-11,114.72827764864945,43.04729895553147,-106.33074462108124,-43.693859482343115
1.55,1.835330828283696e-11,95.18060106904292,2.8112830632838106,-86.51273521452015,-3.895862235358378
1.56,8.910528400924346e-12,75.41098223748062,-31.30224308427404,-66.5888167508481,29.654212866547795
1.57,1.5633609598096729e-12,57.357783532090686,-52.890146045943666,-48.46664329350689,50.69984875004006
1.58,-4.595701230377674e-12,43.55294763714837,-59.84348167949713,-34.624350737741196,57.24015006515424
1.59,8.589411436368174e-14,35.83900075384301,-53.19999382793608,-26.848134334027794,50.3795289927974
1.6,-4.990359887495354e-11,32.96621988045239,-36.73576572649512,-23.873688416998526,33.90601575406825
1.61,4.4320742302958496e-11,32.816757003870414,-15.248972946962557,-23.59188050796384,12.591765573954335
1.62,-3.004227011511571e-11,32.58047611072071,5.845295706512939,-23.225386130863725,-8.213640033664456
1.6300000000000001,4.146252530075495e-12,31.377814967306126,22.035181710689454,-21.910860340568775,-24.07804682661321
1.6400000000000001,3.5193779736858545e-11,29.023121000028244,30.464853228171773,-19.471570404657253,-32.223788297984655
1.6500000000000001,-4.406728383641049e-11,26.337574643353836,30.704630070657565,-16.721208894848917,-32.272948137323695
1.6600000000000001,4.108243569228018e-11,23.53070966312995,24.257619407901196,-13.867259994175223,-25.750152032355267
1.67,-4.239187731175972e-11,20.836174878344323,14.055817571389072,-11.139942323312082,-15.57486803890062
1.68,4.1804374088776e-11,18.13050269902372,3.326685411875384,-8.41716757629858,-4.940563071674003
1.69,-4.31592156612988e-11,15.730579696115504,-5.099559598435797,-6.0105440128864895,3.3687379468616565
1.7,3.43021458348147e-11,13.869351179188573,-9.536643379794132,-4.147238202016245,7.709059574902958
1.71,-4.4738332454432975e-11,12.859723617665027,-9.55731520679266,-3.1316625737042063,7.683710584181309
1.72,4.037501469646663e-11,12.569282072188708,-5.926375647239755,-2.828689632248776,4.0695616184027
1.73,-4.2194030549796566e-11,12.761617456729315,-0.14238461127954027,-3.0018282961864697,-1.639615592709061
1.74,4.148040215298862e-11,13.028051430198495,6.007430053931187,-3.2466687037056463,-7.675226946371141
1.75,-4.152183458163411e-11,13.177887694777814,10.970999050712091,-3.3754423025312774,-12.509885194464191
1.76,4.8692649672359524e-11,13.101146043123935,13.744034785259561,-3.280759400454628,-15.163607989649464
1.77,-8.267919599569025e-11,12.870177877596305,14.052797613031144,-3.0350420603325383,-15.379952075350264
1.78,8.400609250109438e-11,12.511675064942102,12.290263816316658,-2.665391353214008,-13.559383322808756
1.79,-5.7566720462114616e-11,12.116120052201898,9.274046839963672,-2.2614232069655973,-10.517212233218848
1.8,7.413943784001992e-11,11.691309809486652,6.022062131647723,-1.8310329691811573,-7.261047315670693
1.81,-8.649533637416139e-11,11.333024987858634,3.380617802665575,-1.4684777771077417,-4.623806520787552
1.82,7.381205021093503e-11,11.04996335985789,1.9424796257079282,-1.181972614889506,-3.1845624917396242
1.83,-1.4891440865575184e-11,10.906731850543594,1.833898266092706,-1.034512704029559,-3.0603525071715154
1.84,2.2909338888239183e-11,10.854872855296648,2.8878117909916465,-0.9777266750659107,-4.079416963902326
1.85,-1.8511953760507046e-11,10.881642696406407,4.615708604994548,-0.9984959096211625,-5.754938316106512
1.86,2.488088413600626e-11,10.914922629798683,6.505987094657167,-1.0255564142640534,-7.580337162741608
1.87,-2.249248325050667e-11,10.938363060849571,8.044715315302469,-1.0427532493194644,-9.049607549730188
1.8800000000000001,2.7420287132923005e-11,10.925533973871227,8.945956603278018,-1.024223146544291,-9.883820956136336
1.8900000000000001,-2.5905477999448023e-11,10.888872211461022,9.091319496077718,-0.9823531275881348,-9.97029135217048
1.9000000000000001,2.968008081784403e-11,10.830355710021069,8.611032385468299,-0.919261322778402,-9.441366519606476
1.9100000000000001,-2.979016100963822e-11,10.763389519463304,7.734188426445483,-0.8482089399314631,-8.525769984819604
1.92,3.1166882171323074e-11,10.693080492232479,6.777508290483579,-0.774291434147818,-7.537030862864307
1.93,-3.329590222758403e-11,10.62681272805411,5.994364334374927,-0.7047560420093556,-6.724590825649942
1.94,3.317446182018987e-11,10.569367516440096,5.571628584080197,-0.6442996955055749,-6.271085674083587
1.95,-3.559752854052796e-11,10.521301584703787,5.552776206180453,-0.5933968460964137,-6.217160295607306
1.96,3.5645391059169176e-11,10.482535201271407,5.88905987658548,-0.5519302273592259,-6.5125799874998
1.97,-3.70794718046693e-11,10.447408472397088,6.43746756274853,-0.5142684082448546,-7.014764682546594
1.98,3.796379501964949e-11,10.414943870678902,7.039597485005773,-0.4794412450130494,-7.566828642772557
1.99,-3.8196691411811827e-11,10.381399674436352,7.5421258972870175,-0.44374596869823574,-8.017797876665295
2.0,3.9575802193545594e-11,10.349736036590718,7.852573794947798,-0.41010587870337456,-8.277365070990857
2.0100000000000002,-3.921674245744444e-11,10.318789580524014,7.936308899112016,-0.37735923257833354,-8.312609868938194
2.02,5.80298173306785e-11,10.29153694000645,7.827315121222131,-0.3484322269737249,-8.158230708222868
2.0300000000000002,-2.4273312675408977e-11,10.26489968895532,7.595985977271963,-0.32027052759538294,-7.8845161808038835
2.04,1.524890235379183e-12,10.239111595624502,7.337677003605885,-0.2931059372702301,-7.585876975011203
2.05,-6.307578990873788e-11,10.212042898765635,7.127835577902604,-0.26483213527194643,-7.336603676355424
2.06,8.793288199268332e-12,10.179916992296134,7.026508987873228,-0.2317501644048857,-7.195432639814976
2.07,-5.816565216218552e-11,10.146473444337506,7.0468422019362835,-0.19755853705242535,-7.174649232941236
2.08,2.260286700383397e-12,10.106078811842371,7.174498878090286,-0.1567295566473457,-7.259463288003815
2.09,-9.206809973643557e-11,10.065804119508352,7.369036068286963,-0.11625101295761996,-7.409511599970765
2.1,1.7037194628919132e-11,10.023054126111651,7.5804442890604085,-0.0735680997060341,-7.575280142454952
2.11,-7.20074523862571e-11,9.982444806923064,7.765670629674168,-0.03323432698272742,-7.7143563836215785
2.12,-2.0805826356563262e-12,9.94500423780581,7.891793540161185,0.0037570482561784207,-7.794542506043318
2.13,-4.076192196172382e-11,9.91069886116995,7.951598398689419,0.037455228037981604,-7.8090809170701965
2.14,5.910702922318234e-11,9.88091885668086,7.951385776773061,0.0665141338853814,-7.764539882850308
2.15,-1.2555830379810604e-11,9.852693130382672,7.912461521089703,0.09388137087609515,-7.682211082734738
2.16,3.9524749156889794e-11,9.825443995588847,7.863319660168383,0.12013357189596484,-7.590319461013634
2.17,-3.322409443637321e-11,9.796737808424679,7.82748545197544,0.14767116960302232,-7.51204130103634
2.18,3.045221571155573e-11,9.764729936968985,7.824067999940098,0.17829746123294027,-7.4660778001929
2.19,-2.462128529158924e-11,9.730455699233113,7.8572103558446145,0.2109783225749765,-7.456311762594718
2.2,3.684396044537244e-11,9.691708130040995,7.923239467638413,0.24787057295231202,-7.478924283499198
2.21,9.234025275585485e-12,9.651858986356888,8.010721656520815,0.28563505906265324,-7.522485989655574
2.22,6.865755873486345e-11,9.610989004235048,8.103421181971827,0.32418902012613293,-7.570925808472738
2.23,-2.149903994817485e-11,9.57043250750258,8.189710354986476,0.3622150126763008,-7.612785662271539
2.24,2.4087517930841862e-11,9.532129913168749,8.258520692894217,0.3978096187299774,-7.637223465553794
2.25,-2.599990331174576e-11,9.49540879194407,8.306210617539,0.43164767038593466,-7.640760786111506
2.2600000000000002,3.8282207589141216e-11,9.460884535227343,8.335734513742096,0.46313408668979983,-7.626422594618768
2.27,-1.5238381738968656e-11,9.427894840453927,8.352458286160722,0.4929340600313759,-7.599586483550689
2.2800000000000002,2.854716844487933e-11,9.394618947012571,8.365387305728751,0.5228466691520188,-7.569176334143848
2.29,-2.370433045278194e-11,9.36101226354935,8.38249959536205,0.5529150304373391,-7.543053886044469
2.3000000000000003,3.592347258095999e-11,9.325931986169383,8.408369868730963,0.5842618893116905,-7.525690845754032
2.31,-2.1031891965145553e-11,9.28866005001223,8.446014054491027,0.6175852565202479,-7.5200010618176325
2.32,2.488630816538534e-11,9.250399020538328,8.493804456295303,0.6516913215709365,-7.524315338809092
2.33,-1.593719794738372e-11,9.210419919488471,8.54756988454879,0.6872929514047633,-7.53447709072914
2.34,2.672902976979824e-11,9.169995130688944,8.604110234869319,0.7231300021792668,-7.547307026917823
2.35,-1.2462838676813774e-11,9.130286808131364,8.6576858281929,0.758059580456457,-7.557148143655321
2.36,2.394613154397119e-11,9.090675320071819,8.705869660326378,0.7926960081343105,-7.561636511643468
2.37,-2.3133268643170635e-11,9.052005948183684,8.748332568257144,0.8262107177473812,-7.560479938021821
2.38,-2.2541128944673375e-12,9.01418754083062,8.7853391492152,0.8586987075879926,-7.553965679579032
2.39,-1.2253021151254166e-11,8.976783500448793,8.81839978576887,0.8905948914983599,-7.543609305514981
2.4,-4.019842287816493e-12,8.939430401372258,8.849687129893281,0.9222596173906091,-7.531566397198544
2.41,-5.698749469990909e-12,8.90183562660651,8.88127591064301,0.9539819073939296,-7.5198859019067
2.42,-3.239369056091863e-11,8.86367667876517,8.91485050969692,0.9860781916274429,-7.510220369679585
2.43,-3.1834520942721e-11,8.824807477227045,8.951032916918562,1.018690300763376,-7.503171946407736
2.44,-4.263555117613807e-12,8.78519364264007,8.989931568299825,1.0518492573426423,-7.498833268849534
2.45,-1.9488370837073865e-11,8.744935247065683,9.031031580218897,1.0854536498816654,-7.496683083494096
2.46,2.8400286307265813e-11,8.704218387308618,9.07339199593413,1.1193182345345796,-7.495785069347253
2.47,-1.718032737096192e-11,8.663256462306041,9.115948279386433,1.1532319128665802,-7.495086386089089
2.48,6.013851904455719e-12,8.622257106973448,9.15771614087025,1.186990309191716,-7.493618324037455
2.49,1.2272463209929381e-11,8.581378210437835,9.197997831077718,1.2204391403268449,-7.490699475999666
2.5,-9.41901632206442e-12,8.540674476800442,9.236591131308789,1.253525834459936,-7.486136684640097
2.5100000000000002,-9.151367209556117e-12,8.500173549421083,9.273405594392143,1.2862251928462212,-7.479850046348292
2.52,1.7901376663410112e-11,8.459808530141487,9.30874758337794,1.3186052444513776,-7.47215086154344
2.5300000000000002,-2.5288181030816518e-11,8.419433745939589,9.343253478192281,1.3508110821399204,-7.463673126101716
2.54,2.0168374167488004e-11,8.378878138407169,9.377652426619656,1.383011925764884,-7.455138336016773
2.5500000000000003,-8.720502511195149e-12,8.337982969410874,9.412576352188042,1.4153638097958083,-7.4471678632896925
2.56,-3.918664727697708e-11,8.296646482588784,9.448381146351416,1.447965229145724,-7.440105607132589
2.57,-7.661387904785248e-11,8.254901899951205,9.484955807999228,1.4807832811256723,-7.433841700549886
2.58,-1.0391503528087935e-10,8.212853181351505,9.521946057259129,1.51371382752781,-7.4280211142845705
2.59,-1.1447756786575853e-10,8.170535750543255,9.559191581905347,1.5467220915185504,-7.422486211120128
2.6,-9.419477833804521e-11,8.128030205084471,9.596374654480803,1.5797281069743947,-7.416921869764764
2.61,-5.196796373638589e-11,8.085423963832119,9.633170495765446,1.6126462222155333,-7.411010049038857
2.62,9.358972442965579e-12,8.042731366386525,9.669526555760552,1.6454624433666996,-7.404699486589065
2.63,6.167057699781625e-11,8.000016576227626,9.705217792045538,1.6781148050583907,-7.397773135183283
2.64,1.0617216516145556e-10,7.957258215669398,9.74032856081754,1.7106243654587387,-7.39031403483495
2.65,1.1952828604521486e-10,7.914461550941896,9.774867372679857,1.7429871496856848,-7.382334938575028
2.66,1.0150517825893947e-10,7.871586663646485,9.808952500401144,1.7752429597600867,-7.373954228844962
2.67,4.993398106227844e-11,7.828584890064573,9.842730101104294,1.8074404206997041,-7.365318540319554
2.68,-1.19402113043813e-11,7.785409532690248,9.876392439656273,1.839625609735529,-7.356617715056858
2.69,-7.594802347510433e-11,7.7420234476837635,9.910065824826859,1.87183543846221,-7.3479775095257205
2.7,-1.1734331830568984e-10,7.698400743495383,9.943823785356914,1.9040950230684726,-7.339469231166909
2.71,-1.273293002424957e-10,7.654530499999738,9.977702170387827,1.9364150295221907,-7.331128116081586
2.72,-1.0003759086886015e-10,7.610427869588547,10.011641836314816,1.968780136832792,-7.322894793540243
2.73,-9.273246340264322e-11,7.56616802538455,10.045409901102435,2.0011162722655795,-7.314540089945193
2.74,-1.0491784975604958e-10,7.521749333929826,10.079011894929456,2.0334250696267704,-7.306069508054718
2.75,-1.1173788650998605e-10,7.477195826832327,10.112389415765083,2.0656832921104074,-7.297426892837352
2.7600000000000002,-8.573621769187502e-11,7.432553177443908,10.14542403063777,2.097846585693597,-7.288497613268397
2.77,-4.2992775379720773e-11,7.38779463697109,10.178185100322853,2.129940926499179,-7.279348803496794
2.7800000000000002,2.314198646403094e-13,7.342946424667596,10.21060772909605,2.1619421134080845,-7.269921714726203
2.79,5.068084827356699e-11,7.29799766574007,10.242718833344803,2.193860184164777,-7.260240713821796
2.8000000000000003,8.514456082837408e-11,7.252916367683328,10.274602858137188,2.2257277276037555,-7.250392496603398
2.81,8.696360845241218e-11,7.207679628249087,10.306320259831114,2.2575680759249446,-7.240439140418603
2.82,6.832706507781207e-11,7.162304204628709,10.337826803522399,2.289364157348572,-7.230335224312234
2.83,2.923493070457159e-11,7.116790096822191,10.369122489211044,2.321115971874638,-7.220080748284288
2.84,-3.03127946673058e-11,7.071137304829536,10.400207316897047,2.3528235195031404,-7.209675712334768
2.85,-6.785679827588262e-11,7.025349639125756,10.431116376792056,2.384484353202485,-7.1991584241676465
2.86,-8.738460631444286e-11,6.979426741853698,10.461846373432042,2.416098702783328,-7.188525286151144
2.87,-1.0502082276674249e-10,6.933367165924447,10.49238398074718,2.447667497545108,-7.177761750321199
2.88,-1.207654476327799e-10,6.887170911338008,10.522729198737467,2.4791907374878215,-7.1668678166778115
2.89,-1.329596153384416e-10,6.8408288863089926,10.552897638256407,2.510678804800377,-7.155863171705928
2.9,-1.4115027607072164e-10,6.7943386077961465,10.582893562756313,2.5421345349438322,-7.144753191946279
2.91,-1.4624706249218643e-10,6.747705061245585,10.61270841208471,2.5735522348841773,-7.133527082389311
2.92,-1.4824997460283558e-10,6.700928246657314,10.642342186241605,2.60493190462141,-7.122184843035026
2.93,-1.4961484991562146e-10,6.654023126634154,10.671768489348004,2.636261020238615,-7.110706671469153
2.94,-1.5200870445412968e-10,6.606999857751424,10.7009694039509,2.667531080534031,-7.099079125865139
2.95,-1.5347126798733568e-10,6.559846496733256,10.729965999463694,2.6987520822038524,-7.087318012677193
2.96,-1.5400254051523928e-10,6.512563043579653,10.758758275886386,2.7299240252480765,-7.075423331905316
2.97,-1.5360252203784058e-10,6.465149498290612,10.787346233218976,2.761046909666706,-7.0633950835495085
2.98,-1.522712125551396e-10,6.417605860866137,10.815729871461464,2.7921207354597373,-7.05123326760977
2.99,-1.500086120671362e-10,6.369932131306223,10.843909190613852,2.8231455026271743,-7.038937884086098
3.0,-1.468147205738306e-10,6.322128309610876,10.871884190676134,2.8541212111690135,-7.026508932978496
3.0100000000000002,-1.422430932005187e-10,6.274215275185471,10.899633581366686,2.885029550178244,-7.0139306453943275
3.02,-1.3550496746968034e-10,6.226229916999852,10.927119747794523,2.915838168614005,-7.001175161430775
3.0300000000000002,-1.2749239865045993e-10,6.178130515270359,10.954385230727814,2.946583654064175,-6.988273989398407
3.04,-1.1820538674285812e-10,6.1299170699969965,10.981430030166559,2.977266006528752,-6.975227129297222
3.0500000000000003,-1.0764393174687416e-10,6.08158958117976,11.008254146110756,3.0078852260077373,-6.962034581127222
3.06,-9.580803366250895e-11,6.033148048818652,11.034857578560407,3.0384413125011296,-6.948696344888407
3.0700000000000003,-8.269769248976145e-11,5.984592472913671,11.061240327515513,3.0689342660089305,-6.935212420580775
3.08,-6.831290822863282e-11,5.935922853464819,11.087402392976072,3.0993640865311383,-6.9215828082043265
3.09,-5.084636536553031e-11,5.8871269245284585,11.113378287196014,3.129752579244457,-6.907864105143255
3.1,-3.153306391068973e-11,5.838213067840038,11.13914442678128,3.160084843931828,-6.8940176364846675
3.11,-1.0480677894451532e-11,5.789182014164934,11.164698755603068,3.1903595815111325,-6.880040030338922
3.12,1.2310792683186043e-11,5.74003376350314,11.190041273661372,3.220576791982374,-6.865931286706014
3.13,3.684134782222102e-11,5.690768315854663,11.2151719809562,3.2507364753455494,-6.85169140558595
3.14,6.311098752265555e-11,5.641385671219495,11.240090877487546,3.280838631600662,-6.837320386978725
3.15,9.111971178448735e-11,5.5918858295976435,11.264797963255411,3.3108832607477092,-6.822818230884342
3.16,1.0312255855993887e-10,5.542285197270651,11.289284565339102,3.3408599123656533,-6.808188726241231
3.17,9.71233210999398e-11,5.4925856198513685,11.313549708084636,3.370767410841892,-6.793432299283302
3.18,8.497416840649256e-11,5.4427761392987986,11.3375991842867,3.4006127361945264,-6.778546419312625
3.19,6.667510047959823e-11,5.392856755612942,11.361432993945293,3.430395888423555,-6.763531086329204
3.2,4.222611731925515e-11,5.342827468793798,11.385051137060419,3.4601168675289804,-6.748386300333033
3.21,1.1627218925465534e-11,5.292688278841369,11.408453613632071,3.4897756735108003,-6.7331120613241175
3.22,-2.512159470177338e-11,5.242439185755651,11.431640423660255,3.519372306369017,-6.717708369302455
3.23,-5.848919422416539e-11,5.192087401852501,11.45460661490109,3.5489017254865844,-6.702174427260213
3.24,-5.152757698760692e-11,5.141660886113047,11.477332989679953,3.578344390604923,-6.686507145548034
3.25,-3.793385721124519e-11,5.091134139541055,11.499837056554494,3.6077181227232185,-6.670709341970936
3.2600000000000002,-1.7708034895078963e-11,5.0405071621365245,11.522118815524717,3.637022921841475,-6.654781016528917
3.27,9.149889960889921e-12,4.989779953899457,11.544178266590619,3.666258787959689,-6.638722169221979
3.2800000000000002,4.26399173566639e-11,4.938952514829848,11.566015409752202,3.695425721077863,-6.62253280005012
3.29,8.276204729223994e-11,4.8880248449277035,11.587630245009462,3.7245237211959954,-6.606212909013341
3.3000000000000003,1.2951627976762163e-10,4.836996944193017,11.609022772362405,3.7535527883140873,-6.589762496111642
3.31,1.4364970907054e-10,4.785891389288888,11.63017331686151,3.7824966042545243,-6.5731730860294775
3.3200000000000003,1.3939866185496098e-10,4.7346999920635096,11.651089014258977,3.8113610873283905,-6.556447752612167
3.33,1.2126221461265117e-10,4.683420164832427,11.671772119651624,3.840148107887138,-6.539587467280611
3.34,8.700949800762234e-11,4.632053190700276,11.692221514848566,3.8688567385160613,-6.522591748355269
3.35,3.4409642703883385e-11,4.580600352771693,11.71243608165891,3.897486051800454,-6.5054601141566
3.36,-3.8768220634549556e-11,4.52906293415132,11.732414701891765,3.9260351203256074,-6.488192083005065
3.37,-1.3475496134367159e-10,4.477442217943795,11.752156257356242,3.9545030166768154,-6.470787173221126
3.38,-2.1484054330375973e-10,4.425726628966547,11.771680363568747,3.9829023542135973,-6.453266566910435
3.39,-2.473332375132049e-10,4.373906796272785,11.79100308176363,4.01124342506415,-6.435647732457713
3.4,-2.6949220530566373e-10,4.321995004283166,11.810105554368194,4.039513716574304,-6.417911653043924
3.41,-2.790356126196621e-10,4.2699911188001005,11.828988948560436,4.0677137938585775,-6.400060234876068
3.42,-2.7368162539372353e-10,4.217895005626009,11.847654431518347,4.095844222031487,-6.382095384161144
3.43,-2.5114840956637156e-10,4.165706530563299,11.866103170419919,4.123905566207549,-6.364019007106154
3.44,-2.0915413107613245e-10,4.113425559414391,11.884336332443146,4.151898391501281,-6.3458330099180955
3.45,-1.4541695586152653e-10,4.061051957981694,11.90235508476602,4.1798232630272,-6.327539298803968
3.46,-5.765504986108373e-11,4.008585592067626,11.920160594566532,4.207680745899823,-6.3091397799707725
3.47,5.50954840682645e-11,3.9560269650590434,11.93775324097875,4.235470791574713,-6.290635577394229
3.48,8.944544409445778e-11,3.9034270637247226,11.955071006503793,4.263144762525057,-6.271965878657816
3.49,1.2069401166255111e-10,3.8507504299268147,11.972158718131084,4.290737222267337,-6.253175927742998
3.5,1.476446078736353e-10,3.797998612235681,11.989015463165005,4.318247116294344,-6.234265566324419
3.5100000000000002,1.6910065382880618e-10,3.745173159221678,12.005640328909937,4.345673390098874,-6.215234636076717
3.52,1.8386557062915535e-10,3.692275619455169,12.022032402670263,4.373014989173717,-6.196082978674538
3.5300000000000002,1.9074277937577762e-10,3.639307541506508,12.038190771750363,4.400270859011671,-6.176810435792518
3.54,1.8853570116976584e-10,3.586270473946061,12.054114523454622,4.427439945105526,-6.157416849105303
3.5500000000000003,1.760477571122133e-10,3.5331659653441805,12.069802745087422,4.454521192948077,-6.137902060287533
3.56,1.5208236830421462e-10,3.479995564271232,12.085254523953147,4.481513548032117,-6.1182659110138475
3.5700000000000003,1.3498542374661412e-10,3.4267654061762807,12.100467571993926,4.508411835604799,-6.098506219335687
3.58,1.271116442392407e-10,3.373477873167252,12.115440726580328,4.535214252418931,-6.07862245919049
3.59,1.1577911255090258e-10,3.3201318180519093,12.130173883333315,4.56192216548415,-6.058615661560066
3.6,1.008451928853449e-10,3.2667290367751605,12.14466605538273,4.588534298084652,-6.038485558983211
3.61,8.216724944631512e-11,3.2132713252819176,12.158916255858415,4.615049373504625,-6.018231883998726
3.62,5.960264643755746e-11,3.1597604795170846,12.172923497890212,4.641466115028262,-5.997854369145407
3.63,3.300874806281994e-11,3.1061982954255734,12.186686794607963,4.667783245939752,-5.977352746962054
3.64,2.242918525846174e-12,3.0525865689522886,12.200205159141516,4.69399948952329,-5.956726749987461
3.65,-3.283747796961511e-11,2.9989270960421432,12.21347760462071,4.720113569063064,-5.935976110760429
3.66,-7.056102742619221e-11,2.945216128924614,12.22650784584096,4.746129759448642,-5.915105064539213
3.67,-9.787968689162697e-11,2.891415152981192,12.239329083615576,4.772087151898607,-5.894146084929611
3.68,-1.2498719811184567e-10,2.837556680221629,12.251914280555297,4.797953709916456,-5.8730739562520915
3.69,-1.5155759009564928e-10,2.7836410745338562,12.264263664327968,4.8237295908815,-5.851889574191529
3.7,-1.772648918518435e-10,2.7296686998057917,12.27637746260142,4.849414952173055,-5.830593834432795
3.71,-2.017831323892295e-10,2.6756399199253647,12.288255903043495,4.875009951170433,-5.809187632660768
3.72,-2.2478634071661266e-10,2.6215550987804948,12.299899213322028,4.900514745252947,-5.787671864560318
3.73,-2.459485458427944e-10,2.5674146002591107,12.31130762110486,4.925929491799911,-5.7660474258163195
3.74,-2.6494377677658e-10,2.5132187882491324,12.322481354059825,4.9512543481906395,-5.744315212113649
3.75,-2.8144606252677106e-10,2.458968026638488,12.333420639854763,4.976489471804446,-5.722476119137177
3.7600000000000002,-2.859818294692514e-10,2.404675386792147,12.344119848759767,5.001622859220757,-5.700524460182219
3.77,-2.7966537051290666e-10,2.3503392318420824,12.354580130673213,5.026656582502085,-5.678462167312077
3.7800000000000002,-2.653751564654259e-10,2.2959554741961647,12.364803765132804,5.051595059004595,-5.656292442049023
3.79,-2.423805572579966e-10,2.2415250398782334,12.374790720694865,5.076437908154843,-5.634015888895227
3.8000000000000003,-2.0995094282180352e-10,2.187048854912119,12.384540965915717,5.101184749379386,-5.6116331123528544
3.81,-1.673556830880358e-10,2.132527845321663,12.394054469351683,5.125835202104777,-5.589144716924076
3.8200000000000003,-1.1386414798787639e-10,2.0779629371306956,12.403331199559092,5.150388885757573,-5.566551307111056
3.83,-4.874570745251639e-11,2.023355056363056,12.412371125094264,5.174845419764329,-5.543853487415965
3.84,2.8730268586859716e-11,1.968705129042578,12.421174214513524,5.1992044235516,-5.521051862340971
3.85,1.0673856231082297e-10,1.9140171585758818,12.429736814305533,5.223462694938703,-5.4981433198222405
3.86,1.4861146275737874e-10,1.859301237154794,12.438048104482284,5.247611449026899,-5.47511739434868
3.87,1.8700206494746387e-10,1.8045504667481675,12.446117262482607,5.27165747900426,-5.451984139561126
3.88,2.2095331546762172e-10,1.7497661870235999,12.453943770005711,5.295600025033432,-5.42874366040273
3.89,2.4950816090440203e-10,1.6949497376486802,12.461527108750825,5.319438327277061,-5.4053960618166395
3.9,2.717095478443491e-10,1.6401024582910049,12.468866760417159,5.343171625897796,-5.381941448746007
3.91,2.866004228740116e-10,1.5852256886181628,12.475962206703933,5.366799161058285,-5.358379926133978
3.92,2.932237325799352e-10,1.5303207682977515,12.482812929310368,5.390320172921175,-5.334711598923705
3.93,2.9062242354866697e-10,1.475389036997359,12.489418409935679,5.413733901649114,-5.310936572058335
3.94,2.778394423667541e-10,1.4204318343845832,12.495778130279085,5.43703958740475,-5.2870549504810205
3.95,2.606970586139656e-10,1.3654459062697393,12.50190150315675,5.460241543193042,-5.263076222056667
3.96,2.3612754266179627e-10,1.31043402257316,12.507784918311314,5.48333742979657,-5.238997570447082
3.97,2.0228855134070334e-10,1.2553981228593274,12.513426560569709,5.506325824931992,-5.214817875310155
3.98,1.5879492792984997e-10,1.200339159262779,12.518826749409934,5.529206396701698,-5.190538033122637
3.99,1.0529625476960848e-10,1.1452580603778924,12.523985855199674,5.551978839202678,-5.166158988441869
4.0,4.147685326157583e-11,1.0901557312589023,12.528904299196325,5.5746428725265185,-5.141681733905795
4.01,-3.2944216131441735e-11,1.0350330534198864,12.533582553546962,5.597198242759406,-5.1171073102329485
4.0200000000000005,-1.1821315388542793e-10,0.9798908848347672,12.538021141288363,5.619644721982131,-5.092436806222462
4.03,-2.1454142141512703e-10,0.9247300599373313,12.542220636346999,5.641982108270069,-5.067671358754071
4.04,-3.0622211723998697e-10,0.8695504501932394,12.54617736502165,5.6642111387079215,-5.0428078471578495
4.05,-3.682088032628704e-10,0.8143513532010123,12.54988518638311,5.68633311122882,-5.017840676559998
4.0600000000000005,-4.214008378096481e-10,0.7591347625118098,12.553350453908108,5.708346706729785,-4.992776764274147
4.07,-4.6268351639788405e-10,0.7039012298930989,12.556573082540934,5.7302520104702195,-4.9676165755341914
4.08,-4.887084350536428e-10,0.648651271804778,12.559552984271772,5.752049145140683,-4.942360569721706
4.09,-4.958934903114699e-10,0.5933853693991967,12.562290068136674,5.77373827086287,-4.917009200365959
4.1,-4.804228792143966e-10,0.5381039685211516,12.56478424021759,5.795319585189622,-4.8915629151439
4.11,-4.382470993139352e-10,0.48280747970788007,12.567035403642329,5.816793323104934,-4.866022155880166
4.12,-3.650829486700959e-10,0.42749627818908104,12.569043458584611,5.838159757023929,-4.840387358547088
4.13,-2.564135258513654e-10,0.37217070388688495,12.570808302264014,5.8594191967928895,-4.814658953264677
4.14,-2.0010560982468673e-10,0.3168495610949778,12.572329868672197,5.880553701532198,-4.788837400509791
4.15,-1.447846798176367e-10,0.2615238529956971,12.573608029222443,5.901572816127875,-4.76292310056136
4.16,-8.407681581964522e-11,0.20619358270150526,12.574642671776186,5.922477190966734,-4.736916465530553
4.17,-1.927775353590719e-11,0.1508602966576703,12.575433684630697,5.943265953276253,-4.710817904766064
4.18,4.8143409997195514e-11,0.09552558730948693,12.575980953303752,5.963938187337137,-4.684627821923427
4.19,1.165442164121051e-10,0.04019109310226672,12.576284360533581,5.9844929344833195,-4.658346614964991
4.2,1.8410884601006324e-10,-0.015141501518642226,12.576343786278914,6.004929193101955,-4.6319746761599525
4.21,2.4884811776114776e-10,-0.07047046610788475,12.57615910771896,6.02524591863343,-4.605512392084323
4.22,3.0859948930424815e-10,-0.125794024220079,12.575730199253405,6.045442023571352,-4.578960143620948
4.23,3.62151673921745e-10,-0.1811168814277858,12.57505702842547,6.065522804090097,-4.552318467360372
4.24,4.078496422954804e-10,-0.23644212783248036,12.574139536936958,6.085491968322577,-4.525587855395861
4.25,4.421152957904722e-10,-0.2917626510775565,12.572977514470617,6.105343182742679,-4.498768543015865
4.26,4.622611969527477e-10,-0.3470774690941528,12.57157083868439,6.125076151237792,-4.471860912520256
4.2700000000000005,4.654369947611369e-10,-0.4023856144590977,12.569919385347822,6.144690594452316,-4.444865342015153
4.28,4.4862942462727206e-10,-0.4576861343948894,12.568023028342074,6.164186249787653,-4.417782205412938
4.29,4.0866230839559057e-10,-0.5129780907697254,12.56588163965992,6.183562871402222,-4.390611872432236
4.3,3.4219655434333127e-10,-0.5682605600974833,12.563495089405748,6.202820230211445,-4.36335470859793
4.3100000000000005,2.4573015718052617e-10,-0.6235326335377299,12.560863245795563,6.2219581138877595,-4.336011075241154
4.32,1.17649208451976e-10,-0.678793343297214,12.557986174714353,6.2409762540114295,-4.308581521568783
4.33,5.1979743858281813e-11,-0.7340382984371734,12.554873261499598,6.259870996129048,-4.281075564174324
4.34,-1.659319766042609e-11,-0.789268834613294,12.55151840203344,6.278644356339014,-4.253487809023603
4.3500000000000005,-8.59741828572072e-11,-0.8444838773253401,12.547922064996982,6.297295967382296,-4.225819185877007
4.36,-1.5383239007163578e-10,-0.8996823524260716,12.544084755936574,6.3158254646097065,-4.198070657600682
4.37,-2.176016092298375e-10,-0.9548631861212727,12.540007017263802,6.334232485981911,-4.170243220166514
4.38,-2.744802418444649e-10,-1.0100253049697336,12.535689428255504,6.352516672069424,-4.142337902652138
4.39,-3.214313010147039e-10,-1.065167635883255,12.531132605053758,6.370677666052612,-4.114355767240944
4.4,-3.551824114262752e-10,-1.1202891061266516,12.526337200665882,6.388715113721687,-4.086297909222062
4.41,-3.722258093514246e-10,-1.175388643317735,12.521303904964443,6.406628663476715,-4.058165456990383
4.42,-3.9007437623261536e-10,-1.2304677663325134,12.51602256725961,6.424420448747067,-4.029948933803236
4.43,-4.101723596643953e-10,-1.2855260644803204,12.510491176131268,6.4420907564613845,-4.001646820263965
4.44,-4.1804099200685726e-10,-1.3405612152533333,12.504715784911062,6.459638044053887,-3.9732654814425628
4.45,-4.117591950307835e-10,-1.3955724558493352,12.498695937147488,6.477062265628438,-3.9448049128209735
4.46,-3.8932612427889475e-10,-1.450559042787976,12.492431133617165,6.494363396073338,-3.916265065100918
4.47,-3.486611690658463e-10,-1.5055202519107524,12.485920832324858,6.511541431061318,-3.887645844203909
4.48,-2.8760395247822307e-10,-1.5604553783810167,12.479164448503461,6.528596387049546,-3.8589471112712364
4.49,-2.039143313745627e-10,-1.6153637366839582,12.472161354614004,6.5455283012796155,-3.830168682663985
4.5,-9.527239638532362e-11,-1.670244660626633,12.464910880345649,6.562337231777557,-3.8013103299630164
4.51,2.7441087431396792e-11,-1.7250945816377263,12.457416096965629,6.579020437991451,-3.7723754241334437
4.5200000000000005,7.819076479872476e-11,-1.7798933810805138,12.449701672797358,6.595559189651938,-3.7433881656588683
4.53,1.2587924067721924e-10,-1.834655022808154,12.441748169635277,6.611967640474067,-3.7143302902537987
4.54,1.692776947957012e-10,-1.8893780515972236,12.433556022314486,6.62824507706606,-3.6852026505414495
4.55,2.0715730688298704e-10,-1.9440610122242945,12.425125665670093,6.644390786036133,-3.6560060991450403
4.5600000000000005,2.382892566678955e-10,-1.998702449465943,12.416457534537198,6.660404053992506,-3.626741488687788
4.57,2.614447238792374e-10,-2.053300908098731,12.407552063750906,6.676284167543397,-3.5974096717929167
4.58,2.753948882458323e-10,-2.107854932899236,12.398409688146327,6.692030413297023,-3.5680115010836424
4.59,2.7891092949649643e-10,-2.1623630686440283,12.389030842558554,6.707642077861604,-3.5385478291831842
4.6000000000000005,2.707640273600449e-10,-2.2168238601096855,12.379415961822696,6.72311844784536,-3.509019508714759
4.61,2.6590448525198584e-10,-2.2712588822961095,12.369547491285797,6.738481589781892,-3.479409334212702
4.62,2.601553516196166e-10,-2.3256624834533426,12.359429143795628,6.7537266393617355,-3.4497214488132246
4.63,2.46900859976522e-10,-2.38002554029281,12.349067343906308,6.768845298466321,-3.4199627176996503
4.64,2.256164694771892e-10,-2.4343476000997955,12.3384617433681,6.783837845317077,-3.390133207424164
4.65,1.9577763927610212e-10,-2.488628210159589,12.327611993931283,6.798704558135432,-3.36023298453895
4.66,1.5685982852775322e-10,-2.542866917757466,12.316517747346133,6.813445715142812,-3.330262115596198
4.67,1.0833849638662728e-10,-2.5970632701787157,12.30517865536292,6.828061594560646,-3.3002206671480927
4.68,4.968910200721146e-11,-2.651216814708623,12.29359436973192,6.842552474610362,-3.2701087057468192
4.69,-1.9612895456013842e-11,-2.7053270986324787,12.281764542203407,6.856918633513389,-3.239926297944561
4.7,-8.93965781250978e-11,-2.7593808300125415,12.269700785739893,6.871147985439098,-3.2096849064502453
4.71,-1.3040177535753404e-10,-2.8133418014682063,12.2574360616733,6.885206377199025,-3.1794163338312376
4.72,-1.6889789005257673e-10,-2.867240465366435,12.244941230117462,6.899123848320104,-3.1490932151390574
4.73,-2.040316056488721e-10,-2.9210747149616805,12.232217483742524,6.912899084207491,-3.118717085051695
4.74,-2.34949605585057e-10,-2.9748424435083822,12.219266015218635,6.92653077026634,-3.08828947824715
4.75,-2.6079857329977805e-10,-3.028541544260995,12.206088017215938,6.940017591901805,-3.05781192940341
4.76,-2.8072519223167834e-10,-3.0821699104739677,12.192684682404577,6.953358234519041,-3.0272859731984703
4.7700000000000005,-2.938761458194021e-10,-3.1357254354017545,12.179057203454699,6.966551383523205,-2.9967131443103185
4.78,-2.9939811750159006e-10,-3.1892060122987944,12.165206773036447,6.9795957243194495,-2.966094977416954
4.79,-2.964377907168869e-10,-3.2426095344195427,12.15113458381997,6.99248994231293,-2.9354330071963677
4.8,-2.858033776703259e-10,-3.295995735274437,12.136776864149002,7.005293582111992,-2.9046645769341524
4.8100000000000005,-2.6594557998851786e-10,-3.3493366044475943,12.12216201897585,7.01797983639523,-2.873818109823565
4.82,-2.3573337248422003e-10,-3.402619699186722,12.107302099135854,7.030537218534647,-2.8429058695192757
4.83,-1.9437457414604007e-10,-3.4558451881435683,12.092195906952448,7.0429666532350925,-2.8119270287924842
4.84,-1.410770039625869e-10,-3.509013239969877,12.076842244749063,7.055269065201416,-2.780880760414391
4.8500000000000005,-7.5048480922463e-11,-3.5621240233173976,12.061239914849132,7.067445379138466,-2.7497662371561957
4.86,4.50317598571089e-12,-3.6151777068378634,12.045387719576093,7.079496519751089,-2.718582631789104
4.87,9.837014777333106e-11,-3.668174459183023,12.029284461253376,7.091423411744135,-2.687329117084316
4.88,2.0734461545178856e-10,-3.7211144490046206,12.012928942204415,7.103226979822452,-2.6560048658130313
4.89,2.965190326632944e-10,-3.7739816705001625,11.9963554536039,7.114892240514179,-2.6246434495911384
4.9,3.188310664228877e-10,-3.8267546109052204,11.979610369615571,7.126398794045769,-2.5932901519059546
4.91,3.2497834569932493e-10,-3.879456049503135,11.962642881903339,7.137769803518363,-2.5618960586137547
4.92,3.126396451551776e-10,-3.9320847443564957,11.945454887806283,7.1490048062699625,-2.5304633424409007
4.93,2.794937394530148e-10,-3.9846394535278824,11.928048284663486,7.16010333963856,-2.498994176113756
4.94,2.2321940325539918e-10,-4.0371189350798815,11.910424969814024,7.1710649409621565,-2.467490732358683
4.95,1.4149541122490947e-10,-4.089521947075068,11.892586840596985,7.1818891475787465,-2.435955183902051
4.96,3.200053802411081e-11,-4.141847247576026,11.874535794351447,7.192575496826326,-2.4043897034702204
4.97,-1.0758644168442805e-10,-4.194093594645339,11.856273728416493,7.2031235260428925,-2.3727964637895576
4.98,-1.6559353709134404e-10,-4.246241505727077,11.837734471638068,7.2135156992786245,-2.3411097790014948
4.99,-1.99904095768629e-10,-4.298298629653896,11.818953099030768,7.22375987566589,-2.309364897195286
5.0,-2.233477964451764e-10,-4.350265405998003,11.799937782821004,7.233857166442042,-2.277570246634254
5.01,-2.3375837329034245e-10,-4.402139874756313,11.780687740743117,7.243806436832903,-2.2457253287033376
5.0200000000000005,-2.2896956047348218e-10,-4.4539200759257485,11.761202190531453,7.253606552064297,-2.2138296447874724
5.03,-2.0681509216395252e-10,-4.505604049503218,11.741480349920362,7.263256377362045,-2.1818826962716016
5.04,-1.6512870253110984e-10,-4.557189835485646,11.721521436644188,7.272754777951971,-2.1498839845406628
5.05,-1.0174412574431047e-10,-4.608675473869948,11.701324668437277,7.282100619059898,-2.117833010979593
5.0600000000000005,-4.542112816220038e-11,-4.6600721599383,11.68091005582099,7.2913058302982625,-2.0857493709861616
5.07,-3.69479254541061e-11,-4.711396205622851,11.660305696515948,7.300387422575126,-2.053660475374404
5.08,-3.2732815400784506e-11,-4.762628029408995,11.63948295630735,7.309326761363571,-2.021538909588494
5.09,-3.389932400728708e-11,-4.813767070702076,11.618443264785903,7.318124101628401,-1.9893863125368325
5.1000000000000005,-4.157097727866614e-11,-4.864812768907444,11.597188051542307,7.326779698334418,-1.9572043231278151
5.11,-5.68713012199719e-11,-4.915764563430433,11.575718746167277,7.335293806446424,-1.924994580269848
5.12,-8.092382183625604e-11,-4.9666218936763915,11.554036778251511,7.343666680929224,-1.8927587228713272
5.13,-1.1485206513257001e-10,-5.017384199050665,11.532143577385716,7.351898576747616,-1.8604983898406529
5.14,-1.5977955711396518e-10,-5.068050918958593,11.510040573160598,7.359989748866406,-1.8282152200862245
5.15,-1.4580501196696285e-10,-5.118634241076426,11.487644677702885,7.367952779586672,-1.795828093333653
5.16,-1.0842156650869546e-10,-5.169127435794782,11.464998219442291,7.375781958552938,-1.7633786964806377
5.17,-5.4972189724498045e-11,-5.219528826188787,11.44211002892609,7.383476461259846,-1.7308759154244149
5.18,1.6355594456523563e-11,-5.269838378647932,11.418978041987758,7.391037052255878,-1.6983179679994487
5.19,1.0737426210527209e-10,-5.3200560595617095,11.395600194460775,7.398464496089515,-1.6657030720402006
5.2,2.198962892926253e-10,-5.370181835319603,11.37197442217862,7.405759557309237,-1.6330294453811405
5.21,3.5573415208948434e-10,-5.420215672311105,11.348098660974765,7.412923000463526,-1.6002953058567302
5.22,5.167003265667431e-10,-5.470157536925708,11.32397084668269,7.419955590100865,-1.5674988713014337
5.23,6.506006784686647e-10,-5.5199809159870385,11.299664375228515,7.4268321796373185,-1.5347118486896105
5.24,6.851898516006741e-10,-5.5696494651582515,11.27528065886926,7.433518002372755,-1.502033229564042
5.25,6.939852954408072e-10,-5.619198307943033,11.250717444518857,7.440048225256575,-1.469363659688099
5.26,6.730878029067209e-10,-5.668624610279419,11.225980648592003,7.446420872502743,-1.4367091290315426
5.2700000000000005,6.18598166916066e-10,-5.717925538105456,11.20107618750339,7.452633968325222,-1.4040756275641284
5.28,5.26617180386509e-10,-5.767098257359174,11.176009977667713,7.458685536937975,-1.3714691452556222
5.29,4.496483175442509e-10,-5.816174600905914,11.150681061507473,7.4646077459683875,-1.3387902833467036
5.3,4.051493787804179e-10,-5.865164861396986,11.125054887349739,7.470411548113941,-1.3060051261178587
5.3100000000000005,3.6278233842950253e-10,-5.91404995461033,11.099187468909982,7.476078962826193,-1.2731690646209226
5.32,3.248532026617105e-10,-5.962830860410402,11.073072964723714,7.481611770650484,-1.2402764943495976
5.33,2.936679776472364e-10,-6.011508558661668,11.046705533326438,7.487011752132149,-1.2073218107975774
5.34,2.7153266955627814e-10,-6.060084029228596,11.02007933325366,7.492280687816531,-1.1742994094585582
5.3500000000000005,2.2099048900460514e-10,-6.108534556235471,10.993270866578285,7.49739695236039,-1.1412848851989024
5.36,1.5093651775607128e-10,-6.156865046157576,10.966260646723985,7.502366204888706,-1.108259177999508
5.37,6.849132650249246e-11,-6.205079347990389,10.939032861894233,7.507193059981976,-1.075206851559967
5.38,-2.7782363435796966e-11,-6.253176210872293,10.911589422476785,7.511877094746197,-1.0421299455141142
5.39,-1.3932183073846262e-10,-6.301154383941668,10.883932238859398,7.516417886287363,-1.0090304994957853
5.4,-2.1653186046821829e-10,-6.3490033865419075,10.856071381685991,7.5208061065321274,-0.9759184230767324
5.41,-2.3492803436725447e-10,-6.396717279583722,10.82801290630517,7.525036809245687,-0.9427997533859444
5.42,-2.1696823642432077e-10,-6.444298614016137,10.799755361843799,7.52911323963346,-0.9096732883802932
5.43,-1.5607253418538548e-10,-6.491744688975588,10.7713019406669,7.533033575796654,-0.8765423040618462
5.44,-4.566099519640453e-11,-6.539052803598511,10.742655835139487,7.536795995836472,-0.8434100764326676
5.45,7.249306463787235e-11,-6.586229086331968,10.713806960126288,7.54040739068509,-0.8102666867553214
5.46,1.1327573871447532e-10,-6.633287579621616,10.684733329436236,7.543882460868733,-0.7770903894177674
5.47,1.3449688636395215e-10,-6.680216228011302,10.65545220285262,7.547210153305417,-0.7438984401558704
5.48,1.292187706725885e-10,-6.727014798965982,10.625963060872794,7.550391081861731,-0.7106904262406963
5.49,9.050365472667222e-11,-6.773683059950602,10.596265383994115,7.553425860404255,-0.67746593494332
5.5,2.2719068526442565e-11,-6.820221629700713,10.56635940585969,7.5563159141000895,-0.6442252667983526
5.51,1.5807137047452518e-12,-6.866636499368182,10.536250113257541,7.5590677882792505,-0.6109732237865163
5.5200000000000005,-2.0974349530100308e-11,-6.9129243397484075,10.505934246964511,7.561679145538039,-0.5777067985379744
5.53,-4.3573162283426097e-11,-6.959085544089964,10.47541184112833,7.5641511961439765,-0.5444261026560783
5.54,-6.48427656605701e-11,-7.005120505641438,10.444682929896718,7.566485150364585,-0.511131247744172
5.55,-8.341020076686839e-11,-7.051029617651412,10.413747547417401,7.568682218467388,-0.4778223454056017
5.5600000000000005,-8.058552463351646e-11,-7.096793453881457,10.382616937418772,7.57072409490459,-0.44451037244140884
5.57,-6.15055848633742e-11,-7.142419858128397,10.35128692013921,7.572619326335593,-0.4111913560061591
5.58,-2.417840896723789e-11,-7.187908515172653,10.319757930424547,7.574368425414817,-0.377865796090981
5.59,3.436834357710791e-11,-7.2332579877521805,10.28803103772966,7.57597079994601,-0.3445348077994555
5.6000000000000005,1.1710701329188707e-10,-7.278466838604936,10.256107311509414,7.577425857732921,-0.31119950623516024
5.61,1.7241071670315933e-10,-7.323531330481394,10.223986056222602,7.578730813999313,-0.2778591568534547
5.62,1.904820708344027e-10,-7.3684494881960445,10.191667928524959,7.579884563746037,-0.24451444216025683
5.63,1.7428423425910442e-10,-7.4132198741000535,10.159153997574544,7.580886514408118,-0.21116647694809293
5.64,1.098410396185131e-10,-7.45784033697698,10.126444784942063,7.581735393175983,-0.17781580215894807
5.65,-1.851219072706899e-11,-7.502308654482044,10.093540757614772,7.582429859433345,-0.14446290153344105
5.66,-1.4261729009531956e-10,-7.546631465748473,10.060440419305728,7.582977280963268,-0.11110623474208266
5.67,-2.026144790067227e-10,-7.590814119408034,10.027142830344449,7.583383749285883,-0.07774483887831961
5.68,-2.5616893270938744e-10,-7.634849715682643,9.99364964945215,7.583643322527579,-0.044380428370579
5.69,-2.996591723845357e-10,-7.678737858645673,9.95996107814803,7.583756450798526,-0.011013215106216194
5.7,-3.294637192133781e-10,-7.722478152370481,9.926077317951293,7.5837235842088875,0.022356589027404512
5.71,-3.419610943771377e-10,-7.766070200930438,9.891998570381148,7.583545172868831,0.05572877214292782
5.72,-3.3352981905703293e-10,-7.80951360839891,9.85772503695679,7.583221666888525,0.08910312235299538
5.73,-3.0054841443427834e-10,-7.852807978849267,9.82325691919742,7.582753516378133,0.12247942777025181
5.74,-2.393954016900982e-10,-7.895952916354867,9.788594418622248,7.582141171447823,0.15585747650733286
5.75,-1.4644930200570927e-10,-7.938948024989082,9.753737736750471,7.581385082207762,0.18923705667688323
5.76,-2.7459230880339965e-11,-7.981792122545069,9.718688562212083,7.580484909315711,0.22261652537343912
5.7700000000000005,-9.542243295623054e-13,-8.024474563529417,9.683466481779982,7.579430811963836,0.2559770166528822
5.78,2.5750915752819444e-11,-8.067002425291715,9.64805756258519,7.578230743688985,0.28933191987772705
5.79,5.193061359769611e-11,-8.10937494714693,9.612462696023293,7.576884788371326,0.3226803593058394
5.8,7.68592934359562e-11,-8.15159136841003,9.576682773489885,7.575393029891038,0.356021459195082
5.8100000000000005,9.981137949849012e-11,-8.193650928395986,9.540718686380552,7.573755552128288,0.3893543438033203
5.82,1.2006129601618226e-10,-8.235552866419754,9.504571326090895,7.571972438963254,0.422678137388411
5.83,1.3688346721992322e-10,-8.277296421796308,9.468241584016495,7.570043774276103,0.4559919642082198
5.84,1.4955231734060155e-10,-8.318880833840616,9.431730351552952,7.567969641947012,0.48929494852060934
5.8500000000000005,1.569548860734311e-10,-8.360304663588884,9.39503766436224,7.5657494546179835,0.5225872442298362
5.86,1.56504718115659e-10,-8.401563892107642,9.358160303151454,7.563380071741646,0.5558729217072939
5.87,1.4893429009514658e-10,-8.442660311642797,9.321102380158328,7.56086410362948,0.5891472297892701
5.88,1.3344338135389595e-10,-8.483593030812203,9.283864621887668,7.5582015048211835,0.6224094911355602
5.89,1.0923177123390915e-10,-8.524361158233708,9.246447754844276,7.55539222985646,0.655659028405959
5.9,7.54992390771849e-11,-8.56496380252516,9.208852505532962,7.552436233275011,0.6888951642602646
5.91,3.1445564225731305e-11,-8.605400072304404,9.171079600458533,7.549333469616537,0.7221172213582662
5.92,-2.3729473978452128e-11,-8.645669076189293,9.133129766125796,7.5460838934207395,0.7553245223597614
5.93,-9.082609619336325e-11,-8.68576992279767,9.095003729039556,7.54268745922732,0.7885163899245453
5.94,-1.526519321602653e-10,-8.725702299278948,9.056701850580033,7.539144685626813,0.821692777101524
5.95,-1.659001286778422e-10,-8.7654667324644,9.018223962184905,7.535456909874282,0.8548545518876237
5.96,-1.6924591784676173e-10,-8.805061113143417,8.979571558958543,7.531622899163371,0.887999709952284
5.97,-1.611089185215377e-10,-8.844484626479419,8.940745319096083,7.527642682663417,0.921127657362156
5.98,-1.3990874955668072e-10,-8.883736457635843,8.901745920792647,7.52351628954375,0.9542378001838943
5.99,-1.0406502980670808e-10,-8.922815791776102,8.862574042243377,7.519243748973705,0.987329544484144
6.0,-5.1997378126132015e-11,-8.96172181406363,8.823230361643397,7.514825090122614,1.02040229632956
6.01,1.787458663053405e-11,-9.000453709661851,8.783715557187836,7.51026034215981,1.0534554617867933
6.0200000000000005,1.0713124560878542e-10,-9.0390106637342,8.744030307071826,7.5055495342546275,1.0864884469224987
6.03,1.9200236955081603e-10,-9.07739248811305,8.704174382707583,7.500693262441769,1.1195020148202213
6.04,2.4060336853762537e-10,-9.115599195218385,8.664147265259327,7.4956923042012775,1.1524973629248327
6.05,2.883339717528572e-10,-9.153629134196853,8.623950842629041,7.490545932467547,1.1854720869549855
6.0600000000000005,3.3434145128554197e-10,-9.191481550358521,8.58358570598035,7.4852542308166985,1.2184257232215392
6.07,3.7777307922469767e-10,-9.229155689013444,8.543052446476892,7.479817282824853,1.2513578080353447
6.08,4.177761276593549e-10,-9.266650795471685,8.502351655282284,7.474235172068131,1.284267877707262
6.09,4.534978686785399e-10,-9.303966115043306,8.461483923560156,7.4685079821226505,1.3171554685481481
6.1000000000000005,4.840855743712816e-10,-9.341100893038373,8.420449842474131,7.462635796564534,1.3500201168688624
6.11,5.086865168266006e-10,-9.378054374766942,8.379250003187845,7.456618698969901,1.3828613589802559
6.12,5.264479681335265e-10,-9.414825805539074,8.337884996864922,7.450456772914873,1.4156787311931884
6.13,5.365172003810857e-10,-9.451414430664835,8.296355414668987,7.444150101975568,1.4484717698185166
6.140000000000001,5.380414856583039e-10,-9.48781949545429,8.254661847763666,7.437698769728109,1.4812400111671005
6.15,5.301680960542073e-10,-9.524040245217488,8.21280488731259,7.431102859748614,1.5139829915497907
6.16,5.120443036578228e-10,-9.560075925264503,8.170785124479387,7.424362455613204,1.5467002472774474
6.17,4.828173805581768e-10,-9.595925780905388,8.12860315042768,7.417477640898001,1.579391314660927
6.18,4.416345988442955e-10,-9.63158905745021,8.086259556321098,7.4104484991791235,1.612055730011087
6.19,3.8764323060519996e-10,-9.667065000209034,8.043754933323266,7.403275114032691,1.6446930296387863
6.2,3.1999054792992594e-10,-9.702352854491913,8.001089872597815,7.395957569034826,1.6773027498548763
6.21,2.8525698987435094e-10,-9.737455562549666,7.958284610799915,7.388499239211629,1.7098667491430246
6.22,2.8375692562195717e-10,-9.7723724606559,7.915340222472177,7.380900289125626,1.7423841288496487
6.23,2.825014186088203e-10,-9.80710028942476,7.872243988859119,7.37315857237906,1.7748664021022456
6.24,2.8164143885815283e-10,-9.841638372394518,7.828996916827995,7.36527424219597,1.8073127311443253
6.25,2.813279563931667e-10,-9.875986033103446,7.785600013246051,7.357247451800403,1.8397222782194065
6.26,2.8171194123707426e-10,-9.91014259508982,7.742054284980535,7.349078354416399,1.8720942055710055
6.2700000000000005,2.8294436341308787e-10,-9.944107381891914,7.698360738898691,7.340767103268001,1.904427675442641
6.28,2.851761929444194e-10,-9.977879717047994,7.654520381867775,7.332313851579255,1.936721850077823
6.29,2.885583998542813e-10,-10.011458924096337,7.610534220755034,7.323718752574202,1.9689758917200708
6.3,2.9324195416588563e-10,-10.044844326575214,7.566403262427715,7.314981959476885,2.0011889626129
6.3100000000000005,2.993778259024454e-10,-10.078035248022903,7.522128513753063,7.306103625511346,2.0333602249998295
6.32,3.071169850871716e-10,-10.111031011977673,7.4777109815983325,7.29708390390163,2.06548884112437
6.33,3.1661040174327697e-10,-10.143830941977793,7.43315167283077,7.28792294787178,2.09757397323004
6.34,3.2800904589397366e-10,-10.17643436156154,7.388451594317625,7.278620910645838,2.1296147835603554
6.3500000000000005,3.4146388756247527e-10,-10.20884059426719,7.34361175292614,7.269177945447847,2.1616104343588356
6.36,3.571258967719916e-10,-10.241048963633009,7.298633155523572,7.25959420550185,2.193560087868989
6.37,3.641607218432535e-10,-10.273060701465479,7.253509502568826,7.249871108039194,2.225472982087051
6.38,3.615490846736149e-10,-10.30487533458752,7.208241022589571,7.240008940936528,2.257349352609784
6.390000000000001,3.5771520323641053e-10,-10.336490749385502,7.1628342250436425,7.230006905470728,2.289180773445902
6.4,3.525962565636106e-10,-10.367906306535486,7.117289974604529,7.219865179465335,2.3209666029283174
6.41,3.461294236871844e-10,-10.399121366713532,7.071609135945706,7.2095839407438875,2.3527061993899503
6.42,3.382518836391017e-10,-10.430135290595702,7.025792573740656,7.199163367129925,2.384398921163718
6.43,3.2890081545133185e-10,-10.460947438858057,6.979841152662858,7.1886036364469845,2.41604412658254
6.44,3.180133981558437e-10,-10.49155717217666,6.93375573738579,7.177904926518607,2.447641173979335
6.45,3.0552681078460866e-10,-10.521963851227566,6.887537192582942,7.16706741516833,2.4791894216870154
6.46,2.9137823236959546e-10,-10.552166836686842,6.8411863829277895,7.156091280219692,2.510688228038502
6.47,2.755048419427737e-10,-10.582165489230547,6.794704173093814,7.144976699496232,2.5421369513667122
6.48,2.578438185361114e-10,-10.611959169534744,6.748091427754492,7.133723850821489,2.573534950004568
6.49,2.383323411815813e-10,-10.64154723827549,6.701349011583313,7.122332912019002,2.6048815822849787
6.5,2.1690758891115142e-10,-10.670929056128845,6.654477789253753,7.110804060912309,2.636176206540867
6.51,1.9536367313608667e-10,-10.700104549723696,6.607478289860583,7.099137859739867,2.6674190428818005
6.5200000000000005,1.8727590832448748e-10,-10.729077236344773,6.560348913438312,7.087337309638963,2.698615778910846
6.53,1.8046013067878307e-10,-10.757842782345039,6.513092715189625,7.075400079119893,2.7297601476132516
6.54,1.7506338528146144e-10,-10.786400612363188,6.465710521861699,7.063326389451851,2.7608516047178724
6.55,1.7123271721501146e-10,-10.814750151037922,6.418203160201713,7.0511164619040265,2.7918896059535574
6.5600000000000005,1.691151715619218e-10,-10.842890823007926,6.37057145695684,7.038770517745612,2.8228736070491625
6.57,1.6885779340468176e-10,-10.870822052911894,6.322816238874268,7.026288778245801,2.8538030637335314
6.58,1.7060762782577986e-10,-10.898543265388522,6.274938332701171,7.013671464673786,2.884677431735519
6.59,1.7451171990770498e-10,-10.926053885076502,6.226938565184729,7.000918798298758,2.915496166783975
6.6000000000000005,1.807171147329466e-10,-10.953353336614533,6.178817763072114,6.988031000389907,2.9462587246077545
6.61,1.893708573839924e-10,-10.980441044641301,6.130576753110516,6.9750082922164305,2.976964560935702
6.62,2.0061999294333163e-10,-11.0073164337955,6.082216362047107,6.961850895047518,3.007613131496671
6.63,2.1461156649345328e-10,-11.033978928715829,6.033737416629067,6.948559030152361,3.0382038920195122
6.640000000000001,2.3149262311684776e-10,-11.06042795404098,5.98514074360357,6.935132918800152,3.0687362982330804
6.65,2.5141020789600073e-10,-11.08666293440964,5.9364271697178035,6.921572782260083,3.0992098058662205
6.66,2.5755997505981486e-10,-11.112681707739199,5.8875981911672906,6.9078764410359375,3.129625637351231
6.67,2.554683052295229e-10,-11.138484202196725,5.838654422257217,6.8940448782531325,3.159982687773254
6.68,2.5159118890251417e-10,-11.164070432964676,5.7895964405803895,6.880079208694442,3.1902797553318747
6.69,2.457491642212272e-10,-11.189439794119327,5.740425085778473,6.865979607387036,3.220516329785068
6.7,2.377627693281024e-10,-11.214591679736946,5.691141197493145,6.851746249358088,3.2506919008908
6.71,2.2745254236557837e-10,-11.239525483893814,5.64174561536607,6.837379309634771,3.280805958407046
6.72,2.1463902147609442e-10,-11.2642406006662,5.592239179038914,6.822878963244253,3.3108579920917784
6.73,1.9914274480208825e-10,-11.28873642413038,5.542622728153342,6.808245385213704,3.340847491702971
6.74,1.807842504860018e-10,-11.313012348362628,5.492897102351031,6.7934787505703005,3.3707739469985922
6.75,1.59384076670273e-10,-11.337067767439217,5.443063141273645,6.778579234341209,3.4006368477366165
6.76,1.3476276149734112e-10,-11.360902075436421,5.393121684562852,6.763547011553606,3.430435683675016
6.7700000000000005,1.0674084310964267e-10,-11.384514666430515,5.343073571860316,6.748382257234657,3.460169944571765
6.78,7.513885964962184e-11,-11.407904934497772,5.292919642807714,6.733085146411539,3.489839120184831
6.79,3.977734925971553e-11,-11.431072273714465,5.242660737046711,6.71765585411142,3.519442700272189
6.8,6.1603978690743906e-12,-11.454017314704828,5.192298342956914,6.7020952320259655,3.548980834324909
6.8100000000000005,-1.3865182098045756e-11,-11.47674206805605,5.1418346728965965,6.686404886990982,3.5784544080831
6.82,-3.364711528501182e-11,-11.499243062875376,5.091269063440688,6.670583426263613,3.607861382763207
6.83,-5.307554477272139e-11,-11.521519756185066,5.040602387254598,6.654631059316371,3.6372012817066595
6.84,-7.204061364207026e-11,-11.543571605007386,4.989835517003747,6.638547995621769,3.6664736282548858
6.8500000000000005,-9.043246497395584e-11,-11.565398066364605,4.938969325353553,6.62233444465232,3.6956779457493147
6.86,-1.0814124184927063e-10,-11.586998597278976,4.888004684969441,6.605990615880536,3.72481375753137
6.87,-1.2505708734891213e-10,-11.608372654772767,4.8369424685168285,6.589516718778932,3.7538805869424796
6.88,-1.410701445537761e-10,-11.629519695868247,4.785783548661132,6.57291296282002,3.782877957324073
6.890000000000001,-1.5607055654475964e-10,-11.650439177587677,4.734528798067769,6.55617955747631,3.8118053920175794
6.9,-1.699484664027559e-10,-11.671130556953315,4.6831790894021665,6.539316712220317,3.8406624143644206
6.91,-1.82594017208662e-10,-11.691593290987432,4.63173529532974,6.522324636524554,3.8694485477060283
6.92,-1.9389735204337375e-10,-11.711826836712289,4.58019828851591,6.505203539861533,3.8981633153838278
6.93,-2.0374861398778697e-10,-11.731830651150151,4.528568941626094,6.4879536317037685,3.926806240739248
6.94,-2.1203794612279818e-10,-11.751604191323281,4.476848127325708,6.470575121523767,3.955376847113719
6.95,-2.1865549152930156e-10,-11.771146914253942,4.425036718280179,6.45306821879405,3.9838746578486623
6.96,-2.2349139328819383e-10,-11.790458276964399,4.373135587154924,6.435433132987125,4.012299196285508
6.97,-2.2643579448037075e-10,-11.809537736476914,4.321145606615361,6.417670073575506,4.0406499857656835
6.98,-2.273788381867281e-10,-11.828384749813756,4.269067649326906,6.399779250031704,4.0689265496306195
6.99,-2.2621066748816148e-10,-11.84699877399718,4.216902587954986,6.381760871828235,4.097128411221738
7.0,-2.228214254655669e-10,-11.865379266049457,4.164651295165017,6.363615148437609,4.12525509388047
7.01,-2.1710125519984018e-10,-11.883525682992849,4.112314643622419,6.345342289332341,4.1533061209482405
7.0200000000000005,-2.089402997718762e-10,-11.901437481849621,4.059893505992605,6.32694250398494,4.181281015766481
7.03,-1.9822870226257226e-10,-11.919114119642034,4.007388754941004,6.308416001867924,4.209179301676615
7.04,-1.8485660575282358e-10,-11.936555053392352,3.954801263133032,6.289762992453801,4.23700050202007
7.05,-1.6871415332352584e-10,-11.95375974012284,3.902131903234108,6.270983685215087,4.264744140138275
7.0600000000000005,-1.496914880555731e-10,-11.970727636855761,3.8493815479096467,6.252078289624292,4.292409739372659
7.07,-1.2767875302986454e-10,-11.98745820061338,3.796551069825077,6.2330470151539314,4.319996823064647
7.08,-1.0256609132729438e-10,-12.003950888417961,3.7436413416458123,6.2138900712765155,4.347504914555667
7.09,-6.920305373442866e-11,-12.020303437225806,3.690778865052312,6.194703764223095,4.374810097224679
7.1000000000000005,-2.4908585706011466e-11,-12.036565436487741,3.638028595858629,6.175537322260597,4.401848927896501
7.11,2.4211186348535074e-11,-12.05261514587543,3.5852364829003234,6.1562724497704515,4.428773154235399
7.12,7.832092550061248e-11,-12.068453091004809,3.5324047648019143,6.1369104010812645,4.45558095742518
7.13,1.3435119049473989e-10,-12.08406945684717,3.4795228247910783,6.117441871710789,4.482283787388863
7.140000000000001,1.7267943294641777e-10,-12.099401501881218,3.426514248353762,6.097803514044718,4.508961007400297
7.15,2.053368604853194e-10,-12.114487693516995,3.3734284430132373,6.078035324699118,4.535562113112676
7.16,2.3166928668323255e-10,-12.129325939201438,3.32026439250976,6.058135884595642,4.562088645249073
7.17,2.5102252511194127e-10,-12.143914146381478,3.26702108058359,6.038103774655952,4.588542144532552
7.18,2.627423893432297e-10,-12.158250222504055,3.2136974909749894,6.017937575801707,4.614924151686179
7.19,2.6617469294888196e-10,-12.172332075016104,3.1602926074242124,5.997635868954558,4.641236207433025
7.2,2.606652495006814e-10,-12.186157611364555,3.1068054136715304,5.97719723503617,4.6674798524961485
7.21,2.455598725704128e-10,-12.199724738996348,3.0532348934571987,5.9566202549681995,4.693656627598621
7.22,2.2785255643047717e-10,-12.213067989191462,2.999598569969029,5.935939913385389,4.719749090804631
7.23,2.0777459155486026e-10,-12.226189509563152,2.945897573373102,5.915159005891074,4.74575658509812
7.24,1.8139904455370638e-10,-12.23907153578712,2.8921229541608535,5.8942605358276134,4.771688774106354
7.25,1.4867385971192677e-10,-12.25171485865414,2.838275155657662,5.873245950130763,4.797545704073861
7.26,1.0954698131443421e-10,-12.264120268954981,2.7843546211889127,5.85211669573628,4.823327421245167
7.2700000000000005,6.396635364613712e-11,-12.276288557480427,2.730361794079985,5.830874219579919,4.8490339718648015
7.28,1.1879920991956353e-11,-12.288220515021246,2.676297117656273,5.80951996859744,4.8746654021772855
7.29,-4.6764372363199076e-11,-12.299916932368214,2.6221610352431557,5.788055389724603,4.90022175842715
7.3,-1.0970051238519745e-10,-12.311376499009835,2.567958360283961,5.766479854184747,4.9256988315709425
7.3100000000000005,-1.4613608333542093e-10,-12.322572045595452,2.5137476853371155,5.744767189273522,4.951040046559338
7.32,-1.7770212906487448e-10,-12.333523924008372,2.459488772155241,5.722938164802333,4.976285062253666
7.33,-2.0324651831167495e-10,-12.344231833458393,2.4051843342452397,5.70099314941934,5.001431714368612
7.34,-2.216171198139358e-10,-12.35469547315532,2.3508370851140175,5.6789325117727065,5.026477838618857
7.3500000000000005,-2.3166180230977102e-10,-12.364914542308957,2.2964497382684765,5.656756620510593,5.0514212707190875
7.36,-2.3222843453729216e-10,-12.374888740129098,2.242025007215534,5.6344658442811655,5.0762598463839765
7.37,-2.2216488523461402e-10,-12.384617765825547,2.1875656054620913,5.612060551732585,5.100991401328212
7.38,-2.0031902313985e-10,-12.394101318608106,2.1330742465150547,5.589541111513014,5.125613771266475
7.390000000000001,-1.7789928715391762e-10,-12.403347067834686,2.07853336475763,5.566915408001441,5.150145290357421
7.4,-1.5818781967057688e-10,-12.412357571953565,2.0239383986938124,5.544186506065281,5.174591147998355
7.41,-1.3194308992176862e-10,-12.421127314095404,1.969305333542983,5.521349855667842,5.198935764656902
7.42,-9.887676603597807e-11,-12.429656550451522,1.914635465636751,5.498406350682548,5.223178408549899
7.43,-5.870051614169055e-11,-12.437945537213224,1.8599300913067263,5.475356884982825,5.247318347894183
7.44,-1.1126008367386622e-11,-12.445994530571834,1.8051905068845138,5.452202352442095,5.271354850906597
7.45,4.41350891584399e-11,-12.453803786718664,1.750418008701734,5.428943646933789,5.295287185803971
7.46,1.0737110830730779e-10,-12.461373561845026,1.6956138930899913,5.405581662331326,5.319114620803148
7.47,1.7887038095073176e-10,-12.46870411214224,1.6407794563808962,5.382117292508135,5.342836424120964
7.48,2.1284607513752396e-10,-12.475794304537299,1.5859046583541165,5.358549005615047,5.366463828861067
7.49,2.4012233044921804e-10,-12.482645315941156,1.5309983085162937,5.334879303146438,5.389988173643246
7.5,2.59554288487211e-10,-12.489257359331386,1.4760613505701,5.311109003522456,5.413409098857937
7.51,2.698194895975239e-10,-12.495630642330509,1.4210946845203545,5.287238915813067,5.4367262910154075
7.5200000000000005,2.6959547412617714e-10,-12.501765372561044,1.366099210371872,5.263269849088229,5.459939436625924
7.53,2.575597824191917e-10,-12.507661757645515,1.311075828129483,5.239202612417912,5.483048222199751
7.54,2.32389954822589e-10,-12.513320005206436,1.2560254377980007,5.215038014872077,5.5060523342471575
7.55,1.9276353168239003e-10,-12.518740322866327,1.2009489393822463,5.190776865520683,5.528951459278412
7.5600000000000005,1.52766020344121e-10,-12.523916415752755,1.1458502849097536,5.166413256562104,5.551742578839387
7.57,1.2279640883266285e-10,-12.528843544784069,1.0907326961793025,5.141942887277391,5.5744233216673456
7.58,8.730093772118979e-11,-12.533527923498761,1.035594254248198,5.1173727706577115,5.596995872665695
7.59,4.6247544375153084e-11,-12.537969214943931,0.9804361147241585,5.092703153243844,5.619459691807489
7.6000000000000005,-3.9583384000033206e-13,-12.54216708216668,0.9252594332148966,5.067934281576568,5.641814239065774
7.61,-5.266125955881091e-11,-12.5461211882141,0.87006536532814,5.043066402196667,5.664058974413596
7.62,-1.1058079541583124e-10,-12.549831196133297,0.8148550666716016,5.01809976164492,5.686193357824005
7.63,-1.7418650404560996e-10,-12.553296768971366,0.7596296928529992,4.993034606462108,5.70821684927005
7.640000000000001,-2.4351044808270226e-10,-12.556517569775407,0.7043903994800456,4.967871183189009,5.73012890872478
7.65,-2.784860590549313e-10,-12.559498061953807,0.6491374844915785,4.942613940347012,5.75193046225875
7.66,-3.0136436592758776e-10,-12.562235248635789,0.5938725787363743,4.917260796126451,5.77362015746887
7.67,-3.1386176650951905e-10,-12.564728591230207,0.538596873848367,4.891811820564728,5.795197392745048
7.68,-3.14461146463906e-10,-12.566977938242093,0.48331149229995607,4.866267422542624,5.816661684701779
7.69,-3.0164539145392753e-10,-12.568983138176481,0.42801755656353646,4.840628010940908,5.838012549953561
7.7,-2.738973871427666e-10,-12.570744039538392,0.3727161891115178,4.814893994640363,5.859249505114885
7.71,-2.297000191936033e-10,-12.572260490832862,0.31740851241629486,4.789065782521761,5.880372066800251
7.72,-1.675361732696185e-10,-12.573532340564919,0.2620956489502673,4.763143783465879,5.901379751624152
7.73,-1.071374815854617e-10,-12.574559972733434,0.20677668570947125,4.737128671351089,5.922274295894606
7.74,-7.548164487830128e-11,-12.575343953946874,0.15145001556896515,4.711021210423013,5.943058192860804
7.75,-4.3174370044399346e-11,-12.575883430172006,0.09611943143340229,4.684821461900256,5.963728047022268
7.76,-1.0904407550504957e-11,-12.57617830550429,0.04078584446927568,4.6585298621733955,5.984283605423268
7.7700000000000005,2.0639492136635487e-11,-12.576228484039191,-0.0145498341569265,4.632146847633011,6.004724615108071
7.78,5.076857855026731e-11,-12.576033869872173,-0.06988669327870138,4.605672854669689,6.02505082312094
7.79,7.879410122364424e-11,-12.575594367098693,-0.12522382172956054,4.579108319674005,6.0452619765061435
7.8,1.0402730969001718e-10,-12.574909879814221,-0.18056030834301104,4.552453679036543,6.065357822307949
7.8100000000000005,1.2577945348263884e-10,-12.57398031211421,-0.23589524195256462,4.52570936914788,6.085338107570625
7.82,1.433617821347562e-10,-12.57280556809413,-0.29122771139171827,4.498875826398603,6.105202579338436
7.83,1.5608554517962225e-10,-12.571385551849442,-0.34655680549398377,4.471953487179286,6.124950984655649
7.84,1.6326199215048793e-10,-12.569720167475609,-0.4018816130928681,4.444942787880515,6.144583070566531
7.8500000000000005,1.6745459378991153e-10,-12.567810996115476,-0.4571995387409428,4.4178456541943705,6.164097047621019
7.86,1.8744927803737677e-10,-12.565667984219074,-0.5124995856017621,4.39067144062187,6.183483462156817
7.87,2.0618299610637406e-10,-12.563282592275963,-0.5677893225342807,4.3634130852115085,6.202749797166936
7.88,2.234901534849613e-10,-12.560654994153333,-0.6230675674366823,4.33607126392458,6.221895552533441
7.890000000000001,2.392051556611977e-10,-12.557785363718372,-0.6783331382071555,4.308646652722376,6.240920228138398
7.9,2.531624081231382e-10,-12.554673874838267,-0.7335848527438743,4.281139927566193,6.259823323863865
7.91,2.651963163588423e-10,-12.551320701380204,-0.7888215289450272,4.253551764417322,6.278604339591909
7.92,2.7514128585636776e-10,-12.547726017211374,-0.8440419847087981,4.225882839237055,6.297262775204591
7.930000000000001,2.8283172210377306e-10,-12.543889996198962,-0.8992450379333755,4.198133827986685,6.315798130583978
7.94,2.881020305891146e-10,-12.539812812210156,-0.9544295065169336,4.170305406627508,6.334209905612132
7.95,2.907866168004512e-10,-12.535494639112146,-1.0095942083576606,4.142398251120813,6.352497600171115
7.96,2.9071988622584063e-10,-12.530935650772115,-1.0647379613537404,4.114413037427896,6.370660714142993
7.97,2.877362443533408e-10,-12.526136021057255,-1.119859583403357,4.086350441510049,6.388698747409827
7.98,2.9051271834183176e-10,-12.521086829898572,-1.1749641038458605,4.058200379033071,6.406618653040173
7.99,2.930341533124978e-10,-12.515794266972888,-1.230046231594402,4.029970644095886,6.424415000493203
8.0,2.9459633622350157e-10,-12.510259060073903,-1.2851044061981407,4.001662568086959,6.442086835665216
8.01,2.9520720295819923e-10,-12.504481204606527,-1.3401375674505387,3.973276615804154,6.459633804701958
8.02,2.9487468939994736e-10,-12.498460695975684,-1.39514465514506,3.944813252045333,6.477055553749173
8.03,2.936067314321019e-10,-12.492197529586287,-1.4501246090751678,3.9162729416083573,6.494351728952607
8.040000000000001,2.9141126493801897e-10,-12.485691700843255,-1.5050763690343354,3.8876561492910837,6.511521976458007
8.05,2.882962258010555e-10,-12.478943205151502,-1.5599988748160059,3.8589633398913854,6.528565942411113
8.06,2.842695499045674e-10,-12.471952037915951,-1.6148910662136529,3.8301949782071185,6.545483272957671
8.07,2.793391731319111e-10,-12.464718194541515,-1.6697518830207398,3.8013515290361455,6.562273614243427
8.08,2.7351303136644284e-10,-12.457241670433115,-1.7245802650307296,3.7724334571763283,6.578936612414126
8.09,2.6679906049151894e-10,-12.449522460995665,-1.7793751520370855,3.7434412274255293,6.595471913615511
8.1,2.5958720552079114e-10,-12.441568848143797,-1.8341346414849873,3.7143819759095043,6.611879231590187
8.11,2.517880489418146e-10,-12.433378715500814,-1.8888578878367583,3.6852544672666876,6.628158195257124
8.120000000000001,2.4326732440211143e-10,-12.424948973832763,-1.9435441444485608,3.6560566829047048,6.644308425599258
8.13,2.340432038626737e-10,-12.416279840584698,-1.9981923285428016,3.626789266382154,6.660329570573613
8.14,2.241338592844891e-10,-12.407371533201664,-2.0528013573419157,3.5974528612576213,6.67622127813722
8.15,2.1355746262854658e-10,-12.398224269128704,-2.1073701480683296,3.568048111089697,6.691983196247104
8.16,2.0233218585583508e-10,-12.38883826581087,-2.1618976179444678,3.538575659436971,6.707614972860297
8.17,1.9047620092734373e-10,-12.379213740693206,-2.216382684192756,3.5090361498580327,6.7231162559338244
8.18,1.7800767980406153e-10,-12.369350911220756,-2.270824264035621,3.4794302259114733,6.738486693424713
8.19,1.6494479444697745e-10,-12.359249994838573,-2.3252212746954877,3.4497585311558825,6.753725933289992
8.2,1.5130571681708056e-10,-12.348911208991698,-2.379572633394783,3.4200217091498497,6.7688336234866915
8.21,1.3710861887535734e-10,-12.33833477112518,-2.4338772573559404,3.390220403451961,6.783809411971839
8.22,1.2260797049565232e-10,-12.327517161920136,-2.48813605587672,3.36035065077481,6.798655451592478
8.23,1.0795201566079167e-10,-12.316456541890881,-2.5423490427329076,3.3304105588028103,6.813372769141811
8.24,9.292540041150442e-11,-12.305156821410703,-2.5965131664404604,3.3004053238980022,6.827958537071516
8.25,7.755600082921609e-11,-12.29361806446579,-2.650627426030987,3.2703354004281864,6.842412506207726
8.26,6.187169299535224e-11,-12.281840335042332,-2.704690820536096,3.2402012427611653,6.856734427376572
8.27,4.5900352991338425e-11,-12.269823697126524,-2.7587023489873963,3.21000330526474,6.870924051404183
8.28,2.9669856898600233e-11,-12.257568214704555,-2.8126610104164964,3.179742042306712,6.884981129116693
8.290000000000001,1.3208080798560272e-11,-12.245073951762617,-2.866565803855013,3.1494179082548777,6.898905411340235
8.3,-3.4570992273500535e-12,-12.232340972286902,-2.920415728334536,3.1190313574770494,6.912696648900934
8.31,-2.0297807097708074e-11,-12.219369340263604,-2.9742097828866836,3.0885828443410226,6.926354592624928
8.32,-3.728616673108824e-11,-12.206159119678912,-3.0279469665430647,3.0580728232145997,6.9398789933383425
8.33,-5.4394302046064985e-11,-12.192710374519017,-3.0816262783352864,3.0275017484655815,6.953269601867313
8.34,-7.137504289071368e-11,-12.179025772813603,-3.13524591799908,2.996872161099081,6.966525622571684
8.35,-8.75617911609296e-11,-12.165112963158531,-3.188802556514589,2.9661905930809023,6.97964521462465
8.36,-1.0353942229349301e-10,-12.150964733321352,-3.2422974263060684,2.935451668296617,6.992629655788506
8.370000000000001,-1.1926184128983918e-10,-12.13658136363178,-3.2957294599997584,2.904656014471525,7.005478651489049
8.38,-1.3468295315139492e-10,-12.121963134419538,-3.3490975902218723,2.873804259330939,7.018191907152072
8.39,-1.4975666287959551e-10,-12.107110326014343,-3.40240074959865,2.842897030600159,7.030769128203377
8.4,-1.6443687547587338e-10,-12.092023218745913,-3.455637870756324,2.8119349560044866,7.04321002006876
8.41,-1.7867749594166097e-10,-12.076702092943963,-3.5088078863211254,2.7809186632692278,7.0555142881740185
8.42,-1.9243242927839074e-10,-12.061147228938218,-3.561909728919286,2.7498487801196836,7.067681637944952
8.43,-2.0565558048749512e-10,-12.045358907058391,-3.6149423311770357,2.71872593428116,7.079711774807356
8.44,-2.1830085457040653e-10,-12.029337407634202,-3.6679046257206083,2.6875507534789596,7.091604404187029
8.45,-2.3032215652855747e-10,-12.01308301099537,-3.7207955451762342,2.6563238654383854,7.103359231509768
8.46,-2.4166940578894413e-10,-11.996595999707745,-3.7736140360002053,2.6250458850367044,7.114975982377021
8.47,-2.516943175660412e-10,-11.979876991963858,-3.826361120433363,2.5937154987600364,7.12645741060008
8.48,-2.6081330944442167e-10,-11.962926008597488,-3.8790341261709447,2.5623348253047555,7.137800880288633
8.49,-2.6896943143519367e-10,-11.94574333602863,-3.931632023506286,2.5309044574036546,7.149006151818251
8.5,-2.761057335494657e-10,-11.928329260677266,-3.9841537827327245,2.4994249877895265,7.160072985564514
8.51,-2.8216526579834605e-10,-11.910684068963386,-4.0365983741435985,2.4678970091951626,7.171001141902995
8.52,-2.8709107819294303e-10,-11.892808047306975,-4.088964768032246,2.4363211143533583,7.181790381209269
8.53,-2.9082622074436503e-10,-11.874701482128017,-4.141251934692004,2.404697895996904,7.1924404638589134
8.540000000000001,-2.933137434637207e-10,-11.856364659846502,-4.193458844416218,2.3730279468585875,7.202951150227506
8.55,-2.9449669636211757e-10,-11.83779786688242,-4.245584467498211,2.341311859671213,7.213322200690618
8.56,-2.9431812945066456e-10,-11.819001389655755,-4.297627774231325,2.3095502271675676,7.223553375623827
8.57,-2.9272109274046984e-10,-11.799975514586494,-4.349587734908902,2.277743642080444,7.233644435402709
8.58,-2.8964863624264195e-10,-11.780720528094623,-4.401463319824277,2.2458926971426343,7.2435951404028405
8.59,-2.8758136057122256e-10,-11.761232619841097,-4.45325573745851,2.213991474740902,7.253408416350457
8.6,-2.8533280207466405e-10,-11.741513899793892,-4.504962961843575,2.182043465491058,7.263082614661322
8.61,-2.822709644853195e-10,-11.721565582758833,-4.556583456066567,2.1500507374660285,7.272616778396008
8.620000000000001,-2.7839836588063907e-10,-11.701387859147436,-4.60811624287326,2.1180137308271867,7.282010742110797
8.63,-2.7371752433807544e-10,-11.68098091937123,-4.659560345009405,2.0859328857359185,7.29126434036196
8.64,-2.68230957935079e-10,-11.660344953841735,-4.710914785220779,2.0538086423535957,7.300377407705776
8.65,-2.61941184749101e-10,-11.63948015297047,-4.7621785862531505,2.0216414408415946,7.309349778698523
8.66,-2.548507228575924e-10,-11.61838670716896,-4.813350770852286,1.989431721361291,7.318181287896475
8.67,-2.469620903380045e-10,-11.597064806848726,-4.8644303617639535,1.9571799240740622,7.326871769855911
8.68,-2.382778052677884e-10,-11.575514642421291,-4.915416381733921,1.924886489141284,7.335421059133109
8.69,-2.2880038572439524e-10,-11.553736404298174,-4.966307853507957,1.8925518567243331,7.343828990284344
8.700000000000001,-2.1853234978527425e-10,-11.5317302828909,-5.017103799831838,1.8601764669845797,7.352095397865895
8.71,-2.0747621552788018e-10,-11.50949646861099,-5.067803243451311,1.8277607600834123,7.360220116434037
8.72,-1.9563450102966247e-10,-11.487035151869968,-5.118405207112157,1.795305176182201,7.368202980545046
8.73,-1.830097243680722e-10,-11.464346523079353,-5.168908713560142,1.7628101554423228,7.376043824755203
8.74,-1.6960440362056057e-10,-11.441430772650671,-5.219312785541032,1.7302761380251537,7.383742483620781
8.75,-1.554210568645787e-10,-11.41828809099544,-5.2696164458005965,1.69770356409207,7.391298791698057
8.76,-1.4046220217757768e-10,-11.394918668525182,-5.319818717084604,1.6650928738044484,7.398712583543311
8.77,-1.247303576370087e-10,-11.371322695651422,-5.3699186221388215,1.6324445073236649,7.405983693712818
8.78,-1.0822804132032289e-10,-11.34750036278568,-5.419915183709016,1.5997589048110967,7.4131119567628545
8.790000000000001,-9.095777130496819e-11,-11.323451860339475,-5.469807424540965,1.5670365064281135,7.4200972072497
8.8,-7.292206566840196e-11,-11.299177378724336,-5.519594367380417,1.534277752336104,7.426939279729628
8.81,-5.412344248807229e-11,-11.274677108351781,-5.569275034973152,1.5014830826964385,7.433638008758917
8.82,-3.456441984143033e-11,-11.249951239633335,-5.6188484500649345,1.4686529376704933,7.440193228893844
8.83,-2.0762243983952972e-11,-11.22503718444779,-5.668308513098027,1.435822626397794,7.446600044620331
8.84,-2.153551601121876e-11,-11.199985503312163,-5.717647315039666,1.4030397756295023,7.4528518895072615
8.85,-2.440006445096894e-11,-11.174725044765564,-5.766873696484021,1.3702379926380166,7.4589576641714554
8.86,-2.9489447455252005e-11,-11.149256747908288,-5.8159865771446215,1.337418418954497,7.464917108026499
8.870000000000001,-3.693722317611802e-11,-11.123581551840626,-5.8649848767350035,1.3045821961100992,7.4707299604859765
8.88,-4.6876949765612746e-11,-11.097700395662883,-5.913867514968677,1.2717304656359951,7.476395960963473
8.89,-5.944218537578577e-11,-11.071614218475348,-5.962633411559182,1.2388643690633403,7.481914848872575
8.9,-7.476648815868556e-11,-11.045323959378322,-6.011281486220044,1.205985047923295,7.4872863636268665
8.91,-9.298341626636067e-11,-11.018830557472096,-6.0598106586647935,1.1730936437470203,7.492510244639934
8.92,-1.142265278508595e-10,-10.992134951856965,-6.108219848606956,1.1401912980656772,7.497586231325365
8.93,-1.386293810642305e-10,-10.965238081633226,-6.156507975760063,1.1072791524104262,7.5025140630967435
8.94,-1.6632553405852213e-10,-10.938140885901174,-6.204673959837642,1.0743583483124282,7.507293479367654
8.950000000000001,-1.9744854498578879e-10,-10.910844303761099,-6.252716720553228,1.0414300273028385,7.511924219551684
8.96,-2.3213197199806781e-10,-10.883349274313307,-6.300635177620335,1.008495330912829,7.516406023062419
8.97,-2.4945066162169544e-10,-10.855594625089266,-6.348446583093758,0.9754878465527498,7.520758134453333
8.98,-2.6286121138236224e-10,-10.827620590797268,-6.396138258517645,0.9424514546557101,7.524967952983906
8.99,-2.75234632524471e-10,-10.799436184512368,-6.44370674055735,0.9093960782130185,7.529032682565721
9.0,-2.864412777510549e-10,-10.771041569024156,-6.491151178055901,0.8763220144205784,7.532952306400264
9.01,-2.963514997651473e-10,-10.742436907122213,-6.538470719856333,0.8432295604742935,7.536726807689023
9.02,-3.0483565126978155e-10,-10.71362236159613,-6.585664514801672,0.8101190135700671,7.540356169633482
9.03,-3.117640849679906e-10,-10.684598095235486,-6.6327317117349525,0.7769906709038028,7.543840375435129
9.040000000000001,-3.1700715356280876e-10,-10.65536427082987,-6.679671459499211,0.743844829671398,7.5471794082954515
9.05,-3.2043520975726715e-10,-10.625921051168872,-6.726482906937461,0.7106817870687683,7.550373251415934
9.06,-3.2191860625440027e-10,-10.596268599042077,-6.773165202892744,0.6775018402918109,7.553421887998063
9.07,-3.213276957572413e-10,-10.566407077239068,-6.81971749620809,0.6443052865364296,7.5563253012433265
9.08,-3.1853283096882343e-10,-10.536336648549433,-6.866138935726529,0.6110924229985277,7.55908347435321
9.09,-3.0522325371140473e-10,-10.506062691985367,-6.912428808971168,0.5778664166487621,7.56169688196838
9.1,-2.844431639886977e-10,-10.475583346712252,-6.958586210984348,0.5446264513590677,7.564165316637373
9.11,-2.583006774572665e-10,-10.44489734873669,-7.004610252676216,0.5113720393615776,7.5664886271392975
9.120000000000001,-2.2647264907520237e-10,-10.414004984221163,-7.0505000861698415,0.47810354572743846,7.568666808299046
9.13,-1.8863593380061395e-10,-10.382906539328156,-7.0962548635882685,0.4448213355278158,7.57069985494151
9.14,-1.444673865915936e-10,-10.35160230022014,-7.141873737054563,0.4115257738338566,7.572587761891583
9.15,-9.364386240623868e-11,-10.320092553059597,-7.187355858691783,0.37821722571671396,7.574330523974157
9.16,-3.5842216202646676e-11,-10.288377584009003,-7.232700380622993,0.34489605624754116,7.575928136014125
9.17,2.926069706108502e-11,-10.256457679230838,-7.277906454971249,0.3115626304974914,7.577380592836378
9.18,1.0198802242685897e-10,-10.224333124887579,-7.322973233859613,0.2782173135377176,7.57868788926581
9.19,1.826629049365777e-10,-10.192004207141705,-7.367899869411142,0.2448604704393731,7.579850020127313
9.200000000000001,2.1717619876653983e-10,-10.159487952219633,-7.4126779493919965,0.21150773110400944,7.580859706461117
9.21,2.348270703914421e-10,-10.126775735020999,-7.457310652670451,0.1781513346531797,7.5817208151566
9.22,2.432758250342391e-10,-10.093865585243801,-7.501798151001443,0.14478958854656304,7.582434321503051
9.23,2.4146803514058196e-10,-10.06075821270811,-7.5461394050692645,0.11142324417769081,7.583000036240395
9.24,2.2834927315612138e-10,-10.027454327234002,-7.590333375558201,0.07805305294009424,7.583417770108558
9.25,2.0286511152650855e-10,-9.993954638641544,-7.6343790231525475,0.044679766227304595,7.583687333847466
9.26,1.639611226973945e-10,-9.960259856750808,-7.678275308536591,0.01130413543285321,7.583808538197048
9.27,1.105828791144301e-10,-9.926370691381871,-7.722021192394622,-0.02207308804972874,7.583781193897229
9.28,4.167595322326648e-11,-9.8922878523548,-7.765615635410932,-0.05545115282690994,7.583605111687934
9.290000000000001,-4.381408253046219e-11,-9.858012049489659,-7.809057598269817,-0.08882930750516506,7.583280102309089
9.3,-1.4694165570107462e-10,-9.823543992606538,-7.852346041655554,-0.12220680069095097,7.582805976500623
9.31,-1.7576512096493535e-10,-9.788889952983041,-7.895489647953452,-0.15557909383361365,7.582192160026637
9.32,-1.9328844157729487e-10,-9.754046935662236,-7.938480901715579,-0.1889479583625573,7.581432058557843
9.33,-2.0337767515860385e-10,-9.719015482319874,-7.981318469701699,-0.22231275738462314,7.580525192134892
9.34,-2.0488922046698998e-10,-9.68379643422506,-8.024001542375467,-0.2556726499941083,7.579471598755692
9.35,-1.9667947626058094e-10,-9.6483906326469,-8.06652931020054,-0.2890267952853101,7.578271316418155
9.36,-1.776048412975042e-10,-9.612798918854496,-8.108900963640579,-0.32237435235252593,7.576924383120191
9.370000000000001,-1.4652171433588095e-10,-9.577022134116948,-8.151115693159246,-0.3557144802900585,7.575430836859708
9.38,-1.0228649413384966e-10,-9.541061119703373,-8.193172689220184,-0.3890463381921934,7.573790715634618
9.39,-4.375557944953348e-11,-9.50491671688287,-8.235071142287055,-0.4223690851532336,7.572004057442831
9.4,3.021463095893985e-11,-9.468589766924541,-8.276810242823524,-0.45568188026747647,7.570070900282255
9.41,1.1772445579349508e-10,-9.432080933253774,-8.318389209960138,-0.48898412549571446,7.567991307311292
9.42,1.3533971485168403e-10,-9.395386114572906,-8.359808030860345,-0.5222817295879054,7.565766015778847
9.43,1.4812659066895153e-10,-9.358509887666692,-8.401065293854403,-0.5555687503528154,7.5633945351997225
9.44,1.5524422367437098e-10,-9.321452977836067,-8.442160208099054,-0.5888445052528962,7.560876919978459
9.450000000000001,1.5585175429701505e-10,-9.284216110381967,-8.483091982751045,-0.6221083117506054,7.558213224519595
9.46,1.4910832296595677e-10,-9.246800010605346,-8.5238598269671,-0.655359487308383,7.555403503227665
9.47,1.3417307011027017e-10,-9.209205403807138,-8.564462949903971,-0.6885973493886867,7.552447810507211
9.48,1.1020513615902853e-10,-9.171433015288278,-8.604900560718395,-0.721821215453968,7.549346200762768
9.49,7.636366154130515e-11,-9.133483570349712,-8.645171868567116,-0.755030402966679,7.546098728398875
9.5,3.180778668617332e-11,-9.095357794292378,-8.685276082606869,-0.7882242293892715,7.5427054478200715
9.51,-2.430334797729364e-11,-9.057056412417216,-8.7252124119944,-0.8214020121841968,7.539166413430895
9.52,-8.488496986188978e-11,-9.018580071813728,-8.764979954931052,-0.8545633755465565,7.535481556809638
9.53,-9.855324479290265e-11,-8.979928982421022,-8.804577189450587,-0.8877096581048425,7.53165012301682
9.540000000000001,-1.0878633787426413e-10,-8.941104290291948,-8.844003921613465,-0.9208385272003174,7.527672827221949
9.55,-1.1497035688240396e-10,-8.90210670637173,-8.883259340210525,-0.9539493565962768,7.523549701284775
9.56,-1.164914095937576e-10,-8.862936941605572,-8.92234263403262,-0.9870415200560334,7.519280777065049
9.57,-1.1273560378475854e-10,-8.823595706938686,-8.961252991870602,-1.020114391342895,7.51486608642252
9.58,-1.0308904723184012e-10,-8.784083713316283,-8.999989602515319,-1.053167344220168,7.510305661216939
9.59,-8.693784771143575e-11,-8.744401671683573,-9.038551654757615,-1.0861997524511593,7.505599533308052
9.6,-6.366811299997882e-11,-8.704550292985767,-9.076938337388345,-1.1192109897991767,7.500747734555613
9.61,-3.266595087390276e-11,-8.664530288168077,-9.115148839198355,-1.1522004300275273,7.495750296819369
9.620000000000001,6.682530890366794e-12,-8.624342368175709,-9.153182348978499,-1.1851674468995235,7.490607251959072
9.63,4.571585935503067e-11,-8.583987490043672,-9.191038612004345,-1.2181115457985106,7.485319141557452
9.64,5.6647109038780274e-11,-8.543467118234814,-9.228718521001959,-1.2510325035034104,7.479887558226775
9.65,6.587498261137313e-11,-8.502781279583425,-9.266219717776922,-1.2839293278838002,7.474311116835624
9.66,7.303344562137022e-11,-8.461930711033688,-9.30354144991176,-1.3168014066084222,7.468589903095125
9.67,7.775646361733252e-11,-8.420916149529784,-9.340682964988996,-1.3496481273460204,7.462724002716398
9.68,7.967800214782105e-11,-8.379738332015897,-9.377643510591144,-1.3824688777653371,7.456713501410566
9.69,7.843202676139675e-11,-8.338397995436207,-9.414422334300731,-1.4152630455351154,7.450558484888753
9.700000000000001,7.365250300661943e-11,-8.296895876734888,-9.451018683700282,-1.4480300183241044,7.4442590388620795
9.71,6.497339643205172e-11,-8.255232712856142,-9.487431806372308,-1.480769183801035,7.437815249041669
9.72,5.2028672586254097e-11,-8.213409240744138,-9.523660949899332,-1.5134799296346564,7.431227201138645
9.73,3.445229701778753e-11,-8.171426197343061,-9.559705361863879,-1.5461616434937113,7.424494980864129
9.74,1.8543206977155644e-11,-8.129283013025866,-9.595564253500358,-1.5788157349447456,7.417618530017257
9.75,1.466302648039736e-11,-8.086978321734565,-9.631236813886897,-1.611444846018279,7.410597702674463
9.76,1.1053428987201595e-11,-8.044515093707309,-9.66672235273506,-1.6440449083968296,7.403432830532517
9.77,7.83894725678596e-12,-8.001893969719678,-9.702020114952006,-1.6766154585684914,7.396123988710076
9.78,5.144114048368143e-12,-7.9591155905472535,-9.737129345444902,-1.7091560330213595,7.388671252325792
9.790000000000001,3.09346212116543e-12,-7.916180596965611,-9.772049289120913,-1.7416661682435337,7.3810746964983185
9.8,1.8115242343963145e-12,-7.8730896297503445,-9.806779190887188,-1.774145400723098,7.373334396346311
9.81,1.4228331472779381e-12,-7.829843329677027,-9.841318295650895,-1.8065932669481513,7.365450426988424
9.82,2.05192161902801e-12,-7.786442337521241,-9.875665848319201,-1.839009303406789,7.357422863543314
9.83,3.8233224088641495e-12,-7.742887294058569,-9.909821093799264,-1.8713930465871058,7.34925178112963
9.84,6.861568276003982e-12,-7.69917884006459,-9.94378327699825,-1.903744032977195,7.34093725486603
9.85,1.1291191979665216e-11,-7.6553176163148855,-9.977551642823315,-1.9360617990651527,7.332479359871166
9.86,1.7236726279065452e-11,-7.611304263585038,-10.011125436181628,-1.9683458813390724,7.323878171263694
9.870000000000001,2.482270393342391e-11,-7.5671394226506195,-10.044503901980352,-2.0005958162870545,7.3151337641622645
9.88,3.417365770195551e-11,-7.522823734287227,-10.07768628512664,-2.0328111403971825,7.306246213685537
9.89,4.541412034387907e-11,-7.4783578392704335,-10.110671830527663,-2.064991390157556,7.297215594952163
9.9,5.86686246184123e-11,-7.433742378375822,-10.143459783090577,-2.0971361020562704,7.288041983080796
9.91,7.406170328477283e-11,-7.388977992378972,-10.17604938772255,-2.1292448125814194,7.278725453190091
9.92,9.171788910217832e-11,-7.344065322055465,-10.208439889330739,-2.161317058221098,7.269266080398703
9.93,1.1176171482984641e-10,-7.299005008180882,-10.240630532822312,-2.193352375463401,7.259663939825285
9.94,1.3431771322699472e-10,-7.253797691530805,-10.272620563104427,-2.2253503007964213,7.24991910658849
9.950000000000001,1.5951041705284568e-10,-7.208444012880806,-10.304409225084253,-2.2573103707082613,7.240031655806973
9.96,1.4947602406863814e-10,-7.163021328826868,-10.336024812595305,-2.2891569951540753,7.230029971915103
9.97,9.892244948251857e-11,-7.117541218772412,-10.367470712524767,-2.320878998604794,7.219918166553172
9.98,3.9763965358455385e-11,-7.071940125471951,-10.39872186079663,-2.352538785607791,7.209672624784283
9.99,-2.8464698292875932e-11,-7.026219880782532,-10.42977795332852,-2.3841347262448003,7.199293861254444
10.0,-1.062288114607999e-10,-6.980382316561199,-10.460638686038063,-2.4156651905975535,7.188782390609656
