time_s,P_conv_W,P_xy10_W,P_cr5_W,P_total_W,i_conv_A,v_belt_m_s,x_belt_m,T_motor_K,x_xy10_m,y_xy10_m,z_xy10_m,vacuum_p_Pa,q2_cr5_rad,q2_dot_rad_s,xy10_active,cr5_active
0.000000,3.720070,0.000000,0.000000,3.720070,0.005082,0.000000,0.000000,293.150000,0.000000,0.000000,0.000000,101325.000000,0.000000,0.000000,0,0
0.010000,4867.822016,0.000596,0.000000,4867.822612,9.107598,0.065137,0.000156,293.254392,0.000000,0.000000,-0.000000,101325.000000,0.001355,0.268196,0,0
0.020000,2522.284021,0.000564,0.000000,2522.284585,3.670061,0.206012,0.001593,293.321883,0.000000,0.000000,-0.000000,101325.000000,0.005300,0.517888,0,0
0.030000,-306.894331,0.000551,0.000000,-306.893780,4.606383,0.225855,0.003903,293.344718,0.000000,0.000000,-0.000000,101325.000000,0.011656,0.750676,0,0
0.040000,93.103546,0.000540,0.000000,93.104087,2.595500,0.159241,0.005756,293.344796,0.000000,0.000000,-0.000000,101325.000000,0.020262,0.967983,0,0
0.050000,1234.638339,0.000538,0.000000,1234.638877,1.697566,0.196799,0.007492,293.359838,0.000000,0.000000,-0.000000,101325.000000,0.030968,1.171024,0,0
0.060000,-70.571542,0.000535,0.000000,-70.571007,2.569473,0.225239,0.009670,293.375103,0.000000,0.000000,-0.000000,101325.000000,0.043638,1.360814,0,0
0.070000,-237.391134,0.000532,0.000000,-237.390602,2.860559,0.175280,0.011676,293.375088,0.000000,0.000000,-0.000000,101325.000000,0.058142,1.538186,0,0
0.080000,780.594772,0.000531,0.000000,780.595303,1.138654,0.188249,0.013436,293.381803,0.000000,0.000000,-0.000001,101325.000000,0.074362,1.703814,0,0
0.090000,216.615104,0.000530,0.000000,216.615634,1.707109,0.217981,0.015498,293.395261,0.000000,0.000000,-0.000001,101325.000000,0.092181,1.858232,0,0
0.100000,-307.999535,0.000530,0.000000,-307.999005,2.823178,0.187894,0.017561,293.395612,0.000000,0.000000,-0.000001,101325.000000,0.111490,2.001853,0,0
0.110000,467.504211,0.000529,0.000000,467.504740,1.142004,0.184844,0.019372,293.398438,0.000000,0.000000,-0.000001,101325.000000,0.132183,2.134984,0,0
0.120000,352.505038,0.000529,0.000000,352.505567,1.347302,0.210374,0.021357,293.409303,0.000000,0.000000,-0.000001,101325.000000,0.154156,2.257838,0,0
0.130000,-250.485815,0.000529,0.000000,-250.485286,2.570005,0.196150,0.023428,293.410675,0.000000,0.000000,-0.000001,101325.000000,0.177307,2.370539,0,0
0.140000,251.334597,0.000528,0.000000,251.335126,1.411872,0.184888,0.025297,293.411659,0.000000,0.000000,-0.000001,101325.000000,0.201534,2.473122,0,0
0.150000,381.104880,0.000528,0.000000,381.105408,1.233166,0.203976,0.027237,293.419795,0.000000,0.000000,-0.000001,101325.000000,0.226736,2.565547,0,0
0.160000,-141.387651,0.000528,0.000000,-141.387123,2.250967,0.200470,0.029292,293.422288,0.000000,0.000000,-0.000001,101325.000000,0.252811,2.647690,0,0
0.170000,112.140002,0.000528,0.000000,112.140530,1.659011,0.186958,0.031209,293.422512,0.000000,0.000000,-0.000001,101325.000000,0.279655,2.719360,0,0
0.180000,349.154155,0.000528,0.000000,349.154683,1.235134,0.199228,0.033128,293.428240,0.000000,0.000000,-0.000001,101325.000000,0.307162,2.780304,0,0
0.190000,-29.487600,0.000528,0.000000,-29.487072,1.964444,0.201928,0.035157,293.431688,0.000000,0.000000,-0.000001,101325.000000,0.335225,2.830236,0,0
0.200000,35.767417,0.000528,0.000000,35.767945,1.807112,0.189832,0.037110,293.431717,0.000000,0.000000,-0.000001,101325.000000,0.363730,2.868845,0,0
0.210000,291.002441,0.000528,0.000000,291.002969,1.301750,0.196116,0.039025,293.435534,0.000000,0.000000,-0.000001,101325.000000,0.392563,2.895847,0,0
0.220000,59.821016,0.000528,0.000000,59.821544,1.753463,0.201641,0.041029,293.439571,0.000000,0.000000,-0.000001,101325.000000,0.421609,2.911036,0,0
0.230000,6.987485,0.000528,0.000000,6.988013,1.860804,0.192626,0.043002,293.439686,0.000000,0.000000,-0.000001,101325.000000,0.450746,2.914322,0,0
0.240000,228.513931,0.000528,0.000000,228.514459,1.398992,0.194413,0.044924,293.442186,0.000000,0.000000,-0.000001,101325.000000,0.479858,2.905873,0,0
0.250000,118.500276,0.000528,0.000000,118.500804,1.621553,0.200502,0.046906,293.446238,0.000000,0.000000,-0.000001,101325.000000,0.508829,2.886159,0,0
0.260000,9.829149,0.000528,0.000000,9.829676,1.848513,0.194845,0.048889,293.446913,0.000000,0.000000,-0.000001,101325.000000,0.537550,2.856139,0,0
0.270000,173.813953,0.000528,0.000000,173.814481,1.497731,0.193786,0.050821,293.448632,0.000000,0.000000,-0.000001,101325.000000,0.565927,2.817422,0,0
0.280000,149.029863,0.000528,0.000000,149.030391,1.553657,0.199121,0.052788,293.452359,0.000000,0.000000,-0.000001,101325.000000,0.593882,2.772352,0,0
0.290000,29.702362,0.000528,0.000000,29.702890,1.801354,0.196327,0.054772,293.453823,0.000000,0.000000,-0.000001,101325.000000,0.621369,2.724237,0,0
0.300000,132.391225,0.000528,0.000000,132.391753,1.578779,0.193876,0.056716,293.455190,0.000000,0.000000,-0.000001,101325.000000,0.648376,2.677283,0,0
0.310000,158.481075,0.000528,0.000000,158.481603,1.530623,0.197854,0.058674,293.458459,0.000000,0.000000,-0.000001,101325.000000,0.674938,2.636569,0,0
0.320000,55.267434,0.000528,0.000000,55.267962,1.743977,0.197128,0.060655,293.460484,0.000000,0.000000,-0.000001,101325.000000,0.701145,2.607422,0,0
0.330000,105.298102,0.000528,0.000000,105.298630,1.634182,0.194354,0.062609,293.461797,0.000000,0.000000,-0.000001,101325.000000,0.727137,2.594446,0,0
0.340000,154.688472,0.000528,0.000000,154.689000,1.535443,0.196874,0.064563,293.464615,0.000000,0.000000,-0.000001,101325.000000,0.753094,2.600520,0,0
0.350000,79.161649,0.000528,0.000000,79.162177,1.691807,0.197409,0.066539,293.466970,0.000000,0.000000,-0.000001,101325.000000,0.779208,2.625416,0,0
0.360000,90.839436,0.000528,0.000000,90.839964,1.664475,0.194963,0.068500,293.468403,0.000000,0.000000,-0.000001,101325.000000,0.805651,2.665306,0,0
0.370000,144.229048,0.000528,0.000000,144.229575,1.554851,0.196226,0.070452,293.470851,0.000000,0.000000,-0.000001,101325.000000,0.832539,2.713032,0,0
0.380000,97.587349,0.000528,0.000000,97.587877,1.652150,0.197349,0.072423,293.473347,0.000000,0.000000,-0.000001,101325.000000,0.859907,2.759322,0,0
0.390000,86.225245,0.000528,0.000000,86.225772,1.674346,0.195538,0.074388,293.474975,0.000000,0.000000,-0.000001,101325.000000,0.887690,2.794662,0,0
0.400000,131.959734,0.000528,0.000000,131.960262,1.578961,0.195880,0.076342,293.477164,0.000000,0.000000,-0.000001,101325.000000,0.915739,2.811984,0,0
0.410000,109.544219,0.000528,0.000000,109.544747,1.626625,0.197119,0.078309,293.479670,0.000000,0.000000,-0.000001,101325.000000,0.943864,2.809799,0,0
0.420000,87.613731,0.000528,0.000000,87.614258,1.671510,0.195981,0.080276,293.481496,0.000000,0.000000,-0.000001,101325.000000,0.971897,2.795148,0,0
0.430000,121.049941,0.000528,0.000000,121.050469,1.601064,0.195760,0.082232,293.483534,0.000000,0.000000,-0.000001,101325.000000,0.999788,2.785748,0,0
0.440000,115.763324,0.000528,0.000000,115.763852,1.613230,0.196840,0.084196,293.485978,0.000000,0.000000,-0.000001,101325.000000,1.027715,2.808089,0,0
0.450000,92.046622,0.000528,0.000000,92.047150,1.662228,0.196273,0.086163,293.487967,0.000000,0.000000,-0.000001,101325.000000,1.056136,2.887851,0,0
0.460000,112.793883,0.000528,0.000000,112.794410,1.618123,0.195784,0.088122,293.489939,0.000000,0.000000,-0.000001,101325.000000,1.085708,3.038775,0,0
0.470000,117.744201,0.000528,0.000000,117.744729,1.608735,0.196585,0.090083,293.492293,0.000000,0.000000,-0.000001,101325.000000,1.117145,3.259312,0,0
0.480000,97.336638,0.000528,0.000000,97.337166,1.651135,0.196430,0.092050,293.494396,0.000000,0.000000,-0.000001,101325.000000,1.151087,3.537031,0,0
0.490000,107.443548,0.000528,0.000000,107.444075,1.629342,0.195883,0.094011,293.496360,0.000000,0.000000,-0.000001,101325.000000,1.188020,3.854460,0,0
0.500000,117.069166,0.000528,0.000000,117.069694,1.609849,0.196389,0.095971,293.498625,0.000000,0.000000,-0.000001,101325.000000,1.228250,4.193707,0,0
0.510000,102.134377,0.000528,0.000000,102.134905,1.641067,0.196485,0.097937,293.500794,0.000000,0.000000,-0.000001,101325.000000,1.271915,4.538879,0,0
0.520000,104.627385,0.000528,0.000000,104.627913,1.635334,0.196005,0.099899,293.502784,0.000000,0.000000,-0.000001,101325.000000,1.319003,4.876545,0,0
0.530000,115.064190,0.000528,0.000000,115.064718,1.613827,0.196260,0.101860,293.504976,0.000000,0.000000,-0.000001,101325.000000,1.369382,5.195284,0,0
0.540000,105.734171,0.000528,0.000000,105.734699,1.633498,0.196474,0.103824,293.507173,0.000000,0.000000,-0.000001,101325.000000,1.422812,5.484994,0,0
0.550000,103.790988,0.000528,0.000000,103.791515,1.637190,0.196116,0.105787,293.509202,0.000000,0.000000,-0.000001,101325.000000,1.478954,5.736257,0,0
0.560000,112.752093,0.000528,0.000000,112.752621,1.618539,0.196195,0.107748,293.511344,0.000000,0.000000,-0.000001,101325.000000,1.537378,5.940013,0,0
0.570000,108.015171,0.000528,0.000000,108.015699,1.628674,0.196430,0.109711,293.513544,0.000000,0.000000,-0.000001,101325.000000,1.597567,6.087779,0,0
0.580000,104.037606,0.000528,0.000000,104.038134,1.636743,0.196200,0.111675,293.515610,0.000000,0.000000,-0.000001,101325.000000,1.658923,6.172471,0,0
0.590000,110.707581,0.000528,0.000000,110.708109,1.622764,0.196170,0.113636,293.517723,0.000000,0.000000,-0.000001,101325.000000,1.720792,6.189734,0,0
0.600000,109.243826,0.000528,0.000000,109.244354,1.626049,0.196379,0.115599,293.519912,0.000000,0.000000,-0.000001,101325.000000,1.782493,6.139365,0,0
0.610000,104.832328,0.000528,0.000000,104.832855,1.635129,0.196256,0.117562,293.522009,0.000000,0.000000,-0.000001,101325.000000,1.843370,6.026220,0,0
0.620000,109.141003,0.000528,0.000000,109.141531,1.626032,0.196172,0.119524,293.524109,0.000000,0.000000,-0.000001,101325.000000,1.902840,5.860153,0,0
0.630000,109.687743,0.000528,0.000000,109.688271,1.625067,0.196332,0.121487,293.526282,0.000000,0.000000,-0.000001,101325.000000,1.960442,5.654943,0,0
0.640000,105.811692,0.000528,0.000000,105.812220,1.633110,0.196287,0.123450,293.528400,0.000000,0.000000,-0.000001,101325.000000,2.015861,5.426506,0,0
0.650000,108.097701,0.000528,0.000000,108.098229,1.628228,0.196190,0.125412,293.530498,0.000000,0.000000,-0.000001,101325.000000,2.068946,5.190646,0,0
0.660000,109.628990,0.000528,0.000000,109.629518,1.625145,0.196295,0.127375,293.532654,0.000000,0.000000,-0.000001,101325.000000,2.119693,4.960620,0,0
0.670000,106.581776,0.000528,0.000000,106.582304,1.631514,0.196300,0.129338,293.534786,0.000000,0.000000,-0.000001,101325.000000,2.168207,4.745031,0,0
0.680000,107.550101,0.000528,0.000000,107.550629,1.629387,0.196205,0.131300,293.536885,0.000000,0.000000,-0.000001,101325.000000,2.214652,4.546924,0,0
0.690000,109.489764,0.000528,0.000000,109.490292,1.625410,0.196274,0.133263,293.539030,0.000000,0.000000,-0.000001,101325.000000,2.259199,4.364620,0,0
0.700000,107.207207,0.000528,0.000000,107.207735,1.630208,0.196303,0.135226,293.541168,0.000000,0.000000,-0.000001,101325.000000,2.301983,4.193717,0,0
0.710000,107.276385,0.000528,0.000000,107.276912,1.629978,0.196223,0.137188,293.543272,0.000000,0.000000,-0.000001,101325.000000,2.343095,4.029200,0,0
0.720000,109.171856,0.000528,0.000000,109.172384,1.626056,0.196258,0.139151,293.545407,0.000000,0.000000,-0.000001,101325.000000,2.382575,3.866809,0,0
0.730000,107.640345,0.000528,0.000000,107.640873,1.629302,0.196302,0.141114,293.547548,0.000000,0.000000,-0.000001,101325.000000,2.420428,3.703574,0,0
0.740000,107.163513,0.000528,0.000000,107.164041,1.630228,0.196237,0.143076,293.549657,0.000000,0.000000,-0.000001,101325.000000,2.456638,3.537820,0,0
0.750000,108.817966,0.000528,0.000000,108.818494,1.626785,0.196250,0.145039,293.551786,0.000000,0.000000,-0.000001,101325.000000,2.491174,3.368904,0,0
0.760000,107.982482,0.000528,0.000000,107.983010,1.628577,0.196292,0.147001,293.553926,0.000000,0.000000,-0.000001,101325.000000,2.524005,3.196905,0,0
0.770000,107.279309,0.000528,0.000000,107.279837,1.630001,0.196252,0.148964,293.556042,0.000000,0.000000,-0.000001,101325.000000,2.555102,3.022348,0,0
0.780000,108.450248,0.000528,0.000000,108.450776,1.627550,0.196247,0.150926,293.558166,0.000000,0.000000,-0.000001,101325.000000,2.584444,2.845999,0,0
0.790000,108.160072,0.000528,0.000000,108.160600,1.628196,0.196283,0.152889,293.560303,0.000000,0.000000,-0.000001,101325.000000,2.612018,2.668759,0,0
0.800000,107.440816,0.000528,0.000000,107.441343,1.629673,0.196260,0.154852,293.562424,0.000000,0.000000,-0.000001,101325.000000,2.637820,2.491578,0,0
0.810000,108.192362,0.000528,0.000000,108.192890,1.628090,0.196248,0.156814,293.564546,0.000000,0.000000,-0.000001,101325.000000,2.661853,2.315393,0,0
0.820000,108.219577,0.000528,0.000000,108.220104,1.628062,0.196275,0.158777,293.566680,0.000000,0.000000,-0.000001,101325.000000,2.684133,2.141067,0,0
0.830000,107.602598,0.000528,0.000000,107.603126,1.629340,0.196265,0.160740,293.568805,0.000000,0.000000,-0.000001,101325.000000,2.704682,1.969391,0,0
0.840000,108.028034,0.000528,0.000000,108.028561,1.628436,0.196251,0.162702,293.570927,0.000000,0.000000,-0.000001,101325.000000,2.723530,1.801078,0,0
0.850000,108.209329,0.000528,0.000000,108.209857,1.628077,0.196269,0.164665,293.573058,0.000000,0.000000,-0.000001,101325.000000,2.740714,1.636660,0,0
0.860000,107.740148,0.000528,0.000000,107.740675,1.629055,0.196267,0.166628,293.575184,0.000000,0.000000,-0.000001,101325.000000,2.756274,1.476544,0,0
0.870000,107.936106,0.000528,0.000000,107.936634,1.628631,0.196254,0.168590,293.577306,0.000000,0.000000,-0.000001,101325.000000,2.770255,1.320925,0,0
0.880000,108.166953,0.000528,0.000000,108.167480,1.628161,0.196265,0.170553,293.579435,0.000000,0.000000,-0.000001,101325.000000,2.782703,1.169855,0,0
0.890000,107.844051,0.000528,0.000000,107.844579,1.628838,0.196268,0.172515,293.581562,0.000000,0.000000,-0.000001,101325.000000,2.793662,1.023184,0,0
0.900000,107.894719,0.000528,0.000000,107.895246,1.628721,0.196257,0.174478,293.583685,0.000000,0.000000,-0.000001,101325.000000,2.803175,0.880649,0,0
0.910000,108.112938,0.000528,0.000000,108.113466,1.628271,0.196263,0.176441,293.585812,0.000000,0.000000,-0.000001,101325.000000,2.811283,0.741838,0,0
0.920000,107.870049,0.000528,0.000000,107.870576,1.628784,0.196267,0.178403,293.587940,0.000000,0.000000,-0.000001,101325.000000,2.818019,0.606327,0,0
0.930000,107.828130,0.000528,0.000000,107.828658,1.628860,0.196257,0.180366,293.590062,0.000000,0.000000,-0.000001,101325.000000,2.823416,0.473592,0,0
0.940000,108.136987,0.000528,0.000000,108.137515,1.628217,0.196258,0.182329,293.592188,0.000000,0.000000,-0.000001,101325.000000,2.827498,0.343189,0,0
0.950000,108.025855,0.000528,0.000000,108.026383,1.628460,0.196267,0.184291,293.594316,0.000000,0.000000,-0.000001,101325.000000,2.830287,0.214697,0,0
0.960000,107.918559,0.000528,0.000000,107.919086,1.628683,0.196264,0.186254,293.596441,0.000000,0.000000,-0.000001,101325.000000,2.831799,0.087798,0,0
0.970000,107.948776,0.000528,0.000000,107.949303,1.628619,0.196262,0.188216,293.598566,0.000000,0.000000,-0.000001,101325.000000,2.832049,-0.037767,0,0
0.980000,107.971834,0.000528,0.000000,107.972362,1.628574,0.196262,0.190179,293.600692,0.000000,0.000000,-0.000001,101325.000000,2.831049,-0.162146,0,0
0.990000,107.972730,0.000528,0.000000,107.973258,1.628574,0.196263,0.192142,293.602817,0.000000,0.000000,-0.000001,101325.000000,2.828810,-0.285434,0,0
1.000000,107.968630,0.000528,0.000000,107.969158,1.628583,0.196263,0.194104,293.604942,0.000000,0.000000,-0.000001,101325.000000,2.825344,-0.407649,0,0
1.010000,107.968155,0.000528,0.000000,107.968683,1.628587,0.196263,0.196067,293.607068,0.000000,0.000000,-0.000001,101325.000000,2.820660,-0.528745,0,0
1.020000,107.968005,0.000528,0.000000,107.968533,1.628593,0.196263,0.198030,293.609193,0.000000,0.000000,-0.000001,101325.000000,2.814772,-0.648624,0,0
1.030000,107.968424,0.000528,0.000000,107.968952,1.628592,0.196263,0.199992,293.611318,0.000000,0.000000,-0.000001,101325.000000,2.807692,-0.767134,0,0
1.040000,107.969056,0.000528,0.000000,107.969583,1.628594,0.196263,0.201955,293.613443,0.000000,0.000000,-0.000001,101325.000000,2.799434,-0.884084,0,0
1.050000,107.969881,0.000528,0.000000,107.970409,1.628600,0.196263,0.203918,293.615568,0.000000,0.000000,-0.000001,101325.000000,2.790016,-0.999244,0,0
1.060000,107.970894,0.000528,0.000000,107.971421,1.628608,0.196263,0.205880,293.617693,0.000000,0.000000,-0.000001,101325.000000,2.779456,-1.112353,0,0
1.070000,107.970904,0.000528,0.000000,107.971431,1.628602,0.196263,0.207843,293.619817,0.000000,0.000000,-0.000001,101325.000000,2.767776,-1.223117,0,0
1.080000,107.971097,0.000528,0.000000,107.971624,1.628598,0.196263,0.209805,293.621942,0.000000,0.000000,-0.000001,101325.000000,2.755002,-1.331219,0,0
1.090000,107.971495,0.000528,0.000000,107.972023,1.628597,0.196263,0.211768,293.624067,0.000000,0.000000,-0.000001,101325.000000,2.741160,-1.436322,0,0
1.100000,107.972094,0.000528,0.000000,107.972621,1.628600,0.196263,0.213731,293.626191,0.000000,0.000000,-0.000001,101325.000000,2.726283,-1.538038,0,0
1.110000,107.972885,0.000528,0.000000,107.973413,1.628606,0.196263,0.215693,293.628316,0.000000,0.000000,-0.000001,101325.000000,2.710408,-1.635982,0,0
1.120000,107.973863,0.000528,0.000000,107.974391,1.628614,0.196263,0.217656,293.630440,0.000000,0.000000,-0.000001,101325.000000,2.693575,-1.729730,0,0
1.130000,107.975022,0.000528,0.000000,107.975550,1.628626,0.196263,0.219619,293.632565,0.000000,0.000000,-0.000001,101325.000000,2.675828,-1.818751,0,0
1.140000,107.976355,0.000528,0.000000,107.976882,1.628641,0.196263,0.221581,293.634689,0.000000,0.000000,-0.000001,101325.000000,2.657217,-1.902541,0,0
1.150000,107.975686,0.000528,0.000000,107.976214,1.628631,0.196263,0.223544,293.636814,0.000000,0.000000,-0.000001,101325.000000,2.637797,-1.980518,0,0
1.160000,107.975220,0.000528,0.000000,107.975747,1.628623,0.196263,0.225506,293.638938,0.000000,0.000000,-0.000001,101325.000000,2.617630,-2.052006,0,0
1.170000,107.974967,0.000528,0.000000,107.975494,1.628619,0.196263,0.227469,293.641062,0.000000,0.000000,-0.000001,101325.000000,2.596783,-2.116304,0,0
1.180000,107.974921,0.000528,0.000000,107.975448,1.628618,0.196263,0.229432,293.643186,0.000000,0.000000,-0.000001,101325.000000,2.575332,-2.172612,0,0
1.190000,107.975075,0.000528,0.000000,107.975603,1.628620,0.196263,0.231394,293.645310,0.000000,0.000000,-0.000001,101325.000000,2.553362,-2.220053,0,0
1.200000,107.975424,0.000528,0.000000,107.975952,1.628625,0.196263,0.233357,293.647434,0.000000,0.000000,-0.000001,101325.000000,2.530965,-2.257676,0,0
1.210000,107.975961,0.000528,0.000000,107.976488,1.628633,0.196263,0.235320,293.649558,0.000000,0.000000,-0.000001,101325.000000,2.508245,-2.284475,0,0
1.220000,107.976667,0.000528,0.000000,107.977195,1.628644,0.196263,0.237282,293.651682,0.000000,0.000000,-0.000001,101325.000000,2.485316,-2.299330,0,0
1.230000,107.975950,0.000528,0.000000,107.976478,1.628633,0.196263,0.239245,293.653806,0.000000,0.000000,-0.000001,101325.000000,2.462302,-2.301097,0,0
1.240000,107.975453,0.000528,0.000000,107.975981,1.628626,0.196263,0.241207,293.655929,0.000000,0.000000,-0.000001,101325.000000,2.439341,-2.288574,0,0
1.250000,107.975171,0.000528,0.000000,107.975698,1.628621,0.196263,0.243170,293.658053,0.000000,0.000000,-0.000001,101325.000000,2.416582,-2.260481,0,0
1.260000,107.975096,0.000528,0.000000,107.975623,1.628619,0.196263,0.245133,293.660176,0.000000,0.000000,-0.000001,101325.000000,2.394185,-2.215693,0,0
1.270000,107.975222,0.000528,0.000000,107.975749,1.628621,0.196263,0.247095,293.662300,0.000000,0.000000,-0.000001,101325.000000,2.372325,-2.152947,0,0
1.280000,107.975543,0.000528,0.000000,107.976071,1.628626,0.196263,0.249058,293.664424,0.000000,0.000000,-0.000001,101325.000000,2.351187,-2.071221,0,0
1.290000,107.976053,0.000528,0.000000,107.976580,1.628634,0.196263,0.251021,293.666547,0.000000,0.000000,-0.000001,101325.000000,2.330963,-1.969755,0,0
1.300000,107.976720,0.000528,0.000000,107.977247,1.628644,0.196263,0.252983,293.668671,0.000000,0.000000,-0.000001,101325.000000,2.311856,-1.848257,0,0
1.310000,107.976382,0.000528,0.000000,107.976910,1.628643,0.196263,0.254946,293.670794,0.000000,0.000000,-0.000001,101325.000000,2.294064,-1.707234,0,0
1.320000,107.975982,0.000528,0.000000,107.976510,1.628641,0.196263,0.256908,293.672917,0.000000,0.000000,-0.000001,101325.000000,2.277773,-1.548738,0,0
1.330000,107.975524,0.000528,0.000000,107.976052,1.628639,0.196263,0.258871,293.675041,0.000000,0.000000,-0.000001,101325.000000,2.263139,-1.376970,0,0
1.340000,107.975012,0.000528,0.000000,107.975540,1.628637,0.196263,0.260834,293.677164,0.000000,0.000000,-0.000001,101325.000000,2.250257,-1.199561,0,0
1.350000,107.974450,0.000528,0.000000,107.974978,1.628634,0.196263,0.262796,293.679287,0.000000,0.000000,-0.000001,101325.000000,2.239126,-1.029243,0,0
1.360000,107.973843,0.000528,0.000000,107.974370,1.628631,0.196263,0.264759,293.681410,0.000000,0.000000,-0.000001,101325.000000,2.229586,-0.885295,0,0
1.370000,107.973193,0.000528,0.000000,107.973721,1.628627,0.196263,0.266722,293.683533,0.000000,0.000000,-0.000001,101325.000000,2.221249,-0.794055,0,0
1.380000,107.972507,0.000528,0.000000,107.973035,1.628624,0.196263,0.268684,293.685656,0.000000,0.000000,-0.000001,101325.000000,2.213434,-0.786334,0,0
1.390000,107.971787,0.000528,0.000000,107.972315,1.628620,0.196263,0.270647,293.687778,0.000000,0.000000,-0.000001,101325.000000,2.205166,-0.887391,0,0
1.400000,107.971039,0.000528,0.000000,107.971566,1.628615,0.196263,0.272609,293.689901,0.000000,0.000000,-0.000001,101325.000000,2.195294,-1.105279,0,0
1.410000,107.970265,0.000528,0.000000,107.970793,1.628611,0.196263,0.274572,293.692024,0.000000,0.000000,-0.000001,101325.000000,2.182709,-1.427220,0,0
1.420000,107.969471,0.000528,0.000000,107.969999,1.628605,0.196263,0.276535,293.694146,0.000000,0.000000,-0.000001,101325.000000,2.166501,-1.824600,0,0
1.430000,107.968661,0.000528,0.000000,107.969189,1.628600,0.196263,0.278497,293.696269,0.000000,0.000000,-0.000001,101325.000000,2.146091,-2.260342,0,0
1.440000,107.967838,0.000528,0.000000,107.968366,1.628594,0.196263,0.280460,293.698391,0.000000,0.000000,-0.000001,101325.000000,2.121301,-2.693281,0,0
1.450000,107.967008,0.000528,0.000000,107.967535,1.628588,0.196263,0.282423,293.700514,0.000000,0.000000,-0.000001,101325.000000,2.092374,-3.081174,0,0
1.460000,107.966198,0.000528,0.000000,107.966725,1.628582,0.196263,0.284385,293.702636,0.000000,0.000000,-0.000001,101325.000000,2.059947,-3.388380,0,0
1.470000,107.965835,0.000528,0.000000,107.966362,1.628580,0.196263,0.286348,293.704759,0.000000,0.000000,-0.000001,101325.000000,2.024929,-3.598937,0,0
1.480000,107.965521,0.000528,0.000000,107.966049,1.628579,0.196263,0.288310,293.706881,0.000000,0.000000,-0.000001,101325.000000,1.988260,-3.722484,0,0
1.490000,107.965260,0.000528,0.000000,107.965788,1.628577,0.196263,0.290273,293.709003,0.000000,0.000000,-0.000001,101325.000000,1.950686,-3.784445,0,0
1.500000,107.965054,0.000528,0.000000,107.965581,1.628576,0.196263,0.292236,293.711125,0.000000,0.000000,-0.000001,101325.000000,1.912684,-3.812598,0,0
1.510000,107.964905,0.000528,0.000000,107.965432,1.628575,0.196263,0.294198,293.713247,0.000000,0.000000,-0.000001,101325.000000,1.874472,-3.829519,0,0
1.520000,107.964815,0.000528,0.000000,107.965343,1.628574,0.196263,0.296161,293.715369,0.000000,0.000000,-0.000001,101325.000000,1.836079,-3.850578,0,0
1.530000,107.964788,0.000528,0.000000,107.965315,1.628573,0.196263,0.298124,293.717491,0.000000,0.000000,-0.000001,101325.000000,1.797415,-3.885083,0,0
1.540000,107.964825,0.000528,0.000000,107.965353,1.628573,0.196263,0.300086,293.719613,0.000000,0.000000,-0.000001,101325.000000,1.758317,-3.937677,0,0
1.550000,107.964930,0.000528,0.000000,107.965457,1.628572,0.196263,0.302049,293.721735,0.000000,0.000000,-0.000001,101325.000000,1.718597,-4.009511,0,0
1.560000,107.965104,0.000528,0.000000,107.965631,1.628573,0.196263,0.304011,293.723857,0.000000,0.000000,-0.000001,101325.000000,1.678067,-4.099200,0,0
1.570000,107.965350,0.000528,0.000000,107.965878,1.628573,0.196263,0.305974,293.725978,0.000000,0.000000,-0.000001,101325.000000,1.636563,-4.203591,0,0
1.580000,107.965672,0.000528,0.000000,107.966200,1.628573,0.196263,0.307937,293.728100,0.000000,0.000000,-0.000001,101325.000000,1.593959,-4.318450,0,0
1.590000,107.966071,0.000528,0.000000,107.966598,1.628574,0.196263,0.309899,293.730221,0.000000,0.000000,-0.000001,101325.000000,1.550174,-4.438980,0,0
1.600000,107.966549,0.000528,0.000000,107.967077,1.628575,0.196263,0.311862,293.732343,0.000000,0.000000,-0.000001,101325.000000,1.505176,-4.560123,0,0
1.610000,107.967110,0.000528,0.000000,107.967638,1.628576,0.196263,0.313825,293.734464,0.000000,0.000000,-0.000001,101325.000000,1.458986,-4.676651,0,0
1.620000,107.967684,0.000528,0.000000,107.968211,1.628577,0.196263,0.315787,293.736586,0.000000,0.000000,-0.000001,101325.000000,1.411677,-4.783093,0,0
1.630000,107.967516,0.000528,0.000000,107.968044,1.628577,0.196263,0.317750,293.738707,0.000000,0.000000,-0.000001,101325.000000,1.363377,-4.873619,0,0
1.640000,107.967337,0.000528,0.000000,107.967864,1.628577,0.196263,0.319712,293.740828,0.000000,0.000000,-0.000001,101325.000000,1.314278,-4.942013,0,0
1.650000,107.967149,0.000528,0.000000,107.967677,1.628577,0.196263,0.321675,293.742949,0.000000,0.000000,-0.000001,101325.000000,1.264632,-4.981879,0,0
1.660000,107.966957,0.000528,0.000000,107.967484,1.628577,0.196263,0.323638,293.745070,0.000000,0.000000,-0.000001,101325.000000,1.214755,-4.987186,0,0
1.670000,107.966762,0.000528,0.000000,107.967289,1.628576,0.196263,0.325600,293.747191,0.000000,0.000000,-0.000001,101325.000000,1.165019,-4.953142,0,0
1.680000,107.966568,0.000528,0.000000,107.967096,1.628576,0.196263,0.327563,293.749312,0.000000,0.000000,-0.000001,101325.000000,1.115832,-4.877184,0,0
1.690000,107.966378,0.000528,0.000000,107.966906,1.628576,0.196263,0.329526,293.751433,0.000000,0.000000,-0.000001,101325.000000,1.067614,-4.759716,0,0
1.700000,107.966196,0.000528,0.000000,107.966724,1.628576,0.196263,0.331488,293.753554,0.000000,0.000000,-0.000001,101325.000000,1.020765,-4.604236,0,0
1.710000,107.966024,0.000528,0.000000,107.966552,1.628576,0.196263,0.333451,293.755675,0.000000,0.000000,-0.000001,101325.000000,0.975636,-4.416778,0,0
1.720000,107.965866,0.000528,0.000000,107.966394,1.628576,0.196263,0.335413,293.757796,0.000000,0.000000,-0.000001,101325.000000,0.932511,-4.204885,0,0
1.730000,107.965725,0.000528,0.000000,107.966252,1.628576,0.196263,0.337376,293.759916,0.000000,0.000000,-0.000001,101325.000000,0.891594,-3.976514,0,0
1.740000,107.965603,0.000528,0.000000,107.966131,1.628576,0.196263,0.339339,293.762037,0.000000,0.000000,-0.000001,101325.000000,0.853011,-3.739167,0,0
1.750000,107.965505,0.000528,0.000000,107.966032,1.628576,0.196263,0.341301,293.764157,0.000000,0.000000,-0.000001,101325.000000,0.816819,-3.499367,0,0
1.760000,107.965433,0.000528,0.000000,107.965960,1.628576,0.196263,0.343264,293.766278,0.000000,0.000000,-0.000001,101325.000000,0.783014,-3.262417,0,0
1.770000,107.965390,0.000528,0.000000,107.965917,1.628576,0.196263,0.345227,293.768398,0.000000,0.000000,-0.000001,101325.000000,0.751548,-3.032363,0,0
1.780000,107.965358,0.000528,0.000000,107.965885,1.628576,0.196263,0.347189,293.770519,0.000000,0.000000,-0.000001,101325.000000,0.722334,-2.812071,0,0
1.790000,107.965183,0.000528,0.000000,107.965711,1.628576,0.196263,0.349152,293.772639,0.000000,0.000000,-0.000001,101325.000000,0.695267,-2.603379,0,0
1.800000,107.965025,0.000528,0.000000,107.965552,1.628576,0.196263,0.351115,293.774759,0.000000,0.000000,-0.000001,101325.000000,0.670225,-2.407246,0,0
1.810000,107.964885,0.000528,0.000000,107.965412,1.628576,0.196263,0.353077,293.776879,0.000000,0.000000,-0.000001,101325.000000,0.647080,-2.223896,0,0
1.820000,107.964766,0.000528,0.000000,107.965294,1.628576,0.196263,0.355040,293.778999,0.000000,0.000000,-0.000001,101325.000000,0.625705,-2.052955,0,0
1.830000,107.964673,0.000528,0.000000,107.965201,1.628576,0.196263,0.357002,293.781119,0.000000,0.000000,-0.000001,101325.000000,0.605982,-1.893582,0,0
1.840000,107.964609,0.000528,0.000000,107.965136,1.628576,0.196263,0.358965,293.783239,0.000000,0.000000,-0.000001,101325.000000,0.587799,-1.744606,0,0
1.850000,107.964575,0.000528,0.000000,107.965103,1.628576,0.196263,0.360928,293.785359,0.000000,0.000000,-0.000001,101325.000000,0.571059,-1.604649,0,0
1.860000,107.964576,0.000528,0.000000,107.965104,1.628576,0.196263,0.362890,293.787479,0.000000,0.000000,-0.000001,101325.000000,0.555680,-1.472231,0,0
1.870000,107.964615,0.000528,0.000000,107.965143,1.628576,0.196263,0.364853,293.789599,0.000000,0.000000,-0.000001,101325.000000,0.541592,-1.345860,0,0
1.880000,107.964695,0.000528,0.000000,107.965223,1.628576,0.196263,0.366816,293.791718,0.000000,0.000000,-0.000001,101325.000000,0.528741,-1.224130,0,0
1.890000,107.964819,0.000528,0.000000,107.965347,1.628576,0.196263,0.368778,293.793838,0.000000,0.000000,-0.000001,101325.000000,0.517090,-1.105816,0,0
1.900000,107.964990,0.000528,0.000000,107.965518,1.628577,0.196263,0.370741,293.795958,0.000000,0.000000,-0.000001,101325.000000,0.506610,-0.989761,0,0
1.910000,107.965211,0.000528,0.000000,107.965739,1.628577,0.196263,0.372703,293.798077,0.000000,0.000000,-0.000001,101325.000000,0.497285,-0.875089,0,0
1.920000,107.965486,0.000528,0.000000,107.966014,1.628577,0.196263,0.374666,293.800197,0.000000,0.000000,-0.000001,101325.000000,0.489103,-0.761031,0,0
1.930000,107.965818,0.000528,0.000000,107.966345,1.628577,0.196263,0.376629,293.802316,0.000000,0.000000,-0.000001,101325.000000,0.482062,-0.647075,0,0
1.940000,107.966111,0.000528,0.000000,107.966639,1.628577,0.196263,0.378591,293.804435,0.000000,0.000000,-0.000001,101325.000000,0.476163,-0.532805,0,0
1.950000,107.965859,0.000528,0.000000,107.966387,1.628577,0.196263,0.380554,293.806555,0.000000,0.000000,-0.000001,101325.000000,0.471409,-0.418015,0,0
1.960000,107.965592,0.000528,0.000000,107.966119,1.628577,0.196263,0.382517,293.808674,0.000000,0.000000,-0.000001,101325.000000,0.467805,-0.302638,0,0
1.970000,107.965312,0.000528,0.000000,107.965839,1.628578,0.196263,0.384479,293.810793,0.000000,0.000000,-0.000001,101325.000000,0.465358,-0.186753,0,0
1.980000,107.965022,0.000528,0.000000,107.965550,1.628578,0.196263,0.386442,293.812912,0.000000,0.000000,-0.000001,101325.000000,0.464071,-0.070565,0,0
1.990000,107.964727,0.000528,0.000000,107.965254,1.628578,0.196263,0.388404,293.815031,0.000000,0.000000,-0.000001,101325.000000,0.463947,0.045639,0,0
2.000000,107.964428,0.000528,0.000000,107.964956,1.628578,0.196263,0.390367,293.817150,0.000000,0.000000,-0.000001,101325.000000,0.464983,0.161493,1,0
2.010000,107.964130,0.000528,0.000000,107.964658,1.628578,0.196263,0.392330,293.819269,0.000000,0.000000,-0.000001,101325.000000,0.467175,0.276599,1,0
2.020000,107.963836,0.000528,0.000000,107.964363,1.628578,0.196263,0.394292,293.821388,0.000000,0.000000,-0.000001,101325.000000,0.470512,0.390524,1,0
2.030000,107.963548,0.000528,0.000000,107.964075,1.628578,0.196263,0.396255,293.823506,0.000000,0.000000,-0.000001,101325.000000,0.474981,0.502839,1,0
2.040000,107.963270,0.000528,0.000000,107.963797,1.628578,0.196263,0.398218,293.825625,0.000000,0.000000,-0.000001,101325.000000,0.480563,0.613102,1,0
2.050000,107.963005,0.000528,0.000000,107.963533,1.628578,0.196263,0.400180,293.827744,0.000000,0.000000,-0.000001,101325.000000,0.487236,0.720891,1,0
2.060000,107.962756,0.000528,0.000000,107.963284,1.628578,0.196263,0.402143,293.829862,0.000000,0.000000,-0.000001,101325.000000,0.494972,0.825791,1,0
2.070000,107.962527,0.000528,0.000000,107.963055,1.628578,0.196263,0.404105,293.831981,0.000000,0.000000,-0.000001,101325.000000,0.503741,0.927401,1,0
2.080000,107.962320,0.000528,0.000000,107.962848,1.628578,0.196263,0.406068,293.834099,0.000000,0.000000,-0.000001,101325.000000,0.513508,1.025340,1,0
2.090000,107.962140,0.000528,0.000000,107.962667,1.628578,0.196263,0.408031,293.836218,0.000000,0.000000,-0.000001,101325.000000,0.524234,1.119237,1,0
2.100000,107.961988,0.000528,0.000000,107.962515,1.628578,0.196263,0.409993,293.838336,0.000000,0.000000,-0.000001,101325.000000,0.535878,1.208734,1,0
2.110000,107.961868,0.000528,0.000000,107.962396,1.628578,0.196263,0.411956,293.840454,0.000000,0.000000,-0.000001,101325.000000,0.548393,1.293480,1,0
2.120000,107.961784,0.000528,0.000000,107.962312,1.628578,0.196263,0.413919,293.842572,0.000000,0.000000,-0.000001,101325.000000,0.561730,1.373130,1,0
2.130000,107.961739,0.000528,0.000000,107.962266,1.628578,0.196263,0.415881,293.844690,0.000000,0.000000,-0.000001,101325.000000,0.575837,1.447343,1,0
2.140000,107.961735,0.000528,0.000000,107.962263,1.628578,0.196263,0.417844,293.846808,0.000000,0.000000,-0.000001,101325.000000,0.590658,1.515781,1,0
2.150000,107.961776,0.000528,0.000000,107.962304,1.628578,0.196263,0.419806,293.848926,0.000000,0.000000,-0.000001,101325.000000,0.606133,1.578113,1,0
2.160000,107.961866,0.000528,0.000000,107.962394,1.628578,0.196263,0.421769,293.851044,0.000000,0.000000,-0.000001,101325.000000,0.622199,1.634019,1,0
2.170000,107.962007,0.000528,0.000000,107.962535,1.628578,0.196263,0.423732,293.853162,0.000000,0.000000,-0.000001,101325.000000,0.638791,1.683199,1,0
2.180000,107.962203,0.000528,0.000000,107.962731,1.628578,0.196263,0.425694,293.855280,0.000000,0.000000,-0.000001,101325.000000,0.655840,1.725375,1,0
2.190000,107.962456,0.000528,0.000000,107.962984,1.628578,0.196263,0.427657,293.857398,0.000000,0.000000,-0.000001,101325.000000,0.673274,1.760322,1,0
2.200000,107.962771,0.000528,0.000000,107.963299,1.628578,0.196263,0.429620,293.859515,0.000000,0.000000,-0.000001,101325.000000,0.691022,1.787874,1,0
2.210000,107.963150,0.000528,0.000000,107.963678,1.628578,0.196263,0.431582,293.861633,0.000000,0.000000,-0.000001,101325.000000,0.709007,1.807955,1,0
2.220000,107.963596,0.000528,0.000000,107.964124,1.628578,0.196263,0.433545,293.863751,0.000000,0.000000,-0.000001,101325.000000,0.727157,1.820622,1,0
2.230000,107.964113,0.000528,0.000000,107.964641,1.628578,0.196263,0.435507,293.865868,0.000000,0.000000,-0.000001,101325.000000,0.745397,1.826080,1,0
2.240000,107.964704,0.000528,0.000000,107.965232,1.628578,0.196263,0.437470,293.867985,0.000000,0.000000,-0.000001,101325.000000,0.763657,1.824767,1,0
2.250000,107.965372,0.000528,0.000000,107.965900,1.628578,0.196263,0.439433,293.870103,0.000000,0.000000,-0.000001,101325.000000,0.781873,1.817365,1,0
2.260000,107.965841,0.000528,0.000000,107.966369,1.628578,0.196263,0.441395,293.872220,0.000000,0.000000,-0.000001,101325.000000,0.799989,1.804898,1,0
2.270000,107.965297,0.000528,0.000000,107.965825,1.628578,0.196263,0.443358,293.874337,0.000000,0.000000,-0.000001,101325.000000,0.817961,1.788747,1,0
2.280000,107.964757,0.000528,0.000000,107.965284,1.628578,0.196263,0.445321,293.876454,0.000000,0.000000,-0.000001,101325.000000,0.835760,1.770715,1,0
2.290000,107.964223,0.000528,0.000000,107.964751,1.628578,0.196263,0.447283,293.878572,0.000000,0.000000,-0.000001,101325.000000,0.853378,1.752978,1,0
2.300000,107.963700,0.000528,0.000000,107.964228,1.628578,0.196263,0.449246,293.880689,0.000000,0.000000,-0.000001,101325.000000,0.870830,1.738108,1,0
2.310000,107.963190,0.000528,0.000000,107.963718,1.628578,0.196263,0.451208,293.882806,0.000000,0.000000,-0.000001,101325.000000,0.888159,1.728870,1,0
2.320000,107.962697,0.000528,0.000000,107.963225,1.628578,0.196263,0.453171,293.884922,0.000000,0.000000,-0.000001,101325.000000,0.905435,1.727943,1,0
2.330000,107.962224,0.000528,0.000000,107.962752,1.628578,0.196263,0.455134,293.887039,0.000000,0.000000,-0.000001,101325.000000,0.922754,1.737760,1,0
2.340000,107.961774,0.000528,0.000000,107.962302,1.628578,0.196263,0.457096,293.889156,0.000000,0.000000,-0.000001,101325.000000,0.940233,1.759945,1,0
2.350000,107.961350,0.000528,0.000000,107.961878,1.628578,0.196263,0.459059,293.891273,0.000000,0.000000,-0.000001,101325.000000,0.957998,1.795245,1,0
2.360000,107.960956,0.000528,0.000000,107.961483,1.628578,0.196263,0.461022,293.893389,0.000000,0.000000,-0.000001,101325.000000,0.976181,1.843498,1,0
2.370000,107.960594,0.000528,0.000000,107.961121,1.628578,0.196263,0.462984,293.895506,0.000000,0.000000,-0.000001,101325.000000,0.994907,1.903634,1,0
2.380000,107.960268,0.000528,0.000000,107.960795,1.628578,0.196263,0.464947,293.897623,0.000000,0.000000,-0.000001,101325.000000,1.014287,1.974204,1,0
2.390000,107.959980,0.000528,0.000000,107.960508,1.628578,0.196263,0.466910,293.899739,0.000000,0.000000,-0.000001,101325.000000,1.034419,2.053778,1,0
2.400000,107.959736,0.000528,0.000000,107.960263,1.628578,0.196263,0.468872,293.901855,0.000000,0.000000,-0.000001,101325.000000,1.055389,2.141308,1,0
2.410000,107.959536,0.000528,0.000000,107.960064,1.628578,0.196263,0.470835,293.903972,0.000000,0.000000,-0.000001,101325.000000,1.077272,2.236564,1,0
2.420000,107.959385,0.000528,0.000000,107.959913,1.628578,0.196263,0.472797,293.906088,0.000000,0.000000,-0.000001,101325.000000,1.100150,2.340147,1,0
2.430000,107.959286,0.000528,0.000000,107.959814,1.628578,0.196263,0.474760,293.908204,0.000000,0.000000,-0.000001,101325.000000,1.124108,2.453119,1,0
2.440000,107.959242,0.000528,0.000000,107.959769,1.628578,0.196263,0.476723,293.910320,0.000000,0.000000,-0.000001,101325.000000,1.149246,2.576631,1,0
2.450000,107.959256,0.000528,0.000000,107.959783,1.628578,0.196263,0.478685,293.912436,0.000000,0.000000,-0.000001,101325.000000,1.175674,2.711353,1,0
2.460000,107.959331,0.000528,0.000000,107.959859,1.628578,0.196263,0.480648,293.914552,0.000000,0.000000,-0.000001,101325.000000,1.203505,2.856970,1,0
2.470000,107.959471,0.000528,0.000000,107.959999,1.628578,0.196263,0.482611,293.916668,0.000000,0.000000,-0.000001,101325.000000,1.232842,3.012027,1,0
2.480000,107.959679,0.000528,0.000000,107.960207,1.628578,0.196263,0.484573,293.918784,0.000000,0.000000,-0.000001,101325.000000,1.263769,3.173993,1,0
2.490000,107.959958,0.000528,0.000000,107.960486,1.628578,0.196263,0.486536,293.920900,0.000000,0.000000,-0.000001,101325.000000,1.296336,3.339635,1,0
2.500000,107.960311,0.000528,0.000000,107.960839,1.628578,0.196263,0.488498,293.923016,0.000000,0.000000,-0.000001,101325.000000,1.330562,3.505296,1,0
2.510000,107.960742,0.000528,0.000000,107.961269,1.628578,0.196263,0.490461,293.925132,0.000000,0.000000,-0.000001,101325.000000,1.366429,3.667102,1,0
2.520000,107.961253,0.001889,0.000000,107.963142,1.628578,0.196263,0.492424,293.927247,0.000009,0.000009,-0.000001,101325.000000,1.403879,3.821119,1,0
2.530000,107.961848,0.005771,0.000000,107.967619,1.628578,0.196263,0.494386,293.929363,0.000027,0.000027,-0.000001,101325.000000,1.442813,3.963557,1,0
2.540000,107.962530,0.012215,0.000000,107.974745,1.628578,0.196263,0.496349,293.931478,0.000054,0.000054,-0.000001,101325.000000,1.483100,4.090901,1,0
2.550000,107.963302,0.020692,0.000000,107.983994,1.628578,0.196263,0.498312,293.933594,0.000090,0.000090,-0.000001,101325.000000,1.524571,4.199985,1,0
2.560000,107.964168,0.030903,0.000000,107.995071,1.628578,0.196263,0.500274,293.935709,0.000134,0.000134,-0.000001,101325.000000,1.567029,4.288084,1,0
2.570000,107.965130,0.042676,0.000000,108.007806,1.628578,0.196263,0.502237,293.937824,0.000187,0.000187,-0.000001,101325.000000,1.610255,4.353035,1,0
2.580000,107.965744,0.055723,0.000000,108.021467,1.628578,0.196263,0.504199,293.939940,0.000248,0.000248,-0.000001,101325.000000,1.654008,4.393365,1,0
2.590000,107.965203,0.069638,0.000000,108.034841,1.628578,0.196263,0.506162,293.942055,0.000318,0.000318,-0.000001,101325.000000,1.698038,4.408396,1,0
2.600000,107.964667,0.084204,0.000000,108.048871,1.628578,0.196263,0.508125,293.944170,0.000396,0.000396,-0.000001,101325.000000,1.742092,4.398324,1,0
2.610000,107.964138,0.115618,0.000000,108.079757,1.628578,0.196263,0.510087,293.946285,0.000482,0.000482,-0.000001,101325.000000,1.785925,4.364237,1,0
2.620000,107.963620,0.115994,0.000000,108.079614,1.628578,0.196263,0.512050,293.948400,0.000575,0.000575,-0.000001,101325.000000,1.829303,4.308060,1,0
2.630000,107.963115,0.129918,0.000000,108.093033,1.628578,0.196263,0.514013,293.950515,0.000677,0.000677,-0.000001,101325.000000,1.872021,4.232412,1,0
2.640000,107.962627,0.145563,0.000000,108.108190,1.628578,0.196263,0.515975,293.952630,0.000786,0.000786,-0.000001,101325.000000,1.913897,4.140389,1,0
2.650000,107.962159,0.176662,0.000000,108.138820,1.628578,0.196263,0.517938,293.954745,0.000903,0.000903,-0.000001,101325.000000,1.954785,4.035298,1,0
2.660000,107.961714,0.176471,0.000000,108.138184,1.628578,0.196263,0.519900,293.956859,0.001028,0.001028,-0.000001,101325.000000,1.994570,3.920373,1,0
2.670000,107.961295,0.191354,0.000000,108.152649,1.628578,0.196263,0.521863,293.958974,0.001160,0.001160,-0.000001,101325.000000,2.033169,3.798512,1,0
2.680000,107.960906,0.211502,0.000000,108.172408,1.628578,0.196263,0.523826,293.961089,0.001300,0.001300,-0.000001,101325.000000,2.070524,3.672076,1,0
2.690000,107.960549,0.243696,0.000000,108.204245,1.628578,0.196263,0.525788,293.963203,0.001446,0.001446,-0.000001,101325.000000,2.106600,3.542783,1,0
2.700000,107.960229,0.244751,0.000000,108.204980,1.628578,0.196263,0.527751,293.965318,0.001600,0.001600,-0.000001,101325.000000,2.141374,3.411717,1,0
2.710000,107.959947,0.260951,0.000000,108.220898,1.628578,0.196263,0.529714,293.967432,0.001761,0.001761,-0.000001,101325.000000,2.174831,3.279421,1,0
2.720000,107.959708,0.262998,0.000000,108.222707,1.628578,0.196263,0.531676,293.969547,0.001929,0.001929,-0.000001,101325.000000,2.206959,3.146054,1,0
2.730000,107.959515,0.276471,0.000000,108.235986,1.628578,0.196263,0.533639,293.971661,0.002103,0.002103,-0.000001,101325.000000,2.237748,3.011562,1,0
2.740000,107.959370,0.295624,0.000000,108.254994,1.628578,0.196263,0.535601,293.973775,0.002285,0.002285,-0.000001,101325.000000,2.267186,2.875819,1,0
2.750000,107.959277,0.344334,0.000000,108.303611,1.628578,0.196263,0.537564,293.975889,0.002473,0.002473,-0.000001,101325.000000,2.295260,2.738741,1,0
2.760000,107.959239,0.329586,0.000000,108.288825,1.628578,0.196263,0.539527,293.978003,0.002667,0.002667,-0.000001,101325.000000,2.321957,2.600333,1,0
2.770000,107.959259,0.340446,0.000000,108.299705,1.628578,0.196263,0.541489,293.980117,0.002868,0.002868,-0.000001,101325.000000,2.347263,2.460718,1,0
2.780000,107.959341,0.363681,0.000000,108.323022,1.628578,0.196263,0.543452,293.982231,0.003076,0.003076,-0.000001,101325.000000,2.371168,2.320126,1,0
2.790000,107.959488,0.385929,0.000000,108.345417,1.628578,0.196263,0.545415,293.984345,0.003290,0.003290,-0.000001,101325.000000,2.393663,2.178871,1,0
2.800000,107.959702,0.408460,0.000000,108.368162,1.628578,0.196263,0.547377,293.986459,0.003510,0.003510,-0.000001,101325.000000,2.414744,2.037329,1,0
2.810000,107.959988,0.410384,0.000000,108.370372,1.628578,0.196263,0.549340,293.988573,0.003736,0.003736,-0.000001,101325.000000,2.434410,1.895905,1,0
2.820000,107.960347,0.408986,0.000000,108.369334,1.628578,0.196263,0.551302,293.990687,0.003968,0.003968,-0.000001,101325.000000,2.452664,1.755010,1,0
2.830000,107.960785,0.428416,0.000000,108.389201,1.628578,0.196263,0.553265,293.992800,0.004206,0.004206,-0.000001,101325.000000,2.469513,1.615044,1,0
2.840000,107.961303,0.433026,0.000000,108.394329,1.628578,0.196263,0.555228,293.994914,0.004451,0.004451,-0.000001,101325.000000,2.484968,1.476376,1,0
2.850000,107.961904,0.442606,0.000000,108.404511,1.628578,0.196263,0.557190,293.997028,0.004700,0.004700,-0.000001,101325.000000,2.499045,1.339334,1,0
2.860000,107.962593,0.443266,0.000000,108.405860,1.628578,0.196263,0.559153,293.999141,0.004956,0.004956,-0.000001,101325.000000,2.511761,1.204208,1,0
2.870000,107.963372,0.443904,0.000000,108.407276,1.628578,0.196263,0.561116,294.001254,0.005217,0.005217,-0.000001,101325.000000,2.523136,1.071233,1,0
2.880000,107.964245,0.464771,0.000000,108.429016,1.628578,0.196263,0.563078,294.003368,0.005484,0.005484,-0.000001,101325.000000,2.533193,0.940605,1,0
2.890000,107.965214,0.486497,0.000000,108.451711,1.628578,0.196263,0.565041,294.005481,0.005757,0.005757,-0.000001,101325.000000,2.541956,0.812472,1,0
2.900000,107.965731,0.494853,0.000000,108.460584,1.628578,0.196263,0.567003,294.007594,0.006034,0.006034,-0.000001,101325.000000,2.549451,0.686943,1,0
2.910000,107.965192,0.487276,0.000000,108.452467,1.628578,0.196263,0.568966,294.009707,0.006318,0.006318,-0.000001,101325.000000,2.555704,0.564092,1,0
2.920000,107.964656,0.552775,0.000000,108.517431,1.628578,0.196263,0.570929,294.011821,0.006606,0.006606,-0.000001,101325.000000,2.560742,0.443966,1,0
2.930000,107.964128,0.512969,0.000000,108.477097,1.628578,0.196263,0.572891,294.013934,0.006900,0.006900,-0.000001,101325.000000,2.564593,0.326591,1,0
2.940000,107.963611,0.531374,0.000000,108.494985,1.628578,0.196263,0.574854,294.016047,0.007198,0.007198,-0.000001,101325.000000,2.567283,0.211986,1,0
2.950000,107.963107,0.585338,0.000000,108.548445,1.628578,0.196263,0.576817,294.018160,0.007502,0.007502,-0.000001,101325.000000,2.568842,0.100162,1,0
2.960000,107.962620,0.542358,0.000000,108.504979,1.628578,0.196263,0.578779,294.020272,0.007811,0.007811,-0.000001,101325.000000,2.569297,-0.008865,1,0
2.970000,107.962153,0.543734,0.000000,108.505887,1.628578,0.196263,0.580742,294.022385,0.008125,0.008125,-0.000001,101325.000000,2.568677,-0.115067,1,0
2.980000,107.961710,0.566494,0.000000,108.528204,1.628578,0.196263,0.582705,294.024498,0.008443,0.008443,-0.000001,101325.000000,2.567009,-0.218403,1,0
2.990000,107.961292,0.577813,0.000000,108.539105,1.628578,0.196263,0.584667,294.026611,0.008766,0.008766,-0.000001,101325.000000,2.564324,-0.318823,1,0
3.000000,107.960905,0.590592,0.000000,108.551497,1.628578,0.196263,0.586630,294.028723,0.009095,0.009095,-0.000001,101325.000000,2.560649,-0.416238,1,0
3.010000,107.960550,0.633328,0.000000,108.593878,1.628578,0.196263,0.588592,294.030836,0.009427,0.009427,-0.000001,101325.000000,2.556014,-0.510536,1,0
3.020000,107.960232,0.637472,0.000000,108.597704,1.628578,0.196263,0.590555,294.032948,0.009765,0.009765,-0.000001,101325.000000,2.550453,-0.601607,1,0
3.030000,107.959952,0.618168,0.000000,108.578120,1.628578,0.196263,0.592518,294.035060,0.010106,0.010106,-0.000001,101325.000000,2.543998,-0.689276,1,0
3.040000,107.959715,0.674968,0.000000,108.634683,1.628578,0.196263,0.594480,294.037173,0.010453,0.010453,-0.000001,101325.000000,2.536683,-0.773352,1,0
3.050000,107.959524,0.612412,0.000000,108.571935,1.628578,0.196263,0.596443,294.039285,0.010803,0.010803,-0.000001,101325.000000,2.528545,-0.853685,1,0
3.060000,107.959381,0.669450,0.000000,108.628831,1.628578,0.196263,0.598406,294.041397,0.011158,0.011158,-0.000001,101325.000000,2.519623,-0.930031,1,0
3.070000,107.959291,0.630132,0.000000,108.589422,1.628578,0.196263,0.600368,294.043509,0.011518,0.011518,-0.000001,101325.000000,2.509958,-1.002161,1,0
3.080000,107.959255,0.683154,0.000000,108.642410,1.628578,0.196263,0.602331,294.045622,0.011881,0.011881,-0.000001,101325.000000,2.499594,-1.069868,1,0
3.090000,107.959278,0.692386,0.000000,108.651665,1.628578,0.196263,0.604293,294.047734,0.012249,0.012249,-0.000001,101325.000000,2.488575,-1.132892,1,0
3.100000,107.959363,0.712835,0.000000,108.672198,1.628578,0.196263,0.606256,294.049846,0.012621,0.012621,-0.000001,101325.000000,2.476951,-1.191013,1,0
3.110000,107.959512,0.712611,0.000000,108.672124,1.628578,0.196263,0.608219,294.051957,0.012997,0.012997,-0.000001,101325.000000,2.464770,-1.244017,1,0
3.120000,107.959730,0.701396,0.000000,108.661125,1.628578,0.196263,0.610181,294.054069,0.013377,0.013377,-0.000001,101325.000000,2.452087,-1.291689,1,0
3.130000,107.960018,0.746956,0.000000,108.706974,1.628578,0.196263,0.612144,294.056181,0.013761,0.013761,-0.000001,101325.000000,2.438954,-1.333890,1,0
3.140000,107.960382,0.703606,0.000000,108.663988,1.628578,0.196263,0.614107,294.058293,0.014148,0.014148,-0.000001,101325.000000,2.425426,-1.370476,1,0
3.150000,107.960822,0.709511,0.000000,108.670333,1.628578,0.196263,0.616069,294.060404,0.014540,0.014540,-0.000001,101325.000000,2.411561,-1.401409,1,0
3.160000,107.961344,0.701196,0.000000,108.662540,1.628578,0.196263,0.618032,294.062516,0.014935,0.014935,-0.000001,101325.000000,2.397413,-1.426758,1,0
3.170000,107.961949,0.735012,0.000000,108.696961,1.628578,0.196263,0.619994,294.064627,0.015334,0.015334,-0.000001,101325.000000,2.383041,-1.446637,1,0
3.180000,107.962642,0.765706,0.000000,108.728348,1.628578,0.196263,0.621957,294.066739,0.015737,0.015737,-0.000001,101325.000000,2.368493,-1.461462,1,0
3.190000,107.963425,0.742509,0.000000,108.705934,1.628578,0.196263,0.623920,294.068850,0.016143,0.016143,-0.000001,101325.000000,2.353821,-1.471714,1,0
3.200000,107.964302,0.750374,0.000000,108.714676,1.628578,0.196263,0.625882,294.070962,0.016553,0.016553,-0.000001,101325.000000,2.339067,-1.478207,1,0
3.210000,107.965275,0.749914,0.000000,108.715189,1.628578,0.196263,0.627845,294.073073,0.016967,0.016967,-0.000001,101325.000000,2.324261,-1.482106,1,0
3.220000,107.965909,0.797158,0.000000,108.763068,1.628578,0.196263,0.629808,294.075184,0.017384,0.017384,-0.000001,101325.000000,2.309426,-1.484831,1,0
3.230000,107.965912,0.747340,0.000000,108.713252,1.628578,0.196263,0.631770,294.077295,0.017804,0.017804,-0.000001,101325.000000,2.294562,-1.488289,1,0
3.240000,107.965914,0.771400,0.000000,108.737314,1.628578,0.196263,0.633733,294.079406,0.018228,0.018228,-0.000001,101325.000000,2.279652,-1.494740,1,0
3.250000,107.965917,0.812285,0.000000,108.778202,1.628578,0.196263,0.635695,294.081517,0.018655,0.018655,-0.000001,101325.000000,2.264653,-1.506854,1,0
3.260000,107.965920,0.820905,0.000000,108.786825,1.628578,0.196263,0.637658,294.083628,0.019085,0.019085,-0.000001,101325.000000,2.249493,-1.527420,1,0
3.270000,107.965923,0.789049,0.000000,108.754972,1.628578,0.196263,0.639621,294.085739,0.019519,0.019519,-0.000001,101325.000000,2.234071,-1.559385,1,0
3.280000,107.965926,0.835247,0.000000,108.801173,1.628578,0.196263,0.641583,294.087850,0.019956,0.019956,-0.000001,101325.000000,2.218262,-1.605314,1,0
3.290000,107.965930,0.800535,0.000000,108.766464,1.628578,0.196263,0.643546,294.089961,0.020396,0.020396,-0.000001,101325.000000,2.201915,-1.667208,1,0
3.300000,107.965933,0.826480,0.000000,108.792414,1.628578,0.196263,0.645509,294.092071,0.020839,0.020839,-0.000001,101325.000000,2.184865,-1.746239,1,0
3.310000,107.965937,0.909859,0.000000,108.875797,1.628578,0.196263,0.647471,294.094182,0.021285,0.021285,-0.000001,101325.000000,2.166939,-1.842340,1,0
3.320000,107.965941,0.886605,0.000000,108.852546,1.628578,0.196263,0.649434,294.096293,0.021735,0.021735,-0.000001,101325.000000,2.147971,-1.954261,1,0
3.330000,107.965946,0.893037,0.000000,108.858983,1.628578,0.196263,0.651396,294.098403,0.022187,0.022187,-0.000001,101325.000000,2.127814,-2.079415,1,0
3.340000,107.965950,0.817307,0.000000,108.783258,1.628578,0.196263,0.653359,294.100513,0.022642,0.022642,-0.000001,101325.000000,2.106353,-2.214235,1,0
3.350000,107.965955,0.888755,0.000000,108.854710,1.628578,0.196263,0.655322,294.102624,0.023100,0.023100,-0.000001,101325.000000,2.083511,-2.354468,1,0
3.360000,107.965960,0.886244,0.000000,108.852204,1.628578,0.196263,0.657284,294.104734,0.023561,0.023561,-0.000001,101325.000000,2.059258,-2.495489,1,0
3.370000,107.965965,0.860837,0.000000,108.826802,1.628578,0.196263,0.659247,294.106844,0.024025,0.024025,-0.000001,101325.000000,2.033611,-2.632898,1,0
3.380000,107.965971,0.913145,0.000000,108.879115,1.628578,0.196263,0.661210,294.108955,0.024491,0.024491,-0.000001,101325.000000,2.006626,-2.762757,1,0
3.390000,107.965976,0.918921,0.000000,108.884897,1.628578,0.196263,0.663172,294.111065,0.024961,0.024961,-0.000001,101325.000000,1.978393,-2.881921,1,0
3.400000,107.965982,0.859038,0.000000,108.825020,1.628578,0.196263,0.665135,294.113175,0.025433,0.025433,-0.000001,101325.000000,1.949031,-2.988340,1,0
3.410000,107.965989,1.013175,0.000000,108.979164,1.628578,0.196263,0.667097,294.115285,0.025907,0.025907,-0.000001,101325.000000,1.918671,-3.081207,1,0
3.420000,107.965995,0.895785,0.000000,108.861780,1.628578,0.196263,0.669060,294.117395,0.026385,0.026385,-0.000001,101325.000000,1.887449,-3.160941,1,0
3.430000,107.966002,0.883857,0.000000,108.849859,1.628578,0.196263,0.671023,294.119505,0.026865,0.026865,-0.000001,101325.000000,1.855492,-3.228897,1,0
3.440000,107.966009,0.912326,0.000000,108.878335,1.628578,0.196263,0.672985,294.121614,0.027347,0.027347,-0.000001,101325.000000,1.822905,-3.287023,1,0
3.450000,107.966016,0.951432,0.000000,108.917449,1.628578,0.196263,0.674948,294.123724,0.027832,0.027832,-0.000001,101325.000000,1.789776,-3.337389,1,0
3.460000,107.966024,0.996307,0.000000,108.962332,1.628578,0.196263,0.676911,294.125834,0.028320,0.028320,-0.000001,101325.000000,1.756175,-3.381948,1,0
3.470000,107.966032,0.921922,0.000000,108.887954,1.628578,0.196263,0.678873,294.127943,0.028810,0.028810,-0.000001,101325.000000,1.722151,-3.422405,1,0
3.480000,107.966040,0.980451,0.000000,108.946491,1.628578,0.196263,0.680836,294.130053,0.029302,0.029302,-0.000001,101325.000000,1.687737,-3.460098,1,0
3.490000,107.966049,0.896427,0.000000,108.862476,1.628578,0.196263,0.682799,294.132162,0.029797,0.029797,-0.000001,101325.000000,1.652957,-3.495848,1,0
3.500000,107.966058,0.913653,0.000000,108.879712,1.628578,0.196263,0.684761,294.134272,0.030294,0.030294,-0.000001,101325.000000,1.617826,-3.529889,1,0
3.510000,107.966068,0.918534,0.000000,108.884601,1.628578,0.196263,0.686724,294.136381,0.030794,0.030794,-0.000001,101325.000000,1.582365,-3.561924,1,0
3.520000,107.966077,0.913291,0.000000,108.879369,1.628578,0.196263,0.688686,294.138490,0.031296,0.031296,-0.000001,101325.000000,1.546597,-3.591254,1,0
3.530000,107.966087,0.972123,0.000000,108.938210,1.628578,0.196263,0.690649,294.140600,0.031800,0.031800,-0.000001,101325.000000,1.510553,-3.616862,1,0
3.540000,107.966098,0.980505,0.000000,108.946604,1.628578,0.196263,0.692612,294.142709,0.032306,0.032306,-0.000001,101325.000000,1.474277,-3.637471,1,0
3.550000,107.966109,1.001238,0.000000,108.967347,1.628578,0.196263,0.694574,294.144818,0.032815,0.032815,-0.000001,101325.000000,1.437825,-3.651589,1,0
3.560000,107.966120,0.955290,0.000000,108.921410,1.628578,0.196263,0.696537,294.146927,0.033325,0.033325,-0.000001,101325.000000,1.401271,-3.657664,1,0
3.570000,107.966132,0.943904,0.000000,108.910036,1.628578,0.196263,0.698500,294.149036,0.033838,0.033838,-0.000001,101325.000000,1.364703,-3.654260,1,0
3.580000,107.966145,0.954867,0.000000,108.921011,1.628578,0.196263,0.700462,294.151145,0.034353,0.034353,-0.000001,101325.000000,1.328222,-3.640154,1,0
3.590000,107.966157,1.012938,0.000000,108.979096,1.628578,0.196263,0.702425,294.153254,0.034870,0.034870,-0.000001,101325.000000,1.291939,-3.614378,1,0
3.600000,107.966171,0.997149,0.000000,108.963319,1.628578,0.196263,0.704387,294.155362,0.035389,0.035389,-0.000001,101325.000000,1.255975,-3.576276,1,0
3.610000,107.966185,1.045499,0.000000,109.011683,1.628578,0.196263,0.706350,294.157471,0.035911,0.035911,-0.000001,101325.000000,1.220455,-3.525580,1,0
3.620000,107.966199,0.973002,0.000000,108.939201,1.628578,0.196263,0.708313,294.159580,0.036434,0.036434,-0.000001,101325.000000,1.185505,-3.462451,1,0
3.630000,107.966214,0.993056,0.000000,108.959270,1.628578,0.196263,0.710275,294.161688,0.036959,0.036959,-0.000001,101325.000000,1.151244,-3.387423,1,0
3.640000,107.966229,0.996241,0.000000,108.962471,1.628578,0.196263,0.712238,294.163797,0.037486,0.037486,-0.000001,101325.000000,1.117788,-3.301370,1,0
3.650000,107.966246,0.988929,0.000000,108.955174,1.628578,0.196263,0.714201,294.165905,0.038015,0.038015,-0.000001,101325.000000,1.085243,-3.205441,1,0
3.660000,107.966262,1.020658,0.000000,108.986920,1.628578,0.196263,0.716163,294.168014,0.038546,0.038546,-0.000001,101325.000000,1.053702,-3.100937,1,0
3.670000,107.966280,1.028093,0.000000,108.994372,1.628578,0.196263,0.718126,294.170122,0.039078,0.039078,-0.000001,101325.000000,1.023243,-2.989321,1,0
3.680000,107.966298,0.980982,0.000000,108.947280,1.628578,0.196263,0.720088,294.172230,0.039613,0.039613,-0.000001,101325.000000,0.993932,-2.872055,1,0
3.690000,107.966317,1.081445,0.000000,109.047762,1.628578,0.196263,0.722051,294.174339,0.040149,0.040149,-0.000001,101325.000000,0.965816,-2.750507,1,0
3.700000,107.966336,0.995077,0.000000,108.961413,1.628578,0.196263,0.724014,294.176447,0.040688,0.040688,-0.000001,101325.000000,0.938932,-2.625947,1,0
3.710000,107.966357,1.019661,0.000000,108.986017,1.628577,0.196263,0.725976,294.178555,0.041228,0.041228,-0.000001,101325.000000,0.913305,-2.499522,1,0
3.720000,107.966378,1.014241,0.000000,108.980619,1.628577,0.196263,0.727939,294.180663,0.041769,0.041769,-0.000001,101325.000000,0.888947,-2.372190,1,0
3.730000,107.966399,1.063544,0.000000,109.029944,1.628577,0.196263,0.729902,294.182771,0.042313,0.042313,-0.000001,101325.000000,0.865863,-2.244743,1,0
3.740000,107.966422,1.124621,0.000000,109.091043,1.628577,0.196263,0.731864,294.184879,0.042858,0.042858,-0.000001,101325.000000,0.844052,-2.117804,1,0
3.750000,107.966446,1.072124,0.000000,109.038570,1.628577,0.196263,0.733827,294.186986,0.043405,0.043405,-0.000001,101325.000000,0.823506,-1.991837,1,0
3.760000,107.966470,1.085328,0.000000,109.051798,1.628577,0.196263,0.735789,294.189094,0.043953,0.043953,-0.000001,101325.000000,0.804213,-1.867159,1,0
3.770000,107.966496,1.154611,0.000000,109.121107,1.628577,0.196263,0.737752,294.191202,0.044503,0.044503,-0.000001,101325.000000,0.786159,-1.743971,1,0
3.780000,107.966522,1.077439,0.000000,109.043961,1.628577,0.196263,0.739715,294.193310,0.045055,0.045055,-0.000001,101325.000000,0.769329,-1.622370,1,0
3.790000,107.966550,1.063787,0.000000,109.030337,1.628576,0.196263,0.741677,294.195417,0.045608,0.045608,-0.000001,101325.000000,0.753707,-1.502381,1,0
3.800000,107.966578,1.051565,0.000000,109.018143,1.628576,0.196263,0.743640,294.197525,0.046163,0.046163,-0.000001,101325.000000,0.739276,-1.383979,1,0
3.810000,107.966608,1.119863,0.000000,109.086471,1.628576,0.196263,0.745603,294.199632,0.046719,0.046719,-0.000001,101325.000000,0.726022,-1.267108,1,0
3.820000,107.966639,1.209920,0.000000,109.176558,1.628576,0.196263,0.747565,294.201739,0.047277,0.047277,-0.000001,101325.000000,0.713929,-1.151695,1,0
3.830000,107.966671,1.046902,0.000000,109.013573,1.628576,0.196263,0.749528,294.203847,0.047836,0.047836,-0.000001,101325.000000,0.702983,-1.037661,1,0
3.840000,107.966704,1.035364,0.000000,109.002068,1.628576,0.196263,0.751490,294.205954,0.048397,0.048397,-0.000001,101325.000000,0.693171,-0.924934,1,0
3.850000,107.966738,1.076593,0.000000,109.043331,1.628575,0.196263,0.753453,294.208061,0.048959,0.048959,-0.000001,101325.000000,0.684480,-0.813460,1,0
3.860000,107.966764,1.065897,0.000000,109.032661,1.628575,0.196263,0.755416,294.210168,0.049523,0.049523,-0.000001,101325.000000,0.676898,-0.703205,1,0
3.870000,107.966782,1.062628,0.000000,109.029410,1.628575,0.196263,0.757378,294.212275,0.050088,0.050088,-0.000001,101325.000000,0.670411,-0.594163,1,0
3.880000,107.966799,1.184518,0.000000,109.151317,1.628575,0.196263,0.759341,294.214382,0.050655,0.050655,-0.000001,101325.000000,0.665009,-0.486359,1,0
3.890000,107.966815,1.096014,0.000000,109.062829,1.628576,0.196263,0.761304,294.216489,0.051223,0.051223,-0.000001,101325.000000,0.660677,-0.379850,1,0
3.900000,107.966831,1.056223,0.000000,109.023054,1.628576,0.196263,0.763266,294.218596,0.051792,0.051792,-0.000001,101325.000000,0.657405,-0.274739,1,0
3.910000,107.966847,1.080170,0.000000,109.047016,1.628576,0.196263,0.765229,294.220703,0.052363,0.052363,-0.000001,101325.000000,0.655176,-0.171125,1,0
3.920000,107.966862,1.111226,0.000000,109.078087,1.628576,0.196263,0.767191,294.222810,0.052934,0.052934,-0.000001,101325.000000,0.653976,-0.069139,1,0
3.930000,107.966876,1.088212,0.000000,109.055088,1.628576,0.196263,0.769154,294.224917,0.053508,0.053508,-0.000001,101325.000000,0.653787,0.031059,1,0
3.940000,107.966890,1.200377,0.000000,109.167267,1.628576,0.196263,0.771117,294.227023,0.054082,0.054082,-0.000001,101325.000000,0.654591,0.129311,1,0
3.950000,107.966903,1.125065,0.000000,109.091967,1.628576,0.196263,0.773079,294.229130,0.054658,0.054658,-0.000001,101325.000000,0.656367,0.225433,1,0
3.960000,107.966915,1.174318,0.000000,109.141233,1.628577,0.196263,0.775042,294.231236,0.055235,0.055235,-0.000001,101325.000000,0.659093,0.319235,1,0
3.970000,107.966927,1.071623,0.000000,109.038550,1.628577,0.196263,0.777005,294.233343,0.055813,0.055813,-0.000001,101325.000000,0.662744,0.410523,1,0
3.980000,107.966938,1.142319,0.000000,109.109257,1.628577,0.196263,0.778967,294.235449,0.056393,0.056393,-0.000001,101325.000000,0.667295,0.499093,1,0
3.990000,107.966948,1.197928,0.000000,109.164876,1.628577,0.196263,0.780930,294.237556,0.056973,0.056973,-0.000001,101325.000000,0.672717,0.584739,1,0
4.000000,107.966957,1.196103,0.000000,109.163060,1.628577,0.196263,0.782892,294.239662,0.057555,0.057555,-0.000001,101325.000000,0.678980,0.667257,1,0
4.010000,107.966966,1.123836,0.000000,109.090802,1.628577,0.196263,0.784855,294.241768,0.058138,0.058138,-0.000001,101325.000000,0.686051,0.746449,1,0
4.020000,107.966974,1.581653,0.000000,109.548627,1.628578,0.196263,0.786818,294.243874,0.058713,0.058713,0.000579,101325.000000,0.693897,0.822121,1,0
4.030000,107.966980,2.135381,0.000000,110.102362,1.628578,0.196263,0.788780,294.245980,0.059280,0.059280,0.001398,101325.000000,0.702481,0.894097,1,0
4.040000,107.966986,2.926628,0.000000,110.893614,1.628578,0.196263,0.790743,294.248087,0.059840,0.059840,0.002318,101325.000000,0.711767,0.962217,1,0
4.050000,107.966991,2.051504,0.000000,110.018495,1.628578,0.196263,0.792706,294.250193,0.060391,0.060391,0.003281,101325.000000,0.721713,1.026343,1,0
4.060000,107.966995,1.163636,0.000000,109.130632,1.628578,0.196263,0.794668,294.252298,0.060935,0.060935,0.004264,101325.000000,0.732281,1.086372,1,0
4.070000,107.966999,1.234983,0.000000,109.201981,1.628579,0.196263,0.796631,294.254404,0.061472,0.061472,0.005255,101325.000000,0.743428,1.142230,1,0
4.080000,107.967001,1.421641,0.000000,109.388642,1.628579,0.196263,0.798593,294.256510,0.062001,0.062001,0.006251,101325.000000,0.755113,1.193906,1,0
4.090000,107.967002,1.507943,0.000000,109.474945,1.628579,0.196263,0.800556,294.258616,0.062523,0.062523,0.007249,101325.000000,0.767293,1.241426,1,0
4.100000,107.967002,1.491892,0.000000,109.458894,1.628579,0.196263,0.802519,294.260721,0.063038,0.063038,0.008248,101325.000000,0.779929,1.284894,1,0
4.110000,107.967001,1.495211,0.000000,109.462211,1.628579,0.196263,0.804481,294.262827,0.063545,0.063545,0.009248,101325.000000,0.792980,1.324495,1,0
4.120000,107.966999,1.485671,0.000000,109.452670,1.628580,0.196263,0.806444,294.264933,0.064046,0.064046,0.010247,101325.000000,0.806408,1.360490,1,0
4.130000,107.966995,1.459429,0.000000,109.426424,1.628580,0.196263,0.808407,294.267038,0.064540,0.064540,0.011247,101325.000000,0.820180,1.393264,1,0
4.140000,107.966991,1.492437,0.000000,109.459428,1.628580,0.196263,0.810369,294.269144,0.065027,0.065027,0.012247,101325.000000,0.834266,1.423298,1,0
4.150000,107.966986,1.463648,0.000000,109.430634,1.628580,0.196263,0.812332,294.271249,0.065507,0.065507,0.013247,101325.000000,0.848641,1.451190,1,0
4.160000,107.966979,1.458035,0.000000,109.425014,1.628580,0.196263,0.814294,294.273354,0.065981,0.065981,0.014247,101325.000000,0.863287,1.477672,1,0
4.170000,107.966971,1.422734,0.000000,109.389705,1.628580,0.196263,0.816257,294.275459,0.066448,0.066448,0.015247,101325.000000,0.878194,1.503584,1,0
4.180000,107.966962,1.405535,0.000000,109.372497,1.628581,0.196263,0.818220,294.277565,0.066909,0.066909,0.016247,101325.000000,0.893360,1.529845,1,0
4.190000,107.966952,1.464502,0.000000,109.431454,1.628581,0.196263,0.820182,294.279670,0.067363,0.067363,0.017247,101325.000000,0.908795,1.557503,1,0
4.200000,107.966940,1.416309,0.000000,109.383249,1.628581,0.196263,0.822145,294.281775,0.067811,0.067811,0.018247,101325.000000,0.924517,1.587540,1,0
4.210000,107.966927,1.398079,0.000000,109.365006,1.628581,0.196263,0.824108,294.283880,0.068253,0.068253,0.019247,101325.000000,0.940556,1.621033,1,0
4.220000,107.966913,1.330779,0.000000,109.297693,1.628581,0.196263,0.826070,294.285985,0.068689,0.068689,0.020247,101325.000000,0.956950,1.658861,1,0
4.230000,107.966898,1.325754,0.000000,109.292652,1.628582,0.196263,0.828033,294.288090,0.069119,0.069119,0.021247,101325.000000,0.973748,1.701850,1,0
4.240000,107.966881,1.362015,0.000000,109.328897,1.628582,0.196263,0.829996,294.290194,0.069543,0.069543,0.022247,101325.000000,0.991004,1.750569,1,0
4.250000,107.966863,1.398588,0.000000,109.365451,1.628582,0.196263,0.831958,294.292299,0.069962,0.069962,0.023247,101325.000000,1.008777,1.805430,1,0
4.260000,107.966844,1.298045,0.000000,109.264889,1.628582,0.196263,0.833921,294.294404,0.070374,0.070374,0.024247,101325.000000,1.027131,1.866570,1,0
4.270000,107.966824,1.298953,0.000000,109.265776,1.628582,0.196263,0.835883,294.296509,0.070781,0.070781,0.025247,101325.000000,1.046128,1.933965,1,0
4.280000,107.966802,1.298962,0.000000,109.265764,1.628582,0.196263,0.837846,294.298613,0.071182,0.071182,0.026247,101325.000000,1.065830,2.007322,1,0
4.290000,107.966778,1.288326,0.000000,109.255104,1.628582,0.196263,0.839809,294.300718,0.071578,0.071578,0.027247,101325.000000,1.086293,2.086241,1,0
4.300000,107.966754,1.316963,0.000000,109.283717,1.628583,0.196263,0.841771,294.302822,0.071968,0.071968,0.028247,101325.000000,1.107572,2.170137,1,0
4.310000,107.966728,1.293345,0.000000,109.260073,1.628583,0.196263,0.843734,294.304926,0.072353,0.072353,0.029247,101325.000000,1.129712,2.258351,1,0
4.320000,107.966701,1.281411,0.000000,109.248112,1.628583,0.196263,0.845697,294.307031,0.072732,0.072732,0.030247,101325.000000,1.152752,2.350118,1,0
4.330000,107.966672,1.255964,0.000000,109.222637,1.628583,0.196263,0.847659,294.309135,0.073107,0.073107,0.031247,101325.000000,1.176725,2.444617,1,0
4.340000,107.966642,1.245895,0.000000,109.212537,1.628583,0.196263,0.849622,294.311239,0.073476,0.073476,0.032247,101325.000000,1.201652,2.540928,1,0
4.350000,107.966611,1.228179,0.000000,109.194790,1.628583,0.196263,0.851584,294.313343,0.073840,0.073840,0.033247,101325.000000,1.227547,2.638091,1,0
4.360000,107.966579,1.188131,0.000000,109.154710,1.628583,0.196263,0.853547,294.315447,0.074199,0.074199,0.034247,101325.000000,1.254413,2.735035,1,0
4.370000,107.966545,1.180685,0.000000,109.147229,1.628583,0.196263,0.855510,294.317551,0.074553,0.074553,0.035247,101325.000000,1.282243,2.830643,1,0
4.380000,107.966510,1.243103,0.000000,109.209613,1.628583,0.196263,0.857472,294.319655,0.074903,0.074903,0.036247,101325.000000,1.311018,2.923721,1,0
4.390000,107.966473,1.179231,0.000000,109.145704,1.628584,0.196263,0.859435,294.321759,0.075247,0.075247,0.037247,101325.000000,1.340705,3.013049,1,0
4.400000,107.966435,1.181463,0.000000,109.147898,1.628584,0.196263,0.861398,294.323863,0.075587,0.075587,0.038247,101325.000000,1.371263,3.097380,1,0
4.410000,107.966396,1.186385,0.000000,109.152782,1.628584,0.196263,0.863360,294.325967,0.075922,0.075922,0.039247,101325.000000,1.402633,3.175514,1,0
4.420000,107.966356,1.157952,0.000000,109.124308,1.628584,0.196263,0.865323,294.328071,0.076253,0.076253,0.040247,101325.000000,1.434749,3.246307,1,0
4.430000,107.966314,1.161468,0.000000,109.127782,1.628584,0.196263,0.867285,294.330174,0.076579,0.076579,0.041247,101325.000000,1.467532,3.308715,1,0
4.440000,107.966271,1.129089,0.000000,109.095360,1.628584,0.196263,0.869248,294.332278,0.076900,0.076900,0.042247,101325.000000,1.500894,3.361819,1,0
4.450000,107.966227,1.153763,0.000000,109.119990,1.628584,0.196263,0.871211,294.334381,0.077217,0.077217,0.043247,101325.000000,1.534737,3.404865,1,0
4.460000,107.966182,1.091884,0.000000,109.058065,1.628584,0.196263,0.873173,294.336485,0.077530,0.077530,0.044247,101325.000000,1.568958,3.437247,1,0
4.470000,107.966135,1.090191,0.000000,109.056326,1.628584,0.196263,0.875136,294.338588,0.077838,0.077838,0.045247,101325.000000,1.603448,3.458565,1,0
4.480000,107.966087,1.127137,0.000000,109.093224,1.628584,0.196263,0.877099,294.340692,0.078143,0.078143,0.046247,101325.000000,1.638096,3.468604,1,0
4.490000,107.966038,1.073388,0.000000,109.039426,1.628584,0.196263,0.879061,294.342795,0.078443,0.078443,0.047247,101325.000000,1.672787,3.467373,1,0
4.500000,107.965997,1.117636,0.000000,109.083633,1.628584,0.196263,0.881024,294.344898,0.078738,0.078738,0.048247,101325.000000,1.707412,3.455092,1,0
4.510000,107.965960,1.061655,0.000000,109.027615,1.628584,0.196263,0.882986,294.347001,0.079030,0.079030,0.049247,101325.000000,1.741859,3.432160,1,0
4.520000,107.965922,0.717250,0.000000,108.683172,1.628584,0.196263,0.884949,294.349104,0.079318,0.079318,0.049683,101325.000000,1.776025,3.399152,1,0
4.530000,107.965883,0.578378,0.000000,108.544261,1.628584,0.196263,0.886912,294.351207,0.079602,0.079602,0.049866,101325.000000,1.809815,3.356731,1,0
4.540000,107.965843,0.510528,0.000000,108.476371,1.628584,0.196263,0.888874,294.353310,0.079882,0.079882,0.049942,101325.000000,1.843135,3.305709,1,0
4.550000,107.965802,0.482679,0.000000,108.448481,1.628584,0.196263,0.890837,294.355413,0.080158,0.080158,0.049975,101325.000000,1.875904,3.246880,1,0
4.560000,107.965761,0.469005,0.000000,108.434766,1.628584,0.196263,0.892800,294.357516,0.080430,0.080430,0.049989,101325.000000,1.908049,3.181062,1,0
4.570000,107.965718,0.459503,0.000000,108.425221,1.628584,0.196263,0.894762,294.359619,0.080699,0.080699,0.049995,101325.000000,1.939504,3.109008,1,0
4.580000,107.965675,0.451429,0.000000,108.417104,1.628585,0.196263,0.896725,294.361721,0.080963,0.080963,0.049998,101325.000000,1.970209,3.031425,1,0
4.590000,107.965631,0.444139,0.000000,108.409770,1.628585,0.196263,0.898687,294.363824,0.081225,0.081225,0.049999,101325.000000,2.000114,2.948934,1,0
4.600000,107.965586,0.437152,0.000000,108.402738,1.628585,0.196263,0.900650,294.365926,0.081482,0.081482,0.049999,101325.000000,2.029173,2.862091,1,0
4.610000,107.965540,0.430356,0.000000,108.395896,1.628585,0.196263,0.902613,294.368029,0.081736,0.081736,0.049999,101325.000000,2.057343,2.771389,1,0
4.620000,107.965493,0.423726,0.000000,108.389220,1.628585,0.196263,0.904575,294.370131,0.081987,0.081987,0.050000,101325.000000,2.084589,2.677245,1,0
4.630000,107.965446,0.417248,0.000000,108.382694,1.628585,0.196263,0.906538,294.372234,0.082231,0.082231,0.050000,101325.000000,2.110878,2.580037,1,0
4.640000,107.965398,0.411003,0.000000,108.376402,1.628585,0.196263,0.908501,294.374336,0.082464,0.082464,0.050000,101325.000000,2.136181,2.480102,1,0
4.650000,107.965349,0.404779,0.000000,108.370128,1.628585,0.196263,0.910463,294.376438,0.082698,0.082698,0.050000,101325.000000,2.160472,2.377749,1,0
4.660000,107.965300,0.398575,0.000000,108.363875,1.628585,0.196263,0.912426,294.378540,0.082932,0.082932,0.050000,101325.000000,2.183729,2.273272,1,0
4.670000,107.965250,0.392476,0.000000,108.357726,1.628585,0.196263,0.914388,294.380642,0.083161,0.083161,0.049999,101325.000000,2.205932,2.166958,1,0
4.680000,107.965199,0.386532,0.000000,108.351731,1.628585,0.196263,0.916351,294.382745,0.083383,0.083383,0.049999,101325.000000,2.227063,2.059093,1,0
4.690000,107.965148,0.380609,0.000000,108.345757,1.628585,0.196263,0.918314,294.384847,0.083605,0.083605,0.049999,101325.000000,2.247110,1.949959,1,0
4.700000,107.965096,0.374707,0.000000,108.339803,1.628585,0.196263,0.920276,294.386948,0.083827,0.083827,0.049999,101325.000000,2.266060,1.839839,1,0
4.710000,107.965043,0.368920,0.000000,108.333964,1.628585,0.196263,0.922239,294.389050,0.084043,0.084043,0.049999,101325.000000,2.283904,1.729008,1,0
4.720000,107.964991,0.363254,0.000000,108.328244,1.628585,0.196263,0.924202,294.391152,0.084253,0.084253,0.049999,101325.000000,2.300638,1.617733,1,0
4.730000,107.964937,0.357609,0.000000,108.322546,1.628585,0.196263,0.926164,294.393254,0.084464,0.084464,0.049999,101325.000000,2.316258,1.506275,1,0
4.740000,107.964883,0.351987,0.000000,108.316870,1.628585,0.196263,0.928127,294.395355,0.084674,0.084674,0.049999,101325.000000,2.330764,1.394877,1,0
4.750000,107.964829,0.346419,0.000000,108.311248,1.628584,0.196263,0.930089,294.397457,0.084882,0.084882,0.049999,101325.000000,2.344157,1.283771,1,0
4.760000,107.964774,0.340918,0.000000,108.305693,1.628584,0.196263,0.932052,294.399559,0.085086,0.085086,0.049999,101325.000000,2.356441,1.173171,1,0
4.770000,107.964719,0.335467,0.000000,108.300186,1.628584,0.196263,0.934015,294.401660,0.085288,0.085288,0.049999,101325.000000,2.367622,1.063279,1,0
4.780000,107.964664,0.330064,0.000000,108.294729,1.628584,0.196263,0.935977,294.403761,0.085487,0.085487,0.049999,101325.000000,2.377709,0.954279,1,0
4.790000,107.964609,0.324712,0.000000,108.289321,1.628584,0.196263,0.937940,294.405863,0.085685,0.085685,0.049999,101325.000000,2.386712,0.846345,1,0
4.800000,107.964553,0.319410,0.000000,108.283963,1.628584,0.196263,0.939903,294.407964,0.085881,0.085881,0.049999,101325.000000,2.394640,0.739633,1,0
4.810000,107.964497,0.314160,0.000000,108.278657,1.628583,0.196263,0.941865,294.410065,0.086074,0.086074,0.049999,101325.000000,2.401509,0.634288,1,0
4.820000,107.964442,0.308960,0.000000,108.273402,1.628583,0.196263,0.943828,294.412166,0.086265,0.086265,0.049999,101325.000000,2.407331,0.530444,1,0
4.830000,107.964386,0.303828,0.000000,108.268214,1.628583,0.196263,0.945790,294.414267,0.086453,0.086453,0.049999,101325.000000,2.412123,0.428220,1,0
4.840000,107.964330,0.298757,0.000000,108.263087,1.628583,0.196263,0.947753,294.416369,0.086639,0.086639,0.049999,101325.000000,2.415902,0.327753,1,0
4.850000,107.964274,0.293744,0.000000,108.258018,1.628582,0.196263,0.949716,294.418469,0.086822,0.086822,0.049999,101325.000000,2.418685,0.229162,1,0
4.860000,107.964219,0.288789,0.000000,108.253007,1.628582,0.196263,0.951678,294.420570,0.087003,0.087003,0.049999,101325.000000,2.420493,0.132566,1,0
4.870000,107.964163,0.283892,0.000000,108.248055,1.628582,0.196263,0.953641,294.422671,0.087181,0.087181,0.049999,101325.000000,2.421345,0.038090,1,0
4.880000,107.964108,0.279053,0.000000,108.243161,1.628581,0.196263,0.955604,294.424772,0.087357,0.087357,0.049999,101325.000000,2.421264,-0.054140,1,0
4.890000,107.964053,0.274273,0.000000,108.238326,1.628581,0.196263,0.957566,294.426873,0.087530,0.087530,0.049999,101325.000000,2.420271,-0.143992,1,0
4.900000,107.963999,0.269553,0.000000,108.233551,1.628580,0.196263,0.959529,294.428973,0.087701,0.087701,0.049999,101325.000000,2.418393,-0.231347,1,0
4.910000,107.963945,0.264857,0.000000,108.228802,1.628580,0.196263,0.961492,294.431074,0.087871,0.087871,0.049999,101325.000000,2.415654,-0.316063,1,0
4.920000,107.963892,0.260214,0.000000,108.224105,1.628579,0.196263,0.963454,294.433174,0.088038,0.088038,0.049999,101325.000000,2.412082,-0.398008,1,0
4.930000,107.963839,0.255622,0.000000,108.219461,1.628579,0.196263,0.965417,294.435275,0.088204,0.088204,0.049999,101325.000000,2.407704,-0.477067,1,0
4.940000,107.963787,0.251084,0.000000,108.214871,1.628578,0.196263,0.967379,294.437375,0.088367,0.088367,0.049999,101325.000000,2.402551,-0.553102,1,0
4.950000,107.963736,0.246600,0.000000,108.210335,1.628578,0.196263,0.969342,294.439476,0.088528,0.088528,0.049999,101325.000000,2.396652,-0.626003,1,0
4.960000,107.963685,0.242169,0.000000,108.205854,1.628577,0.196263,0.971305,294.441576,0.088687,0.088687,0.049999,101325.000000,2.390041,-0.695672,1,0
4.970000,107.963636,0.237792,0.000000,108.201427,1.628577,0.196263,0.973267,294.443676,0.088844,0.088844,0.049999,101325.000000,2.382749,-0.762008,1,0
4.980000,107.963588,0.233469,0.000000,108.197056,1.628576,0.196263,0.975230,294.445776,0.088998,0.088998,0.049999,101325.000000,2.374810,-0.824958,1,0
4.990000,107.963540,0.229200,0.000000,108.192741,1.628575,0.196263,0.977193,294.447876,0.089151,0.089151,0.049999,101325.000000,2.366259,-0.884482,1,0
5.000000,107.963494,0.224987,0.000000,108.188481,1.628575,0.196263,0.979155,294.449976,0.089301,0.089301,0.049999,101325.000000,2.357130,-0.940562,1,0
5.010000,107.963449,0.220828,0.000000,108.184277,1.628574,0.196263,0.981118,294.452076,0.089449,0.089449,0.049999,101325.000000,2.347457,-0.993264,1,0
5.020000,107.963406,0.216724,0.000000,108.180130,1.628573,0.196263,0.983080,294.454176,0.089595,0.089595,0.049999,101325.000000,2.337273,-1.042665,1,0
5.030000,107.963364,0.212676,0.000000,108.176040,1.628572,0.196263,0.985043,294.456276,0.089739,0.089739,0.049999,101325.000000,2.326611,-1.088907,1,0
5.040000,107.963324,0.208683,0.000000,108.172006,1.628571,0.196263,0.987006,294.458376,0.089880,0.089880,0.049999,101325.000000,2.315500,-1.132251,1,0
5.050000,107.963285,0.204745,0.000000,108.168030,1.628570,0.196263,0.988968,294.460475,0.090020,0.090020,0.049999,101325.000000,2.303970,-1.172986,1,0
5.060000,107.963248,0.200850,0.000000,108.164098,1.628570,0.196263,0.990931,294.462575,0.090158,0.090158,0.049999,101325.000000,2.292044,-1.211514,1,0
5.070000,107.963213,0.196986,0.000000,108.160200,1.628569,0.196263,0.992894,294.464674,0.090295,0.090295,0.049999,101325.000000,2.279740,-1.248357,1,0
5.080000,107.963180,0.193174,0.000000,108.156354,1.628568,0.196263,0.994856,294.466774,0.090431,0.090431,0.049999,101325.000000,2.267074,-1.284126,1,0
5.090000,107.963149,0.189414,0.000000,108.152563,1.628567,0.196263,0.996819,294.468873,0.090565,0.090565,0.049999,101325.000000,2.254054,-1.319542,1,0
5.100000,107.963121,0.185705,0.000000,108.148825,1.628566,0.196263,0.998781,294.470973,0.090697,0.090697,0.049999,101325.000000,2.240679,-1.355427,1,0
5.110000,107.963094,0.182048,0.000000,108.145142,1.628564,0.196263,1.000744,294.473072,0.090826,0.090826,0.049999,101325.000000,2.226941,-1.392716,1,0
5.120000,107.963071,0.178442,0.000000,108.141513,1.628563,0.196263,1.002707,294.475171,0.090955,0.090955,0.049999,101325.000000,2.212820,-1.432333,1,0
5.130000,107.963049,0.174888,0.000000,108.137938,1.628562,0.196263,1.004669,294.477270,0.091081,0.091081,0.049999,101325.000000,2.198288,-1.475271,1,0
5.140000,107.963058,0.171386,0.000000,108.134444,1.628562,0.196263,1.006632,294.479370,0.091205,0.091205,0.049999,101325.000000,2.183305,-1.522392,1,0
5.150000,107.963077,0.167936,0.000000,108.131012,1.628561,0.196263,1.008595,294.481469,0.091327,0.091327,0.049999,101325.000000,2.167827,-1.574486,1,0
5.160000,107.963098,0.164537,0.000000,108.127635,1.628561,0.196263,1.010557,294.483567,0.091448,0.091448,0.049999,101325.000000,2.151800,-1.632144,1,0
5.170000,107.963122,0.161189,0.000000,108.124311,1.628561,0.196263,1.012520,294.485666,0.091566,0.091566,0.049999,101325.000000,2.135167,-1.695712,1,0
5.180000,107.963148,0.157893,0.000000,108.121041,1.628561,0.196263,1.014482,294.487765,0.091683,0.091683,0.049999,101325.000000,2.117868,-1.765248,1,0
5.190000,107.963177,0.154649,0.000000,108.117826,1.628560,0.196263,1.016445,294.489864,0.091798,0.091798,0.049999,101325.000000,2.099846,-1.840480,1,0
5.200000,107.963208,0.151455,0.000000,108.114663,1.628560,0.196263,1.018408,294.491962,0.091911,0.091911,0.049999,101325.000000,2.081045,-1.920774,1,0
5.210000,107.963242,0.148312,0.000000,108.111555,1.628560,0.196263,1.020370,294.494061,0.092022,0.092022,0.049999,101325.000000,2.061419,-2.005212,1,0
5.220000,107.963279,0.145210,0.000000,108.108489,1.628560,0.196263,1.022333,294.496160,0.092133,0.092133,0.049999,101325.000000,2.040932,-2.092562,1,0
5.230000,107.963318,0.142153,0.000000,108.105471,1.628560,0.196263,1.024296,294.498258,0.092244,0.092244,0.049999,101325.000000,2.019563,-2.181423,1,0
5.240000,107.963360,0.139144,0.000000,108.102504,1.628559,0.196263,1.026258,294.500356,0.092352,0.092352,0.049999,101325.000000,1.997302,-2.270274,1,0
5.250000,107.963404,0.136183,0.000000,108.099587,1.628559,0.196263,1.028221,294.502455,0.092460,0.092460,0.049999,101325.000000,1.974160,-2.357562,1,0
5.260000,107.963452,0.133270,0.000000,108.096722,1.628559,0.196263,1.030183,294.504553,0.092565,0.092565,0.049999,101325.000000,1.950158,-2.441892,1,0
5.270000,107.963501,0.130405,0.000000,108.093906,1.628559,0.196263,1.032146,294.506651,0.092669,0.092669,0.049999,101325.000000,1.925333,-2.521999,1,0
5.280000,107.963554,0.127587,0.000000,108.091141,1.628559,0.196263,1.034109,294.508749,0.092772,0.092772,0.049999,101325.000000,1.899733,-2.596891,1,0
5.290000,107.963609,0.124816,0.000000,108.088425,1.628559,0.196263,1.036071,294.510847,0.092873,0.092873,0.049999,101325.000000,1.873413,-2.665820,1,0
5.300000,107.963667,0.122092,0.000000,108.085759,1.628558,0.196263,1.038034,294.512945,0.092972,0.092972,0.049999,101325.000000,1.846436,-2.728384,1,0
5.310000,107.963728,0.119414,0.000000,108.083142,1.628558,0.196263,1.039997,294.515043,0.093070,0.093070,0.049999,101325.000000,1.818866,-2.784429,1,0
5.320000,107.963791,0.116782,0.000000,108.080573,1.628558,0.196263,1.041959,294.517141,0.093167,0.093167,0.049999,101325.000000,1.790768,-2.834080,1,0
5.330000,107.963857,0.114196,0.000000,108.078054,1.628558,0.196263,1.043922,294.519239,0.093262,0.093262,0.049999,101325.000000,1.762204,-2.877660,1,0
5.340000,107.963926,0.111656,0.000000,108.075582,1.628558,0.196263,1.045884,294.521337,0.093355,0.093355,0.049999,101325.000000,1.733234,-2.915569,1,0
5.350000,107.963998,0.109160,0.000000,108.073159,1.628558,0.196263,1.047847,294.523434,0.093447,0.093447,0.049999,101325.000000,1.703911,-2.948274,1,0
5.360000,107.964073,0.106710,0.000000,108.070782,1.628557,0.196263,1.049810,294.525532,0.093537,0.093537,0.049999,101325.000000,1.674286,-2.976212,1,0
5.370000,107.964150,0.104304,0.000000,108.068454,1.628557,0.196263,1.051772,294.527630,0.093626,0.093626,0.049999,101325.000000,1.644403,-2.999755,1,0
5.380000,107.964231,0.101944,0.000000,108.066174,1.628557,0.196263,1.053735,294.529727,0.093715,0.093715,0.049999,101325.000000,1.614305,-3.019178,1,0
5.390000,107.964314,0.099627,0.000000,108.063941,1.628557,0.196263,1.055698,294.531824,0.093803,0.093803,0.049999,101325.000000,1.584033,-3.034615,1,0
5.400000,107.964400,0.097354,0.000000,108.061754,1.628557,0.196263,1.057660,294.533922,0.093890,0.093890,0.049999,101325.000000,1.553627,-3.046070,1,0
5.410000,107.964489,0.095123,0.000000,108.059612,1.628557,0.196263,1.059623,294.536019,0.093976,0.093976,0.049999,101325.000000,1.523126,-3.053413,1,0
5.420000,107.964581,0.092934,0.000000,108.057515,1.628557,0.196263,1.061585,294.538116,0.094061,0.094061,0.049999,101325.000000,1.492573,-3.056387,1,0
5.430000,107.964675,0.090787,0.000000,108.055462,1.628557,0.196263,1.063548,294.540213,0.094144,0.094144,0.049999,101325.000000,1.462014,-3.054651,1,0
5.440000,107.964773,0.088681,0.000000,108.053454,1.628556,0.196263,1.065511,294.542310,0.094226,0.094226,0.049999,101325.000000,1.431497,-3.047813,1,0
5.450000,107.964874,0.086615,0.000000,108.051489,1.628556,0.196263,1.067473,294.544407,0.094307,0.094307,0.049999,101325.000000,1.401075,-3.035449,1,0
5.460000,107.964978,0.084590,0.000000,108.049568,1.628556,0.196263,1.069436,294.546504,0.094386,0.094386,0.049999,101325.000000,1.370807,-3.017155,1,0
5.470000,107.965085,0.082605,0.000000,108.047689,1.628556,0.196263,1.071399,294.548601,0.094464,0.094464,0.049999,101325.000000,1.340753,-2.992572,1,0
5.480000,107.965194,0.080659,0.000000,108.045853,1.628556,0.196263,1.073361,294.550698,0.094541,0.094541,0.049999,101325.000000,1.310977,-2.961413,1,0
5.490000,107.965307,0.078752,0.000000,108.044059,1.628556,0.196263,1.075324,294.552795,0.094617,0.094617,0.049999,101325.000000,1.281546,-2.923492,1,0
5.500000,107.965423,0.076883,0.000000,108.042306,1.628556,0.196263,1.077286,294.554891,0.094691,0.094691,0.049999,101325.000000,1.252529,-2.878733,1,0
5.510000,107.965542,0.075052,0.000000,108.040595,1.628556,0.196263,1.079249,294.556988,0.094765,0.094765,0.049999,101325.000000,1.223994,-2.827178,1,0
5.520000,107.965664,0.073259,0.000000,108.038923,1.628556,0.196263,1.081212,294.559084,0.094837,0.094837,0.049999,101325.000000,1.196008,-2.768996,1,0
5.530000,107.965790,0.071507,0.000000,108.037296,1.628555,0.196263,1.083174,294.561181,0.094908,0.094908,0.049999,101325.000000,1.168635,-2.704460,1,0
5.540000,107.965918,0.069795,0.000000,108.035713,1.628555,0.196263,1.085137,294.563277,0.094979,0.094979,0.049999,101325.000000,1.141938,-2.633941,1,0
5.550000,107.966050,0.068120,0.000000,108.034170,1.628555,0.196263,1.087100,294.565374,0.095048,0.095048,0.049999,101325.000000,1.115975,-2.557893,1,0
5.560000,107.966185,0.066481,0.000000,108.032666,1.628555,0.196263,1.089062,294.567470,0.095117,0.095117,0.049999,101325.000000,1.090798,-2.476824,1,0
5.570000,107.966323,0.064879,0.000000,108.031202,1.628555,0.196263,1.091025,294.569566,0.095184,0.095184,0.049999,101325.000000,1.066454,-2.391282,1,0
5.580000,107.966465,0.063312,0.000000,108.029777,1.628555,0.196263,1.092987,294.571662,0.095251,0.095251,0.049999,101325.000000,1.042985,-2.301832,1,0
5.590000,107.966609,0.061781,0.000000,108.028390,1.628555,0.196263,1.094950,294.573758,0.095317,0.095317,0.049999,101325.000000,1.020429,-2.209037,1,0
5.600000,107.966757,0.060284,0.000000,108.027042,1.628555,0.196263,1.096913,294.575854,0.095381,0.095381,0.049999,101325.000000,0.998814,-2.113441,1,0
5.610000,107.966909,0.058821,0.000000,108.025730,1.628555,0.196263,1.098875,294.577950,0.095445,0.095445,0.049999,101325.000000,0.978168,-2.015563,1,0
5.620000,107.967064,0.057392,0.000000,108.024456,1.628555,0.196263,1.100838,294.580046,0.095508,0.095508,0.049999,101325.000000,0.958509,-1.915876,1,0
5.630000,107.967222,0.055997,0.000000,108.023218,1.628555,0.196263,1.102801,294.582142,0.095570,0.095570,0.049999,101325.000000,0.939855,-1.814816,1,0
5.640000,107.967384,0.054633,0.000000,108.022017,1.628554,0.196263,1.104763,294.584237,0.095631,0.095631,0.049999,101325.000000,0.922216,-1.712767,1,0
5.650000,107.967549,0.053302,0.000000,108.020851,1.628554,0.196263,1.106726,294.586333,0.095691,0.095691,0.049999,101325.000000,0.905602,-1.610067,1,0
5.660000,107.967718,0.052003,0.000000,108.019721,1.628554,0.196263,1.108689,294.588428,0.095750,0.095750,0.049999,101325.000000,0.890016,-1.507010,1,0
5.670000,107.967890,0.050735,0.000000,108.018625,1.628554,0.196263,1.110651,294.590524,0.095808,0.095808,0.049999,101325.000000,0.875462,-1.403848,1,0
5.680000,107.968066,0.049498,0.000000,108.017563,1.628554,0.196263,1.112614,294.592619,0.095866,0.095866,0.049999,101325.000000,0.861939,-1.300795,1,0
5.690000,107.968245,0.048281,0.000000,108.016527,1.628554,0.196263,1.114576,294.594715,0.095922,0.095922,0.049999,101325.000000,0.849445,-1.198038,1,0
5.700000,107.968428,0.047093,0.000000,108.015521,1.628554,0.196263,1.116539,294.596810,0.095978,0.095978,0.049999,101325.000000,0.837977,-1.095734,1,0
5.710000,107.968615,0.045931,0.000000,108.014547,1.628554,0.196263,1.118502,294.598905,0.096033,0.096033,0.049999,101325.000000,0.827528,-0.994022,1,0
5.720000,107.968806,0.044797,0.000000,108.013603,1.628554,0.196263,1.120464,294.601000,0.096088,0.096088,0.049999,101325.000000,0.818093,-0.893026,1,0
5.730000,107.969000,0.043690,0.000000,108.012690,1.628554,0.196263,1.122427,294.603095,0.096141,0.096141,0.049999,101325.000000,0.809664,-0.792860,1,0
5.740000,107.969198,0.042609,0.000000,108.011807,1.628553,0.196263,1.124390,294.605190,0.096194,0.096194,0.049999,101325.000000,0.802231,-0.693631,1,0
5.750000,107.969400,0.041553,0.000000,108.010953,1.628553,0.196263,1.126352,294.607285,0.096246,0.096246,0.049999,101325.000000,0.795786,-0.595444,1,0
5.760000,107.969606,0.040523,0.000000,108.010129,1.628553,0.196263,1.128315,294.609380,0.096297,0.096297,0.049999,101325.000000,0.790317,-0.498408,1,0
5.770000,107.969816,0.039517,0.000000,108.009333,1.628553,0.196263,1.130277,294.611475,0.096348,0.096348,0.049999,101325.000000,0.785811,-0.402623,1,0
5.780000,107.969904,0.038535,0.000000,108.008438,1.628553,0.196263,1.132240,294.613570,0.096398,0.096398,0.049999,101325.000000,0.782257,-0.308206,1,0
5.790000,107.969974,0.037577,0.000000,108.007551,1.628554,0.196263,1.134203,294.615665,0.096447,0.096447,0.049999,101325.000000,0.779641,-0.215284,1,0
5.800000,107.970040,0.036642,0.000000,108.006682,1.628554,0.196263,1.136165,294.617760,0.096495,0.096495,0.049999,101325.000000,0.777945,-0.123954,1,0
5.810000,107.970103,0.035730,0.000000,108.005832,1.628555,0.196263,1.138128,294.619854,0.096543,0.096543,0.049999,101325.000000,0.777155,-0.034358,1,0
5.820000,107.970161,0.034840,0.000000,108.005001,1.628555,0.196263,1.140091,294.621949,0.096590,0.096590,0.049999,101325.000000,0.777251,0.053370,1,0
5.830000,107.970216,0.033972,0.000000,108.004187,1.628555,0.196263,1.142053,294.624044,0.096637,0.096637,0.049999,101325.000000,0.778216,0.139126,1,0
5.840000,107.970266,0.033124,0.000000,108.003389,1.628556,0.196263,1.144016,294.626138,0.096683,0.096683,0.049999,101325.000000,0.780027,0.222766,1,0
5.850000,107.970311,0.032295,0.000000,108.002606,1.628556,0.196263,1.145978,294.628233,0.096728,0.096728,0.049999,101325.000000,0.782664,0.304162,1,0
5.860000,107.970352,0.031485,0.000000,108.001838,1.628557,0.196263,1.147941,294.630327,0.096773,0.096773,0.049999,101325.000000,0.786103,0.383210,1,0
5.870000,107.970389,0.030696,0.000000,108.001084,1.628557,0.196263,1.149904,294.632422,0.096817,0.096817,0.049999,101325.000000,0.790320,0.459788,1,0
5.880000,107.970420,0.029925,0.000000,108.000345,1.628558,0.196263,1.151866,294.634516,0.096860,0.096860,0.049999,101325.000000,0.795290,0.533792,1,0
5.890000,107.970447,0.029173,0.000000,107.999620,1.628558,0.196263,1.153829,294.636611,0.096903,0.096903,0.049999,101325.000000,0.800987,0.605140,1,0
5.900000,107.970468,0.028440,0.000000,107.998908,1.628559,0.196263,1.155792,294.638705,0.096945,0.096945,0.049999,101325.000000,0.807384,0.673753,1,0
5.910000,107.970485,0.027724,0.000000,107.998209,1.628559,0.196263,1.157754,294.640799,0.096986,0.096986,0.049999,101325.000000,0.814453,0.739577,1,0
5.920000,107.970496,0.027026,0.000000,107.997521,1.628560,0.196263,1.159717,294.642893,0.097027,0.097027,0.049999,101325.000000,0.822166,0.802590,1,0
5.930000,107.970501,0.026344,0.000000,107.996846,1.628560,0.196263,1.161679,294.644987,0.097068,0.097068,0.049999,101325.000000,0.830496,0.862782,1,0
5.940000,107.970501,0.025680,0.000000,107.996181,1.628561,0.196263,1.163642,294.647081,0.097108,0.097108,0.049999,101325.000000,0.839413,0.920188,1,0
5.950000,107.970495,0.025032,0.000000,107.995527,1.628561,0.196263,1.165605,294.649175,0.097147,0.097147,0.049999,101325.000000,0.848891,0.974882,1,0
5.960000,107.970484,0.024400,0.000000,107.994883,1.628562,0.196263,1.167567,294.651269,0.097186,0.097186,0.049999,101325.000000,0.858903,1.026970,1,0
5.970000,107.970466,0.023783,0.000000,107.994249,1.628563,0.196263,1.169530,294.653363,0.097224,0.097224,0.049999,101325.000000,0.869423,1.076613,1,0
5.980000,107.970443,0.023181,0.000000,107.993624,1.628563,0.196263,1.171493,294.655457,0.097262,0.097262,0.049999,101325.000000,0.880428,1.124021,1,0
5.990000,107.970413,0.022595,0.000000,107.993008,1.628564,0.196263,1.173455,294.657550,0.097300,0.097300,0.049999,101325.000000,0.891897,1.169458,1,0
6.000000,107.970377,0.022023,0.000000,107.992400,1.628564,0.196263,1.175418,294.659644,0.097336,0.097336,0.049999,101325.000000,0.903812,1.213226,1,0
6.010000,107.970334,0.021466,0.000000,107.991799,1.628565,0.196263,1.177380,294.661738,0.097373,0.097373,0.049999,101325.000000,0.916158,1.255693,1,0
6.020000,107.970285,0.020922,0.000000,107.991207,1.628566,0.196263,1.179343,294.663831,0.097408,0.097408,0.049999,101325.000000,0.928923,1.297294,1,0
6.030000,107.970229,0.020392,0.000000,107.990620,1.628566,0.196263,1.181306,294.665925,0.097443,0.097443,0.049999,101325.000000,0.942102,1.338431,1,0
6.040000,107.970166,0.019875,0.000000,107.990041,1.628567,0.196263,1.183268,294.668018,0.097478,0.097478,0.049999,101325.000000,0.955691,1.379614,1,0
6.050000,107.970096,0.019371,0.000000,107.989467,1.628568,0.196263,1.185231,294.670112,0.097512,0.097512,0.049999,101325.000000,0.969695,1.421355,1,0
6.060000,107.970019,0.018880,0.000000,107.988899,1.628568,0.196263,1.187194,294.672205,0.097546,0.097546,0.049999,101325.000000,0.984119,1.464077,1,0
6.070000,107.969935,0.018401,0.000000,107.988336,1.628569,0.196263,1.189156,294.674298,0.097580,0.097580,0.049999,101325.000000,0.998980,1.508310,1,0
6.080000,107.969844,0.017934,0.000000,107.987778,1.628570,0.196263,1.191119,294.676392,0.097613,0.097613,0.049999,101325.000000,1.014290,1.554401,1,0
6.090000,107.969745,0.017479,0.000000,107.987224,1.628571,0.196263,1.193081,294.678485,0.097645,0.097645,0.049999,101325.000000,1.030073,1.602731,1,0
6.100000,107.969639,0.017036,0.000000,107.986674,1.628571,0.196263,1.195044,294.680578,0.097677,0.097677,0.049999,101325.000000,1.046352,1.653544,1,0
6.110000,107.969525,0.016603,0.000000,107.986128,1.628572,0.196263,1.197007,294.682671,0.097709,0.097709,0.049999,101325.000000,1.063151,1.706993,1,0
6.120000,107.969403,0.016182,0.000000,107.985585,1.628573,0.196263,1.198969,294.684764,0.097740,0.097740,0.049999,101325.000000,1.080499,1.763144,1,0
6.130000,107.969273,0.015771,0.000000,107.985044,1.628573,0.196263,1.200932,294.686857,0.097771,0.097771,0.049999,101325.000000,1.098422,1.821944,1,0
6.140000,107.969135,0.015371,0.000000,107.984506,1.628574,0.196263,1.202895,294.688950,0.097801,0.097801,0.049999,101325.000000,1.116946,1.883240,1,0
6.150000,107.968989,0.014981,0.000000,107.983970,1.628575,0.196263,1.204857,294.691043,0.097831,0.097831,0.049999,101325.000000,1.136094,1.946790,1,0
6.160000,107.968835,0.014601,0.000000,107.983436,1.628576,0.196263,1.206820,294.693135,0.097861,0.097861,0.049999,101325.000000,1.155887,2.012241,1,0
6.170000,107.968673,0.014231,0.000000,107.982903,1.628576,0.196263,1.208782,294.695228,0.097890,0.097890,0.049999,101325.000000,1.176343,2.079188,1,0
6.180000,107.968502,0.013870,0.000000,107.982372,1.628577,0.196263,1.210745,294.697321,0.097919,0.097919,0.049999,101325.000000,1.197475,2.147146,1,0
6.190000,107.968322,0.013518,0.000000,107.981840,1.628578,0.196263,1.212708,294.699413,0.097947,0.097947,0.049999,101325.000000,1.219289,2.215601,1,0
6.200000,107.968134,0.013176,0.000000,107.981310,1.628579,0.196263,1.214670,294.701506,0.097975,0.097975,0.049999,101325.000000,1.241788,2.283986,1,0
6.210000,107.967937,0.012842,0.000000,107.980779,1.628580,0.196263,1.216633,294.703598,0.098002,0.098002,0.049999,101325.000000,1.264968,2.351713,1,0
6.220000,107.967731,0.012517,0.000000,107.980248,1.628580,0.196263,1.218596,294.705691,0.098030,0.098030,0.049999,101325.000000,1.288819,2.418168,1,0
6.230000,107.967516,0.012200,0.000000,107.979716,1.628581,0.196263,1.220558,294.707783,0.098056,0.098056,0.049999,101325.000000,1.313326,2.482726,1,0
6.240000,107.967292,0.011892,0.000000,107.979183,1.628582,0.196263,1.222521,294.709876,0.098083,0.098083,0.049999,101325.000000,1.338466,2.544759,1,0
6.250000,107.967058,0.011591,0.000000,107.978650,1.628583,0.196263,1.224483,294.711968,0.098109,0.098109,0.049999,101325.000000,1.364211,2.603640,1,0
6.260000,107.966816,0.011298,0.000000,107.978114,1.628583,0.196263,1.226446,294.714060,0.098135,0.098135,0.049999,101325.000000,1.390527,2.658762,1,0
6.270000,107.966564,0.011013,0.000000,107.977577,1.628584,0.196263,1.228409,294.716152,0.098160,0.098160,0.049999,101325.000000,1.417372,2.709538,1,0
6.280000,107.966302,0.010735,0.000000,107.977037,1.628585,0.196263,1.230371,294.718245,0.098185,0.098185,0.049999,101325.000000,1.444702,2.755419,1,0
6.290000,107.966031,0.010464,0.000000,107.976495,1.628586,0.196263,1.232334,294.720337,0.098210,0.098210,0.049999,101325.000000,1.472463,2.795897,1,0
6.300000,107.965750,0.010200,0.000000,107.975951,1.628586,0.196263,1.234297,294.722429,0.098235,0.098235,0.049999,101325.000000,1.500601,2.830523,1,0
6.310000,107.965459,0.009944,0.000000,107.975403,1.628587,0.196263,1.236259,294.724521,0.098259,0.098259,0.049999,101325.000000,1.529054,2.858907,1,0
6.320000,107.965159,0.009693,0.000000,107.974852,1.628588,0.196263,1.238222,294.726613,0.098283,0.098283,0.049999,101325.000000,1.557758,2.880734,1,0
6.330000,107.964848,0.009450,0.000000,107.974298,1.628589,0.196263,1.240184,294.728704,0.098306,0.098306,0.049999,101325.000000,1.586647,2.895765,1,0
6.340000,107.964527,0.009212,0.000000,107.973740,1.628589,0.196263,1.242147,294.730796,0.098329,0.098329,0.049999,101325.000000,1.615651,2.903839,1,0
6.350000,107.964197,0.008981,0.000000,107.973178,1.628590,0.196263,1.244110,294.732888,0.098352,0.098352,0.049999,101325.000000,1.644701,2.904883,1,0
6.360000,107.963856,0.008756,0.000000,107.972611,1.628591,0.196263,1.246072,294.734980,0.098374,0.098374,0.049999,101325.000000,1.673725,2.898898,1,0
6.370000,107.963504,0.008536,0.000000,107.972040,1.628592,0.196263,1.248035,294.737071,0.098397,0.098397,0.049999,101325.000000,1.702656,2.885965,1,0
6.380000,107.963142,0.008323,0.000000,107.971465,1.628592,0.196263,1.249998,294.739163,0.098419,0.098419,0.049999,101325.000000,1.731422,2.866233,1,0
6.390000,107.962770,0.008114,0.000000,107.970884,1.628593,0.196263,1.251960,294.741255,0.098440,0.098440,0.049999,101325.000000,1.759958,2.839911,1,0
6.400000,107.962387,0.007912,0.000000,107.970298,1.628594,0.196263,1.253923,294.743346,0.098462,0.098462,0.049999,101325.000000,1.788199,2.807259,1,0
6.410000,107.962000,0.007714,0.000000,107.969714,1.628595,0.196263,1.255886,294.745438,0.098483,0.098483,0.049999,101325.000000,1.816082,2.768574,1,0
6.420000,107.961863,0.007522,0.000000,107.969384,1.628595,0.196263,1.257848,294.747529,0.098504,0.098504,0.049999,101325.000000,1.843551,2.724183,1,0
6.430000,107.961728,0.007334,0.000000,107.969062,1.628596,0.196263,1.259811,294.749620,0.098524,0.098524,0.049999,101325.000000,1.870547,2.674426,1,0
6.440000,107.961595,0.007152,0.000000,107.968747,1.628596,0.196263,1.261773,294.751711,0.098544,0.098544,0.049999,101325.000000,1.897021,2.619652,1,0
6.450000,107.961465,0.006974,0.000000,107.968439,1.628597,0.196263,1.263736,294.753802,0.098564,0.098564,0.049999,101325.000000,1.922924,2.560213,1,0
6.460000,107.961337,0.006801,0.000000,107.968138,1.628597,0.196263,1.265699,294.755893,0.098584,0.098584,0.049999,101325.000000,1.948210,2.496448,1,0
6.470000,107.961212,0.006632,0.000000,107.967844,1.628598,0.196263,1.267661,294.757984,0.098604,0.098604,0.049999,101325.000000,1.972839,2.428694,1,0
6.480000,107.961090,0.006468,0.000000,107.967558,1.628598,0.196263,1.269624,294.760074,0.098623,0.098623,0.049999,101325.000000,1.996772,2.357264,1,0
6.490000,107.960971,0.006308,0.000000,107.967278,1.628598,0.196263,1.271587,294.762165,0.098642,0.098642,0.049999,101325.000000,2.019973,2.282473,1,0
6.500000,107.960855,0.006151,0.000000,107.967006,1.628599,0.196263,1.273549,294.764256,0.098661,0.098661,0.049999,101325.000000,2.042410,2.204608,1,0
6.510000,107.960742,0.005996,0.000000,107.966738,1.628599,0.196263,1.275512,294.766346,0.098679,0.098679,0.049999,96756.964067,2.064055,2.123958,1,0
6.520000,107.960633,0.885258,0.000000,108.845890,1.628600,0.196263,1.277474,294.768437,0.098697,0.098697,0.049420,92451.606185,2.084881,2.040791,1,0
6.530000,107.960527,0.585614,0.000000,108.546141,1.628600,0.196263,1.279437,294.770527,0.098715,0.098715,0.048600,88423.913812,2.104864,1.955376,1,0
6.540000,107.960425,1.477120,0.000000,109.437545,1.628600,0.196263,1.281400,294.772618,0.098732,0.098732,0.047680,84655.979464,2.123982,1.867967,1,0
6.550000,107.960327,0.601092,0.000000,108.561419,1.628601,0.196263,1.283362,294.774708,0.098750,0.098750,0.046717,81131.050562,2.142217,1.778815,1,0
6.560000,107.960233,0.264508,0.000000,108.224741,1.628601,0.196263,1.285325,294.776798,0.098767,0.098767,0.045735,77833.454953,2.159554,1.688164,1,0
6.570000,107.960144,0.759629,0.000000,108.719773,1.628601,0.196263,1.287288,294.778888,0.098784,0.098784,0.044744,74748.531227,2.175977,1.596253,1,0
6.580000,107.960059,0.912958,0.000000,108.873017,1.628601,0.196263,1.289250,294.780979,0.098800,0.098800,0.043748,71862.563533,2.191475,1.503313,1,0
6.590000,107.959979,0.985682,0.000000,108.945660,1.628602,0.196263,1.291213,294.783069,0.098817,0.098817,0.042750,69162.720596,2.206040,1.409570,1,0
6.600000,107.959903,1.076511,0.000000,109.036414,1.628602,0.196263,1.293175,294.785159,0.098833,0.098833,0.041751,66636.998671,2.219665,1.315242,1,0
6.610000,107.959833,1.062019,0.000000,109.021852,1.628602,0.196263,1.295138,294.787249,0.098849,0.098849,0.040751,64274.168167,2.232344,1.220539,1,0
6.620000,107.959768,1.091448,0.000000,109.051216,1.628602,0.196263,1.297101,294.789339,0.098865,0.098865,0.039751,62063.723726,2.244075,1.125667,1,0
6.630000,107.959708,1.095973,0.000000,109.055681,1.628602,0.196263,1.299063,294.791428,0.098880,0.098880,0.038751,59995.837512,2.254857,1.030820,1,0
6.640000,107.959654,1.101375,0.000000,109.061029,1.628602,0.196263,1.301026,294.793518,0.098895,0.098895,0.037751,58061.315515,2.264692,0.936188,1,0
6.650000,107.959606,1.105067,0.000000,109.064673,1.628602,0.196263,1.302989,294.795608,0.098911,0.098911,0.036752,56251.556673,2.273582,0.841950,1,0
6.660000,107.959564,1.089908,0.000000,109.049472,1.628602,0.196263,1.304951,294.797697,0.098925,0.098925,0.035752,54558.514636,2.281533,0.748281,1,0
6.670000,107.959528,1.104501,0.000000,109.064028,1.628602,0.196263,1.306914,294.799787,0.098940,0.098940,0.034752,52974.661984,2.288550,0.655346,1,0
6.680000,107.959498,1.104434,0.000000,109.063932,1.628602,0.196263,1.308876,294.801876,0.098955,0.098955,0.033752,51492.956764,2.294643,0.563305,1,0
6.690000,107.959475,1.103513,0.000000,109.062988,1.628602,0.196263,1.310839,294.803966,0.098969,0.098969,0.032752,50106.811182,2.299820,0.472310,1,0
6.700000,107.959459,1.031697,0.000000,108.991156,1.628602,0.196263,1.312802,294.806055,0.098983,0.098983,0.031752,48810.062308,2.304093,0.382510,1,0
6.710000,107.959450,1.064252,0.000000,109.023702,1.628602,0.196263,1.314764,294.808145,0.098997,0.098997,0.030752,47596.944678,2.307475,0.294047,1,0
6.720000,107.959448,1.088854,0.000000,109.048302,1.628602,0.196263,1.316727,294.810234,0.099011,0.099011,0.029752,46462.064661,2.309979,0.207056,1,0
6.730000,107.959454,1.101305,0.000000,109.060758,1.628602,0.196263,1.318690,294.812323,0.099024,0.099024,0.028752,45400.376479,2.311622,0.121667,1,0
6.740000,107.959467,1.095607,0.000000,109.055074,1.628601,0.196263,1.320652,294.814412,0.099038,0.099038,0.027752,44407.159768,2.312419,0.038003,1,0
6.750000,107.959488,1.102473,0.000000,109.061961,1.628601,0.196263,1.322615,294.816501,0.099051,0.099051,0.026752,43477.998597,2.312388,-0.043817,1,0
6.760000,107.959517,1.102953,0.000000,109.062471,1.628601,0.196263,1.324577,294.818590,0.099064,0.099064,0.025752,42608.761832,2.311549,-0.123680,1,0
6.770000,107.959555,1.097763,0.000000,109.057318,1.628601,0.196263,1.326540,294.820679,0.099076,0.099076,0.024752,41795.584766,2.309922,-0.201488,1,0
6.780000,107.959601,1.083358,0.000000,109.042959,1.628600,0.196263,1.328503,294.822768,0.099089,0.099089,0.023752,41034.851941,2.307527,-0.277142,1,0
6.790000,107.959657,1.037569,0.000000,108.997226,1.628600,0.196263,1.330465,294.824857,0.099102,0.099102,0.022752,40323.181070,2.304386,-0.350553,1,0
6.800000,107.959721,1.044142,0.000000,109.003863,1.628599,0.196263,1.332428,294.826945,0.099114,0.099114,0.021752,39657.407999,2.300523,-0.421660,1,0
6.810000,107.959794,1.092167,0.000000,109.051962,1.628599,0.196263,1.334391,294.829034,0.099126,0.099126,0.020752,39034.572640,2.295960,-0.490406,1,0
6.820000,107.959878,1.101208,0.000000,109.061086,1.628598,0.196263,1.336353,294.831123,0.099138,0.099138,0.019752,38451.905812,2.290722,-0.556740,1,0
6.830000,107.959970,1.103041,0.000000,109.063011,1.628598,0.196263,1.338316,294.833211,0.099150,0.099150,0.018752,37906.816924,2.284833,-0.620659,1,0
6.840000,107.960073,1.095619,0.000000,109.055692,1.628597,0.196263,1.340278,294.835300,0.099161,0.099161,0.017752,37396.882461,2.278316,-0.682175,1,0
6.850000,107.960187,1.103333,0.000000,109.063520,1.628596,0.196263,1.342241,294.837388,0.099173,0.099173,0.016752,36919.835210,2.271196,-0.741315,1,0
6.860000,107.960310,1.092728,0.000000,109.053039,1.628596,0.196263,1.344204,294.839476,0.099184,0.099184,0.015752,36473.554174,2.263496,-0.798151,1,0
6.870000,107.960445,1.052126,0.000000,109.012571,1.628595,0.196263,1.346166,294.841565,0.099195,0.099195,0.014752,36056.055148,2.255238,-0.852796,1,0
6.880000,107.960591,1.061368,0.000000,109.021958,1.628594,0.196263,1.348129,294.843653,0.099206,0.099206,0.013752,35665.481893,2.246444,-0.905386,1,0
6.890000,107.960748,1.030760,0.000000,108.991508,1.628593,0.196263,1.350092,294.845741,0.099217,0.099217,0.012752,35300.097884,2.237135,-0.956106,1,0
6.900000,107.960916,1.083321,0.000000,109.044237,1.628592,0.196263,1.352054,294.847829,0.099228,0.099228,0.011752,34958.278592,2.227325,-1.005187,1,0
6.910000,107.961097,1.095227,0.000000,109.056324,1.628591,0.196263,1.354017,294.849917,0.099238,0.099238,0.010752,34638.504257,2.217033,-1.052905,1,0
6.920000,107.961290,1.087875,0.000000,109.049165,1.628590,0.196263,1.355979,294.852005,0.099249,0.099249,0.009752,34339.353132,2.206269,-1.099575,1,0
6.930000,107.961495,1.103783,0.000000,109.065277,1.628589,0.196263,1.357942,294.854093,0.099259,0.099259,0.008752,34059.495166,2.195042,-1.145538,1,0
6.940000,107.961713,1.096513,0.000000,109.058226,1.628588,0.196263,1.359905,294.856180,0.099269,0.099269,0.007752,33797.686083,2.183357,-1.191213,1,0
6.950000,107.961943,1.103630,0.000000,109.065573,1.628587,0.196263,1.361867,294.858268,0.099279,0.099279,0.006752,33552.761858,2.171216,-1.237027,1,0
6.960000,107.962187,1.101963,0.000000,109.064151,1.628586,0.196263,1.363830,294.860356,0.099289,0.099289,0.005752,33323.633534,2.158615,-1.283381,1,0
6.970000,107.962445,1.031076,0.000000,108.993521,1.628584,0.196263,1.365793,294.862443,0.099299,0.099299,0.004752,33109.282387,2.145546,-1.330773,1,0
6.980000,107.962717,1.070811,0.000000,109.033527,1.628583,0.196263,1.367755,294.864531,0.099308,0.099308,0.003752,32908.755391,2.131997,-1.379517,1,0
6.990000,107.963002,1.109625,0.000000,109.072628,1.628582,0.196263,1.369718,294.866618,0.099318,0.099318,0.002751,32721.160986,2.117952,-1.430023,1,0
7.000000,107.963302,1.095560,0.000000,109.058863,1.628580,0.196263,1.371680,294.868706,0.099327,0.099327,0.001752,32545.665110,2.103393,-1.482548,1,0
7.010000,107.963617,1.103439,0.000000,109.067056,1.628579,0.196263,1.373643,294.870793,0.099336,0.099336,0.000752,32381.487492,2.088298,-1.537278,1,0
7.020000,107.963947,0.002024,0.000000,107.965971,1.628577,0.196263,1.375606,294.872880,0.099345,0.099345,0.000316,32227.898184,2.072644,-1.594308,1,0
7.030000,107.964293,0.001702,0.000000,107.965995,1.628576,0.196263,1.377568,294.874968,0.099354,0.099354,0.000135,32084.407896,2.056408,-1.653591,1,0
7.040000,107.964654,0.009944,0.000000,107.974598,1.628574,0.196263,1.379531,294.877055,0.099363,0.099363,0.000057,31950.106755,2.039568,-1.714952,1,0
7.050000,107.964988,0.007702,0.000000,107.972691,1.628573,0.196263,1.381494,294.879142,0.099372,0.099372,0.000024,31824.326691,2.022106,-1.778111,1,0
7.060000,107.965090,0.004833,0.000000,107.969923,1.628572,0.196263,1.383456,294.881229,0.099381,0.099381,0.000010,31706.669074,2.004004,-1.842595,1,0
7.070000,107.965191,0.003149,0.000000,107.968341,1.628572,0.196263,1.385419,294.883316,0.099389,0.099389,0.000004,31596.601962,1.985253,-1.907915,1,0
7.080000,107.965292,0.002293,0.000000,107.967585,1.628572,0.196263,1.387381,294.885403,0.099397,0.099397,0.000001,31493.632050,1.965846,-1.973373,1,0
7.090000,107.965393,0.001856,0.000000,107.967249,1.628572,0.196263,1.389344,294.887490,0.099406,0.099406,0.000000,31397.302844,1.945786,-2.038353,1,0
7.100000,107.965493,0.001705,0.000000,107.967198,1.628572,0.196263,1.391307,294.889577,0.099414,0.099414,-0.000000,31307.892455,1.925081,-2.102100,1,0
7.110000,107.965592,0.001632,0.000000,107.967224,1.628571,0.196263,1.393269,294.891663,0.099422,0.099422,-0.000000,31225.984474,1.903748,-2.163949,1,0
7.120000,107.965691,0.001580,0.000000,107.967270,1.628571,0.196263,1.395232,294.893750,0.099430,0.099430,-0.000000,31149.199470,1.881809,-2.223239,1,0
7.130000,107.965788,0.001538,0.000000,107.967326,1.628571,0.196263,1.397195,294.895837,0.099437,0.099437,-0.000000,31076.447812,1.859292,-2.279407,1,0
7.140000,107.965885,0.001503,0.000000,107.967388,1.628571,0.196263,1.399157,294.897923,0.099445,0.099445,-0.000001,31007.540627,1.836232,-2.331986,1,0
7.150000,107.965980,0.001472,0.000000,107.967452,1.628571,0.196263,1.401120,294.900010,0.099453,0.099453,-0.000001,30942.572040,1.812665,-2.380587,1,0
7.160000,107.966074,0.001448,0.000000,107.967522,1.628571,0.196263,1.403083,294.902096,0.099460,0.099460,-0.000001,30881.744221,1.788633,-2.424964,1,0
7.170000,107.966167,0.001424,0.000000,107.967591,1.628571,0.196263,1.405045,294.904183,0.099467,0.099467,-0.000001,30824.382957,1.764180,-2.464939,1,0
7.180000,107.966258,0.001400,0.000000,107.967658,1.628571,0.196263,1.407008,294.906269,0.099475,0.099475,-0.000001,30770.580901,1.739349,-2.500461,1,0
7.190000,107.966348,0.001376,0.000000,107.967724,1.628571,0.196263,1.408970,294.908355,0.099482,0.099482,-0.000001,30720.360280,1.714185,-2.531533,1,0
7.200000,107.966435,0.001353,0.000000,107.967788,1.628571,0.196263,1.410933,294.910441,0.099489,0.099489,-0.000001,30673.258107,1.688733,-2.558236,1,0
7.210000,107.966521,0.001330,0.000000,107.967852,1.628571,0.196263,1.412896,294.912527,0.099496,0.099496,-0.000001,30628.897375,1.663035,-2.580679,1,0
7.220000,107.966605,0.001308,0.000000,107.967914,1.628571,0.196263,1.414858,294.914614,0.099503,0.099503,-0.000001,30587.638208,1.637134,-2.598982,1,0
7.230000,107.966687,0.001287,0.000000,107.967974,1.628571,0.196263,1.416821,294.916700,0.099510,0.099510,-0.000001,30549.441514,1.611070,-2.613261,1,0
7.240000,107.966767,0.001266,0.000000,107.968032,1.628571,0.196263,1.418784,294.918785,0.099516,0.099516,-0.000001,30513.063797,1.584883,-2.623605,1,0
7.250000,107.966844,0.001245,0.000000,107.968089,1.628571,0.196263,1.420746,294.920871,0.099523,0.099523,-0.000001,30479.203866,1.558612,-2.630057,1,0
7.260000,107.966919,0.001226,0.000000,107.968144,1.628571,0.196263,1.422709,294.922957,0.099530,0.099530,-0.000001,30447.861721,1.532296,-2.632638,1,0
7.270000,107.966991,0.001207,0.000000,107.968197,1.628571,0.196263,1.424671,294.925043,0.099536,0.099536,-0.000001,30418.440403,1.505973,-2.631299,1,0
7.280000,107.967060,0.001188,0.000000,107.968248,1.628571,0.196263,1.426634,294.927129,0.099542,0.099542,-0.000001,30390.717460,1.479684,-2.625982,1,0
7.290000,107.967126,0.001170,0.000000,107.968297,1.628571,0.196263,1.428597,294.929214,0.099549,0.099549,-0.000001,30365.008750,1.453467,-2.616576,1,0
7.300000,107.967190,0.001153,0.000000,107.968343,1.628571,0.196263,1.430559,294.931300,0.099555,0.099555,-0.000001,30341.257154,1.427366,-2.602963,1,0
7.310000,107.967250,0.001136,0.000000,107.968386,1.628571,0.196263,1.432522,294.933385,0.099561,0.099561,-0.000001,30318.936571,1.401423,-2.585018,1,0
7.320000,107.967307,0.001119,0.000000,107.968427,1.628571,0.196263,1.434485,294.935471,0.099567,0.099567,-0.000001,30298.171891,1.375681,-2.562617,1,0
7.330000,107.967361,0.001103,0.000000,107.968464,1.628571,0.196263,1.436447,294.937556,0.099573,0.099573,-0.000001,30278.863197,1.350185,-2.535655,1,0
7.340000,107.967411,0.001088,0.000000,107.968499,1.628571,0.196263,1.438410,294.939641,0.099579,0.099579,-0.000001,30260.910573,1.324983,-2.504047,1,0
7.350000,107.967457,0.001072,0.000000,107.968530,1.628571,0.196263,1.440372,294.941727,0.099584,0.099584,-0.000001,30244.214103,1.300120,-2.467745,1,0
7.360000,107.967500,0.001058,0.000000,107.968558,1.628572,0.196263,1.442335,294.943812,0.099590,0.099590,-0.000001,30228.673869,1.275643,-2.426741,1,0
7.370000,107.967539,0.001043,0.000000,107.968582,1.628572,0.196263,1.444298,294.945897,0.099596,0.099596,-0.000001,30214.205915,1.251600,-2.381077,1,0
7.380000,107.967574,0.001029,0.000000,107.968603,1.628572,0.196263,1.446260,294.947982,0.099601,0.099601,-0.000001,30200.767713,1.228036,-2.330843,1,0
7.390000,107.967604,0.001016,0.000000,107.968620,1.628572,0.196263,1.448223,294.950067,0.099607,0.099607,-0.000001,30188.223945,1.204998,-2.276181,1,0
7.400000,107.967630,0.001002,0.000000,107.968633,1.628572,0.196263,1.450186,294.952152,0.099612,0.099612,-0.000001,30176.480126,1.182527,-2.217278,1,0
7.410000,107.967652,0.000990,0.000000,107.968642,1.628572,0.196263,1.452148,294.954237,0.099617,0.099617,-0.000001,30165.441774,1.160665,-2.154354,1,0
7.420000,107.967669,0.000977,0.000000,107.968647,1.628573,0.196263,1.454111,294.956321,0.099623,0.099623,-0.000001,30155.014403,1.139452,-2.087671,1,0
7.430000,107.967682,0.000965,0.000000,107.968647,1.628573,0.196263,1.456073,294.958406,0.099628,0.099628,-0.000001,30145.112654,1.118924,-2.017508,1,0
7.440000,107.967690,0.000953,0.000000,107.968643,1.628573,0.196263,1.458036,294.960491,0.099633,0.099633,-0.000001,30136.167586,1.099113,-1.944167,1,0
7.450000,107.967692,0.000941,0.000000,107.968634,1.628573,0.196263,1.459999,294.962575,0.099638,0.099638,-0.000001,30127.787208,1.080050,-1.867962,1,0
7.460000,107.967690,0.000930,0.000000,107.968620,1.628574,0.196263,1.461961,294.964660,0.099643,0.099643,-0.000001,30119.908813,1.061762,-1.789209,1,0
7.470000,107.967682,0.000919,0.000000,107.968602,1.628574,0.196263,1.463924,294.966744,0.099648,0.099648,-0.000001,30112.469694,1.044274,-1.708226,1,0
7.480000,107.967669,0.000909,0.000000,107.968578,1.628574,0.196263,1.465887,294.968829,0.099653,0.099653,-0.000001,30105.407142,1.027604,-1.625321,1,0
7.490000,107.967651,0.000898,0.000000,107.968549,1.628575,0.196263,1.467849,294.970913,0.099657,0.099657,-0.000001,30098.658451,1.011773,-1.540794,1,0
7.500000,107.967627,0.000888,0.000000,107.968515,1.628575,0.196263,1.469812,294.972997,0.099662,0.099662,-0.000001,30092.497155,0.996793,-1.454928,1,0
7.510000,107.967597,0.000878,0.000000,107.968475,1.628575,0.196263,1.471774,294.975082,0.099667,0.099667,-0.000001,30086.775833,0.982678,-1.367993,1,0
7.520000,107.967561,0.000869,0.000000,107.968430,1.628576,0.196263,1.473737,294.977166,0.099671,0.099671,-0.000001,30081.395598,0.969436,-1.280239,1,0
7.530000,107.967519,0.000860,0.000000,107.968379,1.628576,0.196263,1.475700,294.979250,0.099676,0.099676,-0.000001,30076.320588,0.957075,-1.191901,1,0
7.540000,107.967471,0.000851,0.000000,107.968322,1.628576,0.196263,1.477662,294.981334,0.099680,0.099680,-0.000001,30071.514945,0.945599,-1.103197,1,0
7.550000,107.967417,0.000842,0.000000,107.968259,1.628577,0.196263,1.479625,294.983418,0.099684,0.099684,-0.000001,30066.942809,0.935012,-1.014330,1,0
7.560000,107.967356,0.000833,0.000000,107.968190,1.628577,0.196263,1.481588,294.985502,0.099689,0.099689,-0.000001,30062.695729,0.925313,-0.925486,1,0
7.570000,107.967289,0.000825,0.000000,107.968114,1.628577,0.196263,1.483550,294.987586,0.099693,0.099693,-0.000001,30058.776745,0.916501,-0.836841,1,0
7.580000,107.967215,0.000817,0.000000,107.968032,1.628578,0.196263,1.485513,294.989669,0.099697,0.099697,-0.000001,30055.096568,0.908575,-0.748558,1,0
7.590000,107.967134,0.000809,0.000000,107.967943,1.628578,0.196263,1.487475,294.991753,0.099701,0.099701,-0.000001,30051.633796,0.901528,-0.660788,1,0
7.600000,107.967047,0.000801,0.000000,107.967848,1.628579,0.196263,1.489438,294.993837,0.099705,0.099705,-0.000001,30048.367023,0.895357,-0.573678,1,0
7.610000,107.966952,0.000794,0.000000,107.967746,1.628579,0.196263,1.491401,294.995920,0.099710,0.099710,-0.000001,30045.274846,0.890052,-0.487365,1,0
7.620000,107.966850,0.000787,0.000000,107.967636,1.628580,0.196263,1.493363,294.998004,0.099713,0.099713,-0.000001,30042.375936,0.885606,-0.401979,1,0
7.630000,107.966740,0.000780,0.000000,107.967520,1.628580,0.196263,1.495326,295.000087,0.099717,0.099717,-0.000001,30039.707914,0.882009,-0.317648,1,0
7.640000,107.966623,0.000773,0.000000,107.967396,1.628580,0.196263,1.497289,295.002171,0.099721,0.099721,-0.000001,30037.206544,0.879249,-0.234492,1,0
7.650000,107.966499,0.000766,0.000000,107.967265,1.628581,0.196263,1.499251,295.004254,0.099725,0.099725,-0.000001,30034.857827,0.877315,-0.152627,1,0
7.660000,107.966367,0.000760,0.000000,107.967126,1.628581,0.196263,1.501214,295.006337,0.099729,0.099729,-0.000001,30032.647768,0.876192,-0.072166,1,0
7.670000,107.966227,0.000753,0.000000,107.966980,1.628582,0.196263,1.503176,295.008421,0.099733,0.099733,-0.000001,30030.562368,0.875867,0.006786,1,0
7.680000,107.966078,0.000747,0.000000,107.966826,1.628582,0.196263,1.505139,295.010504,0.099736,0.099736,-0.000001,30028.594584,0.876322,0.084128,1,0
7.690000,107.965963,0.000741,0.000000,107.966704,1.628583,0.196263,1.507102,295.012587,0.099740,0.099740,-0.000001,30026.771871,0.877543,0.159766,1,0
7.700000,107.965951,0.000736,0.000000,107.966686,1.628583,0.196263,1.509064,295.014670,0.099743,0.099743,-0.000001,30025.062024,0.879512,0.233614,1,0
7.710000,107.965938,0.000730,0.000000,107.966668,1.628583,0.196263,1.511027,295.016753,0.099747,0.099747,-0.000001,30023.458100,0.882209,0.305597,1,0
7.720000,107.965924,0.000724,0.000000,107.966648,1.628584,0.196263,1.512990,295.018836,0.099750,0.099750,-0.000001,30021.953794,0.885617,0.375648,1,0
7.730000,107.965909,0.000719,0.000000,107.966628,1.628584,0.196263,1.514952,295.020919,0.099754,0.099754,-0.000001,30020.543443,0.889716,0.443717,1,0
7.740000,107.965894,0.000714,0.000000,107.966608,1.628584,0.196263,1.516915,295.023001,0.099757,0.099757,-0.000001,30019.222028,0.894485,0.509767,1,0
7.750000,107.965878,0.000709,0.000000,107.966586,1.628584,0.196263,1.518877,295.025084,0.099760,0.099760,-0.000001,30017.979306,0.899905,0.573777,1,0
7.760000,107.965861,0.000704,0.000000,107.966565,1.628585,0.196263,1.520840,295.027167,0.099764,0.099764,-0.000001,30016.813721,0.905955,0.635743,1,0
7.770000,107.965843,0.000699,0.000000,107.966542,1.628585,0.196263,1.522803,295.029249,0.099767,0.099767,-0.000001,30015.721521,0.912615,0.695684,1,0
7.780000,107.965825,0.000694,0.000000,107.966519,1.628585,0.196263,1.524765,295.031332,0.099770,0.099770,-0.000001,30014.699336,0.919863,0.753639,1,0
7.790000,107.965806,0.000690,0.000000,107.966496,1.628585,0.196263,1.526728,295.033414,0.099773,0.099773,-0.000001,30013.744356,0.927682,0.809679,1,0
7.800000,107.965786,0.000686,0.000000,107.966471,1.628586,0.196263,1.528691,295.035497,0.099776,0.099776,-0.000001,30012.854336,0.936052,0.863894,1,0
7.810000,107.965766,0.000681,0.000000,107.966447,1.628586,0.196263,1.530653,295.037579,0.099779,0.099779,-0.000001,30012.011690,0.944956,0.916405,1,0
7.820000,107.965745,0.000677,0.000000,107.966422,1.628586,0.196263,1.532616,295.039661,0.099782,0.099782,-0.000001,30011.214897,0.954376,0.967353,1,0
7.830000,107.965723,0.000673,0.000000,107.966396,1.628586,0.196263,1.534579,295.041744,0.099785,0.099785,-0.000001,30010.464400,0.964299,1.016919,1,0
7.840000,107.965701,0.000669,0.000000,107.966370,1.628586,0.196263,1.536541,295.043826,0.099788,0.099788,-0.000001,30009.756885,0.974711,1.065301,1,0
7.850000,107.965678,0.000665,0.000000,107.966344,1.628587,0.196263,1.538504,295.045908,0.099791,0.099791,-0.000001,30009.089314,0.985602,1.112702,1,0
7.860000,107.965655,0.000661,0.000000,107.966317,1.628587,0.196263,1.540466,295.047990,0.099794,0.099794,-0.000001,30008.458925,0.996963,1.159378,1,0
7.870000,107.965632,0.000658,0.000000,107.966290,1.628587,0.196263,1.542429,295.050072,0.099797,0.099797,-0.000001,30007.863231,1.008788,1.205579,1,0
7.880000,107.965608,0.000654,0.000000,107.966262,1.628587,0.196263,1.544392,295.052154,0.099800,0.099800,-0.000001,30007.300023,1.021073,1.251534,1,0
7.890000,107.965584,0.000651,0.000000,107.966235,1.628587,0.196263,1.546354,295.054236,0.099802,0.099802,-0.000001,30006.767368,1.033818,1.297526,1,0
7.900000,107.965560,0.000647,0.000000,107.966207,1.628587,0.196263,1.548317,295.056317,0.099805,0.099805,-0.000001,30006.263608,1.047023,1.343769,1,0
7.910000,107.965535,0.000644,0.000000,107.966179,1.628587,0.196263,1.550280,295.058399,0.099808,0.099808,-0.000001,30005.787363,1.060692,1.390475,1,0
7.920000,107.965510,0.000641,0.000000,107.966151,1.628588,0.196263,1.552242,295.060481,0.099810,0.099810,-0.000001,30005.337528,1.074833,1.437847,1,0
7.930000,107.965485,0.000638,0.000000,107.966123,1.628588,0.196263,1.554205,295.062562,0.099813,0.099813,-0.000001,30004.926561,1.089449,1.486006,1,0
7.940000,107.965459,0.000635,0.000000,107.966094,1.628588,0.196263,1.556167,295.064644,0.099816,0.099816,-0.000001,30004.571687,1.104552,1.535061,1,0
7.950000,107.965434,0.000632,0.000000,107.966066,1.628588,0.196263,1.558130,295.066725,0.099818,0.099818,-0.000001,30004.245326,1.120151,1.585058,1,0
7.960000,107.965409,0.000629,0.000000,107.966038,1.628588,0.196263,1.560093,295.068807,0.099821,0.099821,-0.000001,30003.945872,1.136253,1.635992,1,0
7.970000,107.965383,0.000626,0.000000,107.966010,1.628588,0.196263,1.562055,295.070888,0.099823,0.099823,-0.000001,30003.671723,1.152870,1.687782,1,0
7.980000,107.965358,0.000624,0.000000,107.965982,1.628588,0.196263,1.564018,295.072969,0.099825,0.099825,-0.000001,30003.421273,1.170009,1.740320,1,0
7.990000,107.965333,0.000621,0.000000,107.965954,1.628588,0.196263,1.565981,295.075051,0.099828,0.099828,-0.000001,30003.192919,1.187676,1.793424,1,0
8.000000,107.965308,0.000619,0.000000,107.965927,1.628588,0.196263,1.567943,295.077132,0.099830,0.099830,-0.000001,30002.985056,1.205878,1.846855,1,0
8.010000,107.965283,0.000616,0.000000,107.965900,1.628588,0.196263,1.569906,295.079213,0.099833,0.099833,-0.000001,30002.796080,1.224614,1.900379,1,0
8.020000,107.965259,0.000614,0.000000,107.965873,1.628588,0.196263,1.571868,295.081294,0.099835,0.099835,-0.000001,30002.624387,1.243885,1.953665,1,0
8.030000,107.965235,0.000611,0.000000,107.965847,1.628588,0.196263,1.573831,295.083375,0.099837,0.099837,-0.000001,30002.468372,1.263687,2.006410,1,0
8.040000,107.965212,0.000609,0.000000,107.965821,1.628588,0.196263,1.575794,295.085456,0.099839,0.099839,-0.000001,30002.326432,1.284012,2.058248,1,0
8.050000,107.965189,0.000607,0.000000,107.965796,1.628588,0.196263,1.577756,295.087537,0.099842,0.099842,-0.000001,30002.196962,1.304849,2.108824,1,0
8.060000,107.965167,0.000605,0.000000,107.965771,1.628587,0.196263,1.579719,295.089617,0.099844,0.099844,-0.000001,30002.035078,1.326184,2.157771,1,0
8.070000,107.965145,0.000603,0.000000,107.965748,1.628587,0.196263,1.581682,295.091698,0.099846,0.099846,-0.000001,30001.877961,1.347998,2.204712,1,0
8.080000,107.965124,0.000601,0.000000,107.965725,1.628587,0.196263,1.583644,295.093779,0.099848,0.099848,-0.000001,30001.730477,1.370271,2.249274,1,0
8.090000,107.965104,0.000599,0.000000,107.965703,1.628587,0.196263,1.585607,295.095859,0.099850,0.099850,-0.000001,30001.592626,1.392975,2.291092,1,0
8.100000,107.965085,0.000597,0.000000,107.965682,1.628587,0.196263,1.587569,295.097940,0.099852,0.099852,-0.000001,30001.464409,1.416083,2.329807,1,0
8.110000,107.965067,0.000595,0.000000,107.965662,1.628586,0.196263,1.589532,295.100020,0.099854,0.099854,-0.000001,30001.345826,1.439561,2.365080,1,0
8.120000,107.965050,0.000593,0.000000,107.965643,1.628586,0.196263,1.591495,295.102101,0.099856,0.099856,-0.000001,30001.236876,1.463373,2.396595,1,0
8.130000,107.965034,0.000591,0.000000,107.965625,1.628586,0.196263,1.593457,295.104181,0.099858,0.099858,-0.000001,30001.137560,1.487480,2.424062,1,0
8.140000,107.965020,0.000589,0.000000,107.965609,1.628586,0.196263,1.595420,295.106261,0.099860,0.099860,-0.000001,30001.047878,1.511841,2.447222,1,0
8.150000,107.965007,0.000588,0.000000,107.965594,1.628585,0.196263,1.597383,295.108342,0.099862,0.099862,-0.000001,30000.967829,1.536410,2.465854,1,0
8.160000,107.964995,0.000586,0.000000,107.965581,1.628585,0.196263,1.599345,295.110422,0.099864,0.099864,-0.000001,30000.897414,1.561143,2.479769,1,0
8.170000,107.964985,0.000585,0.000000,107.965569,1.628584,0.196263,1.601308,295.112502,0.099866,0.099866,-0.000001,30000.836632,1.585990,2.488826,1,0
8.180000,107.964976,0.000583,0.000000,107.965559,1.628584,0.196263,1.603270,295.114582,0.099867,0.099867,-0.000001,30000.798902,1.610903,2.492913,1,0
8.190000,107.964969,0.000582,0.000000,107.965551,1.628584,0.196263,1.605233,295.116662,0.099869,0.099869,-0.000001,30000.778612,1.635832,2.491969,1,0
8.200000,107.964964,0.000581,0.000000,107.965545,1.628583,0.196263,1.607196,295.118742,0.099870,0.099870,-0.000001,30000.758323,1.660726,2.485967,1,0
8.210000,107.964961,0.000580,0.000000,107.965541,1.628583,0.196263,1.609158,295.120822,0.099871,0.099871,-0.000001,30000.738033,1.685535,2.474919,1,0
8.220000,107.964960,0.000579,0.000000,107.965539,1.628582,0.196263,1.611121,295.122901,0.099873,0.099873,-0.000001,30000.717744,1.710208,2.458877,1,0
8.230000,107.964962,0.000578,0.000000,107.965539,1.628581,0.196263,1.613084,295.124981,0.099874,0.099874,-0.000001,30000.697455,1.734696,2.437921,1,0
8.240000,107.964965,0.000576,0.000000,107.965542,1.628581,0.196263,1.615046,295.127061,0.099876,0.099876,-0.000001,30000.677165,1.758950,2.412167,1,0
8.250000,107.964971,0.000575,0.000000,107.965546,1.628580,0.196263,1.617009,295.129140,0.099877,0.099877,-0.000001,30000.656876,1.782923,2.381753,1,0
8.260000,107.964979,0.000574,0.000000,107.965554,1.628580,0.196263,1.618971,295.131220,0.099878,0.099878,-0.000001,30000.636587,1.806570,2.346843,1,0
8.270000,107.964991,0.000573,0.000000,107.965564,1.628579,0.196263,1.620934,295.133299,0.099880,0.099880,-0.000001,30000.616297,1.829845,2.307613,1,0
8.280000,107.965004,0.000572,0.000000,107.965577,1.628578,0.196263,1.622897,295.135379,0.099881,0.099881,-0.000001,30000.596008,1.852708,2.264260,1,0
8.290000,107.965021,0.000571,0.000000,107.965592,1.628577,0.196263,1.624859,295.137458,0.099882,0.099882,-0.000001,30000.575719,1.875117,2.216985,1,0
8.300000,107.965041,0.000570,0.000000,107.965611,1.628576,0.196263,1.626822,295.139538,0.099884,0.099884,-0.000001,30000.555429,1.897034,2.165999,1,0
8.310000,107.965064,0.000569,0.000000,107.965633,1.628576,0.196263,1.628785,295.141617,0.099885,0.099885,-0.000001,30000.535140,1.918424,2.111518,1,0
8.320000,107.965090,0.000568,0.000000,107.965658,1.628575,0.196263,1.630747,295.143696,0.099887,0.099887,-0.000001,30000.514850,1.939253,2.053756,1,0
8.330000,107.965110,0.000567,0.000000,107.965678,1.628574,0.196263,1.632710,295.145775,0.099888,0.099888,-0.000001,30000.494561,1.959489,1.992934,1,0
8.340000,107.965118,0.000566,0.000000,107.965684,1.628574,0.196263,1.634672,295.147854,0.099889,0.099889,-0.000001,30000.474272,1.979102,1.929266,1,0
8.350000,107.965126,0.000565,0.000000,107.965691,1.628574,0.196263,1.636635,295.149933,0.099891,0.099891,-0.000001,30000.453982,1.998065,1.862970,1,0
8.360000,107.965134,0.000564,0.000000,107.965699,1.628574,0.196263,1.638598,295.152012,0.099892,0.099892,-0.000001,30000.433693,2.016353,1.794259,1,0
8.370000,107.965143,0.000564,0.000000,107.965707,1.628574,0.196263,1.640560,295.154091,0.099893,0.099893,-0.000001,30000.413404,2.033943,1.723344,1,0
8.380000,107.965153,0.000563,0.000000,107.965715,1.628574,0.196263,1.642523,295.156170,0.099895,0.099895,-0.000001,30000.393114,2.050813,1.650436,1,0
8.390000,107.965163,0.000562,0.000000,107.965724,1.628574,0.196263,1.644486,295.158248,0.099896,0.099896,-0.000001,30000.372825,2.066945,1.575740,1,0
8.400000,107.965173,0.000561,0.000000,107.965734,1.628574,0.196263,1.646448,295.160327,0.099897,0.099897,-0.000001,30000.352535,2.082322,1.499459,1,0
8.410000,107.965183,0.000560,0.000000,107.965743,1.628575,0.196263,1.648411,295.162405,0.099899,0.099899,-0.000001,30000.332246,2.096930,1.421794,1,0
8.420000,107.965194,0.000559,0.000000,107.965753,1.628575,0.196263,1.650373,295.164484,0.099900,0.099900,-0.000001,30000.311957,2.110754,1.342940,1,0
8.430000,107.965206,0.000558,0.000000,107.965764,1.628575,0.196263,1.652336,295.166562,0.099901,0.099901,-0.000001,30000.299570,2.123785,1.263090,1,0
8.440000,107.965217,0.000558,0.000000,107.965775,1.628575,0.196263,1.654299,295.168641,0.099902,0.099902,-0.000001,30000.291933,2.136013,1.182433,1,0
8.450000,107.965229,0.000557,0.000000,107.965787,1.628575,0.196263,1.656261,295.170719,0.099903,0.099903,-0.000001,30000.284295,2.147432,1.101153,1,0
8.460000,107.965242,0.000556,0.000000,107.965798,1.628575,0.196263,1.658224,295.172797,0.099904,0.099904,-0.000001,30000.276658,2.158035,1.019429,1,0
8.470000,107.965254,0.000556,0.000000,107.965810,1.628575,0.196263,1.660187,295.174876,0.099905,0.099905,-0.000001,30000.269021,2.167819,0.937436,1,0
8.480000,107.965267,0.000555,0.000000,107.965823,1.628575,0.196263,1.662149,295.176954,0.099906,0.099906,-0.000001,30000.261383,2.176783,0.855343,1,0
8.490000,107.965281,0.000555,0.000000,107.965835,1.628575,0.196263,1.664112,295.179032,0.099907,0.099907,-0.000001,30000.253746,2.184926,0.773316,1,0
8.500000,107.965294,0.000554,0.000000,107.965848,1.628575,0.196263,1.666074,295.181110,0.099908,0.099908,-0.000001,30000.246109,2.192250,0.691512,1,0
8.510000,107.965308,0.000553,0.000000,107.965861,1.628575,0.196263,1.668037,295.183188,0.099910,0.099910,-0.000001,30000.238472,2.198758,0.610087,1,0
8.520000,107.965322,0.025507,0.000000,107.990828,1.628575,0.196263,1.670000,295.185266,0.099952,0.099938,-0.000001,30000.223092,2.204454,0.529188,1,0
8.530000,107.965336,0.081177,0.000000,108.046513,1.628576,0.196263,1.671962,295.187343,0.100034,0.099994,-0.000001,30000.208704,2.209344,0.448957,1,0
8.540000,107.965350,0.145258,0.000000,108.110609,1.628576,0.196263,1.673925,295.189421,0.100157,0.100076,-0.000001,30000.195244,2.213436,0.369529,1,0
8.550000,107.965365,0.225538,0.000000,108.190903,1.628576,0.196263,1.675888,295.191499,0.100319,0.100184,-0.000001,30000.182652,2.216738,0.291035,1,0
8.560000,107.965380,0.298631,0.000000,108.264011,1.628576,0.196263,1.677850,295.193576,0.100521,0.100319,-0.000001,30000.170872,2.219260,0.213597,1,0
8.570000,107.965395,0.375253,0.000000,108.340648,1.628576,0.196263,1.679813,295.195654,0.100761,0.100479,-0.000001,30000.159852,2.221013,0.137329,1,0
8.580000,107.965410,0.451971,0.000000,108.417381,1.628576,0.196263,1.681776,295.197731,0.101038,0.100664,-0.000001,30000.149543,2.222011,0.062341,1,0
8.590000,107.965426,0.514178,0.000000,108.479604,1.628576,0.196263,1.683738,295.199809,0.101353,0.100874,-0.000001,30000.139898,2.222265,-0.011271,1,0
8.600000,107.965441,0.594482,0.000000,108.559923,1.628576,0.196263,1.685701,295.201886,0.101705,0.101109,-0.000001,30000.130876,2.221790,-0.083415,1,0
8.610000,107.965457,0.660343,0.000000,108.625800,1.628576,0.196263,1.687663,295.203964,0.102094,0.101369,-0.000001,30000.122435,2.220601,-0.154013,1,0
8.620000,107.965473,0.730342,0.000000,108.695815,1.628577,0.196263,1.689626,295.206041,0.102518,0.101652,-0.000001,30000.114539,2.218715,-0.222998,1,0
8.630000,107.965489,0.794655,0.000000,108.760144,1.628577,0.196263,1.691589,295.208118,0.102978,0.101958,-0.000001,30000.107152,2.216147,-0.290315,1,0
8.640000,107.965505,0.875205,0.000000,108.840710,1.628577,0.196263,1.693551,295.210195,0.103473,0.102288,-0.000001,30000.100242,2.212914,-0.355924,1,0
8.650000,107.965521,0.920927,0.000000,108.886448,1.628577,0.196263,1.695514,295.212272,0.104002,0.102641,-0.000001,30000.093777,2.209034,-0.419799,1,0
8.660000,107.965538,0.994635,0.000000,108.960172,1.628577,0.196263,1.697477,295.214349,0.104565,0.103017,-0.000001,30000.087729,2.204524,-0.481934,1,0
8.670000,107.965554,1.075015,0.000000,109.040569,1.628577,0.196263,1.699439,295.216426,0.105161,0.103415,-0.000001,30000.082071,2.199401,-0.542339,1,0
8.680000,107.965571,1.116146,0.000000,109.081717,1.628577,0.196263,1.701402,295.218503,0.105791,0.103835,-0.000001,30000.076778,2.193682,-0.601044,1,0
8.690000,107.965588,1.190832,0.000000,109.156419,1.628578,0.196263,1.703364,295.220580,0.106453,0.104276,-0.000001,30000.071826,2.187385,-0.658103,1,0
8.700000,107.965605,1.255054,0.000000,109.220659,1.628578,0.196263,1.705327,295.222657,0.107148,0.104740,-0.000001,30000.067194,2.180525,-0.713590,1,0
8.710000,107.965621,1.319787,0.000000,109.285409,1.628578,0.196263,1.707290,295.224733,0.107874,0.105224,-0.000001,30000.062860,2.173118,-0.767603,1,0
8.720000,107.965639,1.384230,0.000000,109.349868,1.628578,0.196263,1.709252,295.226810,0.108631,0.105729,-0.000001,30000.058806,2.165178,-0.820262,1,0
8.730000,107.965656,1.448414,0.000000,109.414070,1.628578,0.196263,1.711215,295.228886,0.109419,0.106254,-0.000001,30000.055014,2.156717,-0.871713,1,0
8.740000,107.965673,1.512306,0.000000,109.477979,1.628578,0.196263,1.713178,295.230963,0.110238,0.106800,-0.000001,30000.051466,2.147747,-0.922116,1,0
8.750000,107.965691,1.575906,0.000000,109.541597,1.628578,0.196263,1.715140,295.233039,0.111086,0.107366,-0.000001,30000.048147,2.138277,-0.971660,1,0
8.760000,107.965708,1.639214,0.000000,109.604922,1.628578,0.196263,1.717103,295.235116,0.111965,0.107952,-0.000001,30000.045041,2.128316,-1.020539,1,0
8.770000,107.965726,1.765633,0.000000,109.731359,1.628578,0.196263,1.719065,295.237192,0.112871,0.108557,-0.000001,30000.042137,2.117868,-1.068966,1,0
8.780000,107.965744,1.553712,0.000000,109.519455,1.628579,0.196263,1.721028,295.239268,0.113780,0.109181,-0.000001,30000.039419,2.106938,-1.117153,1,0
8.790000,107.965762,1.589631,0.000000,109.555393,1.628579,0.196263,1.722991,295.241344,0.114688,0.109824,-0.000001,30000.036877,2.095526,-1.165309,1,0
8.800000,107.965780,1.632854,0.000000,109.598633,1.628579,0.196263,1.724953,295.243420,0.115597,0.110486,-0.000001,30000.034499,2.083632,-1.213638,1,0
8.810000,107.965798,1.708753,0.000000,109.674551,1.628579,0.196263,1.726916,295.245496,0.116506,0.111166,-0.000001,30000.032274,2.071253,-1.262313,1,0
8.820000,107.965816,1.719535,0.000000,109.685351,1.628579,0.196263,1.728879,295.247572,0.117415,0.111865,-0.000001,30000.030192,2.058385,-1.311489,1,0
8.830000,107.965835,1.700319,0.000000,109.666154,1.628579,0.196263,1.730841,295.249648,0.118323,0.112581,-0.000001,30000.028245,2.045022,-1.361271,1,0
8.840000,107.965854,1.708332,0.000000,109.674186,1.628579,0.196263,1.732804,295.251724,0.119232,0.113315,-0.000001,30000.026423,2.031159,-1.411725,1,0
8.850000,107.965873,1.728829,0.000000,109.694702,1.628579,0.196263,1.734766,295.253800,0.120141,0.114066,-0.000001,30000.024719,2.016787,-1.462858,1,0
8.860000,107.965892,1.768328,0.000000,109.734220,1.628579,0.196263,1.736729,295.255876,0.121049,0.114834,-0.000001,30000.023125,2.001901,-1.514614,1,0
8.870000,107.965911,1.772523,0.000000,109.738434,1.628579,0.196263,1.738692,295.257951,0.121958,0.115620,-0.000001,30000.021634,1.986494,-1.566888,1,0
8.880000,107.965931,1.791433,0.000000,109.757363,1.628579,0.196263,1.740654,295.260027,0.122867,0.116422,-0.000001,30000.020238,1.970563,-1.619489,1,0
8.890000,107.965951,1.848286,0.000000,109.814237,1.628579,0.196263,1.742617,295.262102,0.123776,0.117240,-0.000001,30000.018933,1.954105,-1.672202,1,0
8.900000,107.965971,1.864801,0.000000,109.830771,1.628580,0.196263,1.744580,295.264178,0.124684,0.118075,-0.000001,30000.017712,1.937120,-1.724724,1,0
8.910000,107.965991,1.866049,0.000000,109.832040,1.628580,0.196263,1.746542,295.266253,0.125593,0.118926,-0.000001,30000.016570,1.919612,-1.776740,1,0
8.920000,107.966012,1.895384,0.000000,109.861396,1.628580,0.196263,1.748505,295.268329,0.126502,0.119793,-0.000001,30000.015501,1.901587,-1.827887,1,0
8.930000,107.966033,2.031110,0.000000,109.997143,1.628580,0.196263,1.750467,295.270404,0.127410,0.120675,-0.000001,30000.014501,1.883057,-1.877792,1,0
8.940000,107.966054,1.908217,0.000000,109.874272,1.628580,0.196263,1.752430,295.272479,0.128319,0.121572,-0.000001,30000.013566,1.864036,-1.926083,1,0
8.950000,107.966076,1.886080,0.000000,109.852157,1.628580,0.196263,1.754393,295.274554,0.129228,0.122481,-0.000001,30000.012691,1.844541,-1.972387,1,0
8.960000,107.966098,1.870379,0.000000,109.836477,1.628580,0.196263,1.756355,295.276629,0.130137,0.123390,-0.000001,30000.011873,1.824594,-2.016370,1,0
8.970000,107.966114,1.870394,0.000000,109.836508,1.628580,0.196263,1.758318,295.278704,0.131045,0.124298,-0.000001,30000.011116,1.804220,-2.057722,1,0
8.980000,107.966122,1.870394,0.000000,109.836516,1.628580,0.196263,1.760281,295.280779,0.131954,0.125207,-0.000001,30000.010407,1.783447,-2.096176,1,0
8.990000,107.966130,1.870394,0.000000,109.836524,1.628580,0.196263,1.762243,295.282854,0.132863,0.126116,-0.000001,30000.009735,1.762305,-2.131524,1,0
9.000000,107.966137,1.870394,0.000000,109.836531,1.628580,0.196263,1.764206,295.284929,0.133772,0.127025,-0.000001,30000.009107,1.740826,-2.163582,1,0
9.010000,107.966143,1.870394,0.000000,109.836537,1.628581,0.196263,1.766168,295.287004,0.134680,0.127933,-0.000001,30000.008520,1.719043,-2.192249,1,0
9.020000,107.966148,2.388196,0.000000,110.354345,1.628581,0.196263,1.768131,295.289079,0.135589,0.128842,0.000579,30000.007971,1.696992,-2.217424,1,0
9.030000,107.966153,2.955844,0.000000,110.921997,1.628581,0.196263,1.770094,295.291153,0.136498,0.129751,0.001398,30000.007457,1.674706,-2.239087,1,0
9.040000,107.966157,3.749365,0.000000,111.715522,1.628581,0.196263,1.772056,295.293228,0.137406,0.130659,0.002318,30000.006976,1.652222,-2.257211,1,0
9.050000,107.966160,2.887042,0.000000,110.853202,1.628581,0.196263,1.774019,295.295303,0.138315,0.131568,0.003281,30000.006526,1.629574,-2.271814,1,0
9.060000,107.966163,2.075382,0.000000,110.041545,1.628582,0.196263,1.775982,295.297377,0.139224,0.132477,0.004264,30000.006105,1.606798,-2.282902,1,0
9.070000,107.966165,2.158470,0.000000,110.124635,1.628582,0.196263,1.777944,295.299451,0.140133,0.133386,0.005255,30000.005711,1.583929,-2.290494,1,0
9.080000,107.966166,2.375526,0.000000,110.341692,1.628582,0.196263,1.779907,295.301526,0.141041,0.134294,0.006251,30000.005343,1.561001,-2.294609,1,0
9.090000,107.966166,2.370446,0.000000,110.336612,1.628582,0.196263,1.781869,295.303600,0.141950,0.135197,0.007249,30000.004998,1.538049,-2.295250,1,0
9.100000,107.966165,2.384041,0.000000,110.350206,1.628582,0.196263,1.783832,295.305674,0.142859,0.136088,0.008248,30000.004676,1.515107,-2.292424,1,0
9.110000,107.966164,2.370439,0.000000,110.336603,1.628582,0.196263,1.785795,295.307749,0.143767,0.136966,0.009248,30000.004374,1.492212,-2.286121,1,0
9.120000,107.966162,2.419832,0.000000,110.385994,1.628583,0.196263,1.787757,295.309823,0.144676,0.137832,0.010247,30000.004092,1.469397,-2.276322,1,0
9.130000,107.966159,2.385239,0.000000,110.351397,1.628583,0.196263,1.789720,295.311897,0.145585,0.138686,0.011247,30000.003828,1.446697,-2.263003,1,0
9.140000,107.966155,2.372314,0.000000,110.338469,1.628583,0.196263,1.791683,295.313971,0.146494,0.139529,0.012247,30000.003581,1.424149,-2.246137,1,0
9.150000,107.966150,2.296500,0.000000,110.262650,1.628583,0.196263,1.793645,295.316045,0.147402,0.140359,0.013247,30000.003350,1.401787,-2.225694,1,0
9.160000,107.966145,2.332078,0.000000,110.298223,1.628583,0.196263,1.795608,295.318118,0.148311,0.141179,0.014247,30000.003134,1.379647,-2.201648,1,0
9.170000,107.966139,2.328451,0.000000,110.294590,1.628583,0.196263,1.797570,295.320192,0.149220,0.141987,0.015247,30000.002932,1.357766,-2.173984,1,0
9.180000,107.966132,2.281775,0.000000,110.247907,1.628583,0.196263,1.799533,295.322266,0.150128,0.142784,0.016247,30000.002743,1.336179,-2.142697,1,0
9.190000,107.966124,2.264307,0.000000,110.230432,1.628584,0.196263,1.801496,295.324340,0.151037,0.143570,0.017247,30000.002566,1.314924,-2.107803,1,0
9.200000,107.966116,2.330013,0.000000,110.296129,1.628584,0.196263,1.803458,295.326413,0.151946,0.144345,0.018247,30000.002401,1.294035,-2.069338,1,0
9.210000,107.966107,2.296446,0.000000,110.262553,1.628584,0.196263,1.805421,295.328487,0.152855,0.145110,0.019247,30000.002246,1.273549,-2.027357,1,0
9.220000,107.966097,2.268213,0.000000,110.234310,1.628584,0.196263,1.807384,295.330560,0.153763,0.145864,0.020247,30000.002101,1.253499,-1.981942,1,0
9.230000,107.966086,2.233596,0.000000,110.199682,1.628584,0.196263,1.809346,295.332634,0.154672,0.146608,0.021247,30000.001966,1.233921,-1.933198,1,0
9.240000,107.966075,2.277552,0.000000,110.243627,1.628584,0.196263,1.811309,295.334707,0.155581,0.147342,0.022247,30000.001839,1.214846,-1.881251,1,0
9.250000,107.966063,2.235305,0.000000,110.201368,1.628584,0.196263,1.813272,295.336781,0.156489,0.148065,0.023247,30000.001720,1.196306,-1.826250,1,0
9.260000,107.966051,2.210310,0.000000,110.176361,1.628584,0.196263,1.815234,295.338854,0.157398,0.148779,0.024247,30000.001609,1.178330,-1.768362,1,0
9.270000,107.966037,2.181786,0.000000,110.147824,1.628584,0.196263,1.817197,295.340927,0.158307,0.149482,0.025247,30000.001505,1.160948,-1.707769,1,0
9.280000,107.966023,2.132596,0.000000,110.098619,1.628584,0.196263,1.819159,295.343000,0.159216,0.150176,0.026247,30000.001408,1.144183,-1.644664,1,0
9.290000,107.966009,2.176203,0.000000,110.142212,1.628584,0.196263,1.821122,295.345073,0.160124,0.150861,0.027247,30000.001318,1.128062,-1.579254,1,0
9.300000,107.965994,2.202785,0.000000,110.168779,1.628584,0.196263,1.823085,295.347146,0.161033,0.151536,0.028247,30000.001233,1.112605,-1.511747,1,0
9.310000,107.965978,2.174353,0.000000,110.140331,1.628584,0.196263,1.825047,295.349219,0.161942,0.152202,0.029247,30000.001153,1.097833,-1.442359,1,0
9.320000,107.965962,2.146948,0.000000,110.112910,1.628584,0.196263,1.827010,295.351292,0.162851,0.152858,0.030247,30000.001079,1.083764,-1.371304,1,0
9.330000,107.965945,2.130279,0.000000,110.096224,1.628584,0.196263,1.828973,295.353365,0.163759,0.153506,0.031247,30000.001009,1.070412,-1.298795,1,0
9.340000,107.965928,2.101134,0.000000,110.067062,1.628584,0.196263,1.830935,295.355438,0.164668,0.154145,0.032247,30000.000944,1.057792,-1.225043,1,0
9.350000,107.965910,2.137874,0.000000,110.103784,1.628584,0.196263,1.832898,295.357510,0.165577,0.154774,0.033247,30000.000883,1.045915,-1.150252,1,0
9.360000,107.965892,2.069400,0.000000,110.035292,1.628584,0.196263,1.834860,295.359583,0.166485,0.155396,0.034247,30000.000826,1.034791,-1.074616,1,0
9.370000,107.965874,2.072424,0.000000,110.038298,1.628584,0.196263,1.836823,295.361656,0.167394,0.156008,0.035247,30000.000773,1.024426,-0.998326,1,0
9.380000,107.965855,2.061935,0.000000,110.027790,1.628584,0.196263,1.838786,295.363728,0.168303,0.156613,0.036247,30000.000723,1.014826,-0.921566,1,0
9.390000,107.965836,2.084001,0.000000,110.049837,1.628584,0.196263,1.840748,295.365800,0.169212,0.157209,0.037247,30000.000676,1.005996,-0.844512,1,0
9.400000,107.965817,2.069188,0.000000,110.035004,1.628583,0.196263,1.842711,295.367873,0.170120,0.157796,0.038247,30000.000633,0.997937,-0.767335,1,0
9.410000,107.965797,2.125190,0.000000,110.090987,1.628583,0.196263,1.844674,295.369945,0.171029,0.158376,0.039247,30000.000592,0.990650,-0.690189,1,0
9.420000,107.965777,2.080124,0.000000,110.045901,1.628583,0.196263,1.846636,295.372017,0.171938,0.158948,0.040247,30000.000554,0.984134,-0.613228,1,0
9.430000,107.965758,2.068125,0.000000,110.033883,1.628583,0.196263,1.848599,295.374090,0.172846,0.159512,0.041247,30000.000518,0.978386,-0.536597,1,0
9.440000,107.965738,2.058502,0.000000,110.024239,1.628583,0.196263,1.850561,295.376162,0.173755,0.160068,0.042247,30000.000485,0.973401,-0.460429,1,0
9.450000,107.965718,2.035076,0.000000,110.000794,1.628582,0.196263,1.852524,295.378234,0.174664,0.160616,0.043247,30000.000453,0.969176,-0.384853,1,0
9.460000,107.965698,1.997006,0.000000,109.962704,1.628582,0.196263,1.854487,295.380306,0.175573,0.161157,0.044247,30000.000424,0.965703,-0.309991,1,0
9.470000,107.965678,1.991370,0.000000,109.957048,1.628582,0.196263,1.856449,295.382378,0.176481,0.161691,0.045247,30000.000397,0.962974,-0.235957,1,0
9.480000,107.965658,2.025943,0.000000,109.991601,1.628582,0.196263,1.858412,295.384450,0.177390,0.162217,0.046247,30000.000371,0.960982,-0.162857,1,0
9.490000,107.965639,1.961432,0.000000,109.927070,1.628581,0.196263,1.860375,295.386522,0.178299,0.162736,0.047247,30000.000347,0.959715,-0.090793,1,0
9.500000,107.965619,1.966369,0.000000,109.931989,1.628581,0.196263,1.862337,295.388593,0.179207,0.163248,0.048247,30000.000325,0.959163,-0.019856,1,0
9.510000,107.965601,1.957827,0.000000,109.923427,1.628580,0.196263,1.864300,295.390665,0.180116,0.163753,0.049247,30000.000304,0.959314,0.049870,1,0
9.520000,107.965582,1.606319,0.000000,109.571901,1.628580,0.196263,1.866262,295.392737,0.181025,0.164250,0.049683,30000.000284,0.960156,0.118308,1,0
9.530000,107.965564,1.472833,0.000000,109.438397,1.628580,0.196263,1.868225,295.394808,0.181934,0.164741,0.049866,30000.000266,0.961676,0.185394,1,0
9.540000,107.965546,1.406530,0.000000,109.372076,1.628579,0.196263,1.870188,295.396880,0.182842,0.165225,0.049941,30000.000249,0.963859,0.251071,1,0
9.550000,107.965529,1.378195,0.000000,109.343724,1.628579,0.196263,1.872150,295.398951,0.183751,0.165703,0.049975,30000.000233,0.966693,0.315293,1,0
9.560000,107.965513,1.336778,0.000000,109.302291,1.628578,0.196263,1.874113,295.401023,0.184659,0.166174,0.049989,30000.000218,0.970160,0.378030,1,0
9.570000,107.965497,1.318241,0.000000,109.283738,1.628577,0.196263,1.876076,295.403094,0.185554,0.166637,0.049995,30000.000204,0.974248,0.439260,1,0
9.580000,107.965482,1.296195,0.000000,109.261677,1.628577,0.196263,1.878038,295.405165,0.186437,0.167094,0.049997,30000.000191,0.978941,0.498980,1,0
9.590000,107.965468,1.274906,0.000000,109.240375,1.628576,0.196263,1.880001,295.407237,0.187309,0.167545,0.049999,30000.000179,0.984223,0.557196,1,0
9.600000,107.965455,1.254223,0.000000,109.219678,1.628576,0.196263,1.881963,295.409308,0.188170,0.167991,0.049999,30000.000167,0.990080,0.613935,1,0
9.610000,107.965451,1.234033,0.000000,109.199484,1.628575,0.196263,1.883926,295.411379,0.189020,0.168430,0.050000,30000.000156,0.996497,0.669234,1,0
9.620000,107.965452,1.214320,0.000000,109.179772,1.628576,0.196263,1.885889,295.413450,0.189858,0.168864,0.050000,30000.000146,1.003460,0.723153,1,0
9.630000,107.965452,1.195244,0.000000,109.160696,1.628576,0.196263,1.887851,295.415521,0.190669,0.169284,0.050000,30000.000138,1.010956,0.775758,1,0
9.640000,107.965453,1.176306,0.000000,109.141759,1.628576,0.196263,1.889814,295.417592,0.191478,0.169702,0.050000,30000.000129,1.018972,0.827141,1,0
9.650000,107.965454,1.157874,0.000000,109.123327,1.628576,0.196263,1.891777,295.419663,0.192268,0.170111,0.050000,30000.000121,1.027495,0.877397,1,0
9.660000,107.965455,1.139621,0.000000,109.105076,1.628576,0.196263,1.893739,295.421733,0.193054,0.170517,0.050000,30000.000114,1.036516,0.926642,1,0
9.670000,107.965456,1.121803,0.000000,109.087259,1.628576,0.196263,1.895702,295.423804,0.193824,0.170916,0.049999,30000.000107,1.046025,0.974997,1,0
9.680000,107.965457,1.104194,0.000000,109.069651,1.628576,0.196263,1.897664,295.425875,0.194587,0.171311,0.049999,30000.000100,1.056013,1.022588,1,0
9.690000,107.965458,1.086809,0.000000,109.052268,1.628576,0.196263,1.899627,295.427945,0.195344,0.171702,0.049999,30000.000094,1.066474,1.069553,1,0
9.700000,107.965460,1.069729,0.000000,109.035188,1.628576,0.196263,1.901590,295.430016,0.196090,0.172088,0.049999,30000.000088,1.077402,1.116017,1,0
9.710000,107.965461,1.052894,0.000000,109.018354,1.628576,0.196263,1.903552,295.432086,0.196828,0.172470,0.049999,30000.000083,1.088793,1.162112,1,0
9.720000,107.965462,1.036301,0.000000,109.001763,1.628576,0.196263,1.905515,295.434157,0.197558,0.172848,0.049999,30000.000077,1.100643,1.207956,1,0
9.730000,107.965464,1.019980,0.000000,108.985444,1.628577,0.196263,1.907478,295.436227,0.198278,0.173221,0.049999,30000.000072,1.112950,1.253648,1,0
9.740000,107.965465,1.003951,0.000000,108.969416,1.628577,0.196263,1.909440,295.438297,0.198988,0.173588,0.049999,30000.000067,1.125715,1.299278,1,0
9.750000,107.965467,0.988186,0.000000,108.953653,1.628577,0.196263,1.911403,295.440368,0.199688,0.173950,0.049999,30000.000063,1.138935,1.344906,1,0
9.760000,107.965469,0.972682,0.000000,108.938151,1.628577,0.196263,1.913365,295.442438,0.200379,0.174308,0.049999,30000.000059,1.152612,1.390568,1,0
9.770000,107.965470,0.957431,0.000000,108.922901,1.628577,0.196263,1.915328,295.444508,0.201061,0.174661,0.049999,30000.000055,1.166745,1.436273,1,0
9.780000,107.965472,0.942415,0.000000,108.907887,1.628577,0.196263,1.917291,295.446578,0.201735,0.175009,0.049999,30000.000051,1.181336,1.481999,1,0
9.790000,107.965473,0.927644,0.000000,108.893118,1.628577,0.196263,1.919253,295.448648,0.202399,0.175353,0.049999,30000.000048,1.196384,1.527685,1,0
9.800000,107.965475,0.913118,0.000000,108.878593,1.628577,0.196263,1.921216,295.450718,0.203055,0.175692,0.049999,30000.000044,1.211888,1.573256,1,0
9.810000,107.965477,0.898833,0.000000,108.864310,1.628577,0.196263,1.923179,295.452788,0.203701,0.176027,0.049999,30000.000041,1.227848,1.618584,1,0
9.820000,107.965479,0.884789,0.000000,108.850268,1.628578,0.196263,1.925141,295.454857,0.204339,0.176356,0.049999,30000.000038,1.244259,1.663532,1,0
9.830000,107.965480,0.870983,0.000000,108.836463,1.628578,0.196263,1.927104,295.456927,0.204968,0.176682,0.049999,30000.000036,1.261116,1.707931,1,0
9.840000,107.965482,0.857414,0.000000,108.822896,1.628578,0.196263,1.929066,295.458997,0.205587,0.177002,0.049999,30000.000033,1.278415,1.751583,1,0
9.850000,107.965484,0.844079,0.000000,108.809563,1.628578,0.196263,1.931029,295.461066,0.206198,0.177318,0.049999,30000.000031,1.296145,1.794290,1,0
9.860000,107.965485,0.830904,0.000000,108.796389,1.628578,0.196263,1.932992,295.463136,0.206803,0.177631,0.049999,30000.000029,1.314297,1.835817,1,0
9.870000,107.965487,0.817944,0.000000,108.783431,1.628578,0.196263,1.934954,295.465205,0.207399,0.177940,0.049999,30000.000026,1.332858,1.875941,1,0
9.880000,107.965489,0.805200,0.000000,108.770689,1.628578,0.196263,1.936917,295.467275,0.207988,0.178244,0.049999,30000.000024,1.351812,1.914419,1,0
9.890000,107.965491,0.792669,0.000000,108.758160,1.628578,0.196263,1.938880,295.469344,0.208567,0.178544,0.049999,30000.000023,1.371141,1.951009,1,0
9.900000,107.965492,0.780351,0.000000,108.745843,1.628578,0.196263,1.940842,295.471413,0.209139,0.178840,0.049999,30000.000021,1.390826,1.985473,1,0
9.910000,107.965494,0.768242,0.000000,108.733736,1.628579,0.196263,1.942805,295.473483,0.209702,0.179131,0.049999,30000.000019,1.410843,2.017578,1,0
9.920000,107.965496,0.756343,0.000000,108.721839,1.628579,0.196263,1.944767,295.475552,0.210257,0.179418,0.049999,30000.000018,1.431170,2.047094,1,0
9.930000,107.965498,0.744652,0.000000,108.710150,1.628579,0.196263,1.946730,295.477621,0.210803,0.179701,0.049999,30000.000017,1.451777,2.073808,1,0
9.940000,107.965499,0.733104,0.000000,108.698603,1.628579,0.196263,1.948693,295.479690,0.211344,0.179981,0.049999,30000.000016,1.472637,2.097519,1,0
9.950000,107.965501,0.721716,0.000000,108.687217,1.628579,0.196263,1.950655,295.481759,0.211878,0.180257,0.049999,30000.000014,1.493718,2.118038,1,0
9.960000,107.965503,0.710513,0.000000,108.676016,1.628579,0.196263,1.952618,295.483828,0.212405,0.180530,0.049999,30000.000013,1.514987,2.135201,1,0
9.970000,107.965505,0.699493,0.000000,108.664999,1.628579,0.196263,1.954581,295.485897,0.212925,0.180799,0.049999,30000.000012,1.536411,2.148857,1,0
9.980000,107.965507,0.688656,0.000000,108.654164,1.628579,0.196263,1.956543,295.487966,0.213436,0.181063,0.049999,30000.000011,1.557953,2.158884,1,0
9.990000,107.965509,0.678001,0.000000,108.643510,1.628579,0.196263,1.958506,295.490034,0.213941,0.181324,0.049999,30000.000010,1.579577,2.165176,1,0
10.000000,107.965512,0.667525,0.000000,108.633037,1.628579,0.196263,1.960469,295.492103,0.214437,0.181581,0.049999,30000.000010,1.601244,2.167654,1,0
10.010000,107.965514,0.657230,0.000000,108.622744,1.628579,0.196263,1.962431,295.494172,0.214927,0.181835,0.049999,30000.000009,1.622917,2.166265,1,0
10.020000,107.965516,0.647079,0.000000,108.612596,1.628579,0.196263,1.964394,295.496240,0.215410,0.182085,0.049999,30000.000008,1.644557,2.160971,1,0
10.030000,107.965519,0.637041,0.000000,108.602560,1.628579,0.196263,1.966356,295.498309,0.215888,0.182332,0.049999,30000.000008,1.666124,2.151771,1,0
10.040000,107.965522,0.627160,0.000000,108.592682,1.628579,0.196263,1.968319,295.500377,0.216360,0.182576,0.049999,30000.000007,1.687579,2.138672,1,0
10.050000,107.965525,0.617437,0.000000,108.582961,1.628579,0.196263,1.970282,295.502445,0.216824,0.182817,0.049999,30000.000006,1.708885,2.121712,1,0
10.060000,107.965528,0.607869,0.000000,108.573397,1.628579,0.196263,1.972244,295.504514,0.217282,0.183054,0.049999,30000.000006,1.730001,2.100949,1,0
10.070000,107.965531,0.598458,0.000000,108.563989,1.628579,0.196263,1.974207,295.506582,0.217734,0.183287,0.049999,30000.000005,1.750891,2.076451,1,0
10.080000,107.965535,0.589201,0.000000,108.554736,1.628579,0.196263,1.976170,295.508650,0.218179,0.183517,0.049999,30000.000005,1.771518,2.048312,1,0
10.090000,107.965539,0.580098,0.000000,108.545637,1.628579,0.196263,1.978132,295.510718,0.218617,0.183744,0.049999,30000.000005,1.791845,2.016634,1,0
10.100000,107.965543,0.571146,0.000000,108.536689,1.628579,0.196263,1.980095,295.512786,0.219048,0.183967,0.049999,30000.000004,1.811838,1.981535,1,0
10.110000,107.965547,0.562295,0.000000,108.527842,1.628579,0.196263,1.982057,295.514854,0.219475,0.184188,0.049999,30000.000004,1.831464,1.943142,1,0
10.120000,107.965552,0.553579,0.000000,108.519131,1.628579,0.196263,1.984020,295.516922,0.219895,0.184406,0.049999,30000.000004,1.850690,1.901592,1,0
10.130000,107.965557,0.544995,0.000000,108.510552,1.628579,0.196263,1.985983,295.518990,0.220310,0.184620,0.049999,30000.000003,1.869486,1.857029,1,0
10.140000,107.965563,0.536540,0.000000,108.502103,1.628579,0.196263,1.987945,295.521058,0.220719,0.184832,0.049999,30000.000003,1.887821,1.809605,1,0
10.150000,107.965569,0.528213,0.000000,108.493782,1.628579,0.196263,1.989908,295.523126,0.221122,0.185040,0.049999,30000.000003,1.905668,1.759472,1,0
10.160000,107.965575,0.520011,0.000000,108.485586,1.628579,0.196263,1.991871,295.525193,0.221520,0.185246,0.049999,30000.000003,1.923001,1.706790,1,0
10.170000,107.965582,0.511932,0.000000,108.477514,1.628579,0.196263,1.993833,295.527261,0.221912,0.185449,0.049999,30000.000003,1.939796,1.651721,1,0
10.180000,107.965590,0.503974,0.000000,108.469564,1.628579,0.196263,1.995796,295.529329,0.222298,0.185649,0.049999,30000.000003,1.956028,1.594427,1,0
10.190000,107.965598,0.496134,0.000000,108.461732,1.628578,0.196263,1.997758,295.531396,0.222679,0.185846,0.049999,30000.000002,1.971677,1.535074,1,0
10.200000,107.965606,0.488411,0.000000,108.454017,1.628578,0.196263,1.999721,295.533464,0.223054,0.186040,0.049999,30000.000002,1.986723,1.473825,1,0
10.210000,107.965616,0.480802,0.000000,108.446418,1.628578,0.196263,2.001684,295.535531,0.223424,0.186232,0.049999,30000.000002,2.001147,1.410847,1,0
10.220000,107.965626,0.473305,0.000000,108.438931,1.628578,0.196263,2.003646,295.537598,0.223789,0.186420,0.049999,30000.000002,2.014934,1.346304,1,0
10.230000,107.965637,0.465918,0.000000,108.431555,1.628578,0.196263,2.005609,295.539666,0.224149,0.186607,0.049999,30000.000002,2.028069,1.280359,1,0
10.240000,107.965648,0.458640,0.000000,108.424288,1.628578,0.196263,2.007572,295.541733,0.224504,0.186790,0.049999,30000.000002,2.040537,1.213176,1,0
10.250000,107.965655,0.451467,0.000000,108.417122,1.628578,0.196263,2.009534,295.543800,0.224853,0.186971,0.049999,30000.000002,2.052328,1.144913,1,0
10.260000,107.965659,0.444399,0.000000,108.410058,1.628578,0.196263,2.011497,295.545867,0.225198,0.187149,0.049999,30000.000002,2.063432,1.075730,1,0
10.270000,107.965663,0.437431,0.000000,108.403094,1.628578,0.196263,2.013459,295.547934,0.225538,0.187325,0.049999,30000.000002,2.073840,1.005784,1,0
10.280000,107.965666,0.430560,0.000000,108.396226,1.628578,0.196263,2.015422,295.550001,0.225873,0.187499,0.049999,30000.000002,2.083546,0.935226,1,0
10.290000,107.965670,0.423787,0.000000,108.389456,1.628578,0.196263,2.017385,295.552068,0.226203,0.187670,0.049999,30000.000002,2.092543,0.864207,1,0
10.300000,107.965673,0.417109,0.000000,108.382782,1.628578,0.196263,2.019347,295.554135,0.226529,0.187838,0.049999,30000.000002,2.100829,0.792874,1,0
10.310000,107.965676,0.410525,0.000000,108.376200,1.628579,0.196263,2.021310,295.556201,0.226850,0.188005,0.049999,30000.000002,2.108400,0.721370,1,0
10.320000,107.965678,0.404033,0.000000,108.369711,1.628579,0.196263,2.023273,295.558268,0.227167,0.188169,0.049999,30000.000002,2.115256,0.649832,1,0
10.330000,107.965680,0.397631,0.000000,108.363311,1.628579,0.196263,2.025235,295.560335,0.227480,0.188330,0.049999,30000.000002,2.121397,0.578396,1,0
10.340000,107.965682,0.391317,0.000000,108.356998,1.628579,0.196263,2.027198,295.562401,0.227788,0.188490,0.049999,30000.000002,2.126825,0.507190,1,0
10.350000,107.965683,0.385089,0.000000,108.350772,1.628579,0.196263,2.029160,295.564468,0.228092,0.188647,0.049999,30000.000002,2.131542,0.436339,1,0
10.360000,107.965684,0.378946,0.000000,108.344631,1.628579,0.196263,2.031123,295.566534,0.228392,0.188802,0.049999,30000.000002,2.135553,0.365960,1,0
10.370000,107.965685,0.372886,0.000000,108.338571,1.628579,0.196263,2.033086,295.568601,0.228687,0.188955,0.049999,30000.000002,2.138863,0.296168,1,0
10.380000,107.965685,0.366907,0.000000,108.332593,1.628579,0.196263,2.035048,295.570667,0.228979,0.189106,0.049999,30000.000002,2.141478,0.227066,1,0
10.390000,107.965685,0.361008,0.000000,108.326693,1.628580,0.196263,2.037011,295.572733,0.229267,0.189255,0.049999,30000.000002,2.143407,0.158756,1,0
10.400000,107.965685,0.355186,0.000000,108.320871,1.628580,0.196263,2.038974,295.574799,0.229551,0.189402,0.049999,30000.000002,2.144656,0.091328,1,0
10.410000,107.965684,0.349441,0.000000,108.315125,1.628580,0.196263,2.040936,295.576865,0.229831,0.189547,0.049999,30000.000002,2.145236,0.024865,1,0
10.420000,107.965683,0.343770,0.000000,108.309453,1.628580,0.196263,2.042899,295.578931,0.230107,0.189690,0.049999,30000.000002,2.145157,-0.040557,1,0
10.430000,107.965682,0.338171,0.000000,108.303853,1.628580,0.196263,2.044861,295.580998,0.230380,0.189831,0.049999,30000.000002,2.144429,-0.104875,1,0
10.440000,107.965680,0.332666,0.000000,108.298347,1.628580,0.196263,2.046824,295.583063,0.230648,0.189970,0.049999,30000.000002,2.143063,-0.168032,1,0
10.450000,107.965678,0.327240,0.000000,108.292919,1.628580,0.196263,2.048787,295.585129,0.230912,0.190107,0.049999,30000.000002,2.141072,-0.229985,1,0
10.460000,107.965676,0.321887,0.000000,108.287563,1.628580,0.196263,2.050749,295.587195,0.231173,0.190242,0.049999,30000.000002,2.138467,-0.290702,1,0
10.470000,107.965673,0.316606,0.000000,108.282279,1.628580,0.196263,2.052712,295.589261,0.231430,0.190375,0.049999,30000.000002,2.135262,-0.350162,1,0
10.480000,107.965670,0.311394,0.000000,108.277064,1.628581,0.196263,2.054675,295.591327,0.231684,0.190506,0.049999,30000.000002,2.131468,-0.408358,1,0
10.490000,107.965667,0.306251,0.000000,108.271918,1.628581,0.196263,2.056637,295.593392,0.231934,0.190635,0.049999,30000.000002,2.127099,-0.465297,1,0
10.500000,107.965663,0.301176,0.000000,108.266840,1.628581,0.196263,2.058600,295.595458,0.232180,0.190763,0.049999,30000.000002,2.122166,-0.520999,1,0
10.510000,107.965659,0.296167,0.000000,108.261827,1.628581,0.196263,2.060562,295.597523,0.232424,0.190889,0.049999,30000.000002,2.116683,-0.575497,1,0
10.520000,107.965655,0.291224,0.000000,108.256879,1.628581,0.196263,2.062525,295.599589,0.232664,0.191013,0.049999,30000.000002,2.110660,-0.628841,1,0
10.530000,107.965651,0.286343,0.000000,108.251995,1.628581,0.196263,2.064488,295.601654,0.232900,0.191136,0.049999,30000.000002,2.104109,-0.681088,1,0
10.540000,107.965647,0.281526,0.000000,108.247172,1.628581,0.196263,2.066450,295.603720,0.233134,0.191257,0.049999,30000.000002,2.097042,-0.732317,1,0
10.550000,107.965642,0.276769,0.000000,108.242411,1.628581,0.196263,2.068413,295.605785,0.233365,0.191376,0.049999,30000.000002,2.089466,-0.782609,1,0
10.560000,107.965637,0.272073,0.000000,108.237710,1.628581,0.196263,2.070376,295.607850,0.233592,0.191494,0.049999,30000.000001,2.081392,-0.832059,1,0
10.570000,107.965632,0.267436,0.000000,108.233067,1.628581,0.196263,2.072338,295.609915,0.233817,0.191610,0.049999,30000.000001,2.072828,-0.880771,1,0
10.580000,107.965626,0.262856,0.000000,108.228482,1.628581,0.196263,2.074301,295.611980,0.234039,0.191725,0.049999,30000.000001,2.063779,-0.928847,1,0
10.590000,107.965621,0.258333,0.000000,108.223954,1.628581,0.196263,2.076263,295.614045,0.234258,0.191838,0.049999,30000.000001,2.054253,-0.976399,1,0
10.600000,107.965616,0.253870,0.000000,108.219486,1.628581,0.196263,2.078226,295.616110,0.234474,0.191950,0.049999,30000.000001,2.044253,-1.023523,1,0
10.610000,107.965610,0.249490,0.000000,108.215100,1.628581,0.196263,2.080189,295.618175,0.234686,0.192060,0.049999,30000.000001,2.033784,-1.070323,1,0
10.620000,107.965604,0.245167,0.000000,108.210772,1.628581,0.196263,2.082151,295.620240,0.234895,0.192168,0.049999,30000.000001,2.022848,-1.116882,1,0
10.630000,107.965599,0.240903,0.000000,108.206501,1.628581,0.196263,2.084114,295.622305,0.235101,0.192275,0.049999,30000.000001,2.011448,-1.163266,1,0
10.640000,107.965593,0.236694,0.000000,108.202288,1.628581,0.196263,2.086077,295.624369,0.235304,0.192380,0.049999,30000.000001,1.999584,-1.209528,1,0
10.650000,107.965588,0.232542,0.000000,108.198129,1.628580,0.196263,2.088039,295.626434,0.235505,0.192484,0.049999,30000.000001,1.987259,-1.255690,1,0
10.660000,107.965582,0.228444,0.000000,108.194026,1.628580,0.196263,2.090002,295.628499,0.235703,0.192587,0.049999,30000.000001,1.974472,-1.301747,1,0
10.670000,107.965577,0.224400,0.000000,108.189977,1.628580,0.196263,2.091964,295.630563,0.235898,0.192688,0.049999,30000.000001,1.961226,-1.347669,1,0
10.680000,107.965572,0.220409,0.000000,108.185980,1.628580,0.196263,2.093927,295.632628,0.236090,0.192787,0.049999,30000.000001,1.947521,-1.393389,1,0
10.690000,107.965567,0.216470,0.000000,108.182037,1.628580,0.196263,2.095890,295.634692,0.236280,0.192886,0.049999,30000.000001,1.933360,-1.438804,1,0
10.700000,107.965562,0.212582,0.000000,108.178144,1.628580,0.196263,2.097852,295.636756,0.236468,0.192983,0.049999,30000.000001,1.918747,-1.483799,1,0
10.710000,107.965557,0.208745,0.000000,108.174302,1.628580,0.196263,2.099815,295.638821,0.236653,0.193079,0.049999,30000.000001,1.903686,-1.528203,1,0
10.720000,107.965553,0.204957,0.000000,108.170510,1.628579,0.196263,2.101778,295.640885,0.236836,0.193173,0.049999,30000.000001,1.888185,-1.571848,1,0
10.730000,107.965549,0.201218,0.000000,108.166767,1.628579,0.196263,2.103740,295.642949,0.237016,0.193267,0.049999,30000.000001,1.872252,-1.614530,1,0
10.740000,107.965546,0.197527,0.000000,108.163073,1.628579,0.196263,2.105703,295.645013,0.237194,0.193359,0.049999,30000.000001,1.855898,-1.656029,1,0
10.750000,107.965543,0.193883,0.000000,108.159426,1.628579,0.196263,2.107666,295.647077,0.237369,0.193450,0.049999,30000.000001,1.839136,-1.696138,1,0
10.760000,107.965540,0.190285,0.000000,108.155826,1.628578,0.196263,2.109628,295.649141,0.237543,0.193539,0.049999,30000.000001,1.821980,-1.734620,1,0
10.770000,107.965539,0.186749,0.000000,108.152288,1.628578,0.196263,2.111591,295.651205,0.237713,0.193628,0.049999,30000.000000,1.804448,-1.771270,1,0
10.780000,107.965537,0.183275,0.000000,108.148812,1.628578,0.196263,2.113553,295.653269,0.237881,0.193715,0.049999,30000.000000,1.786560,-1.805877,1,0
10.790000,107.965537,0.179849,0.000000,108.145386,1.628577,0.196263,2.115516,295.655333,0.238047,0.193800,0.049999,30000.000000,1.768337,-1.838250,1,0
10.800000,107.965537,0.176471,0.000000,108.142008,1.628577,0.196263,2.117479,295.657396,0.238210,0.193885,0.049999,30000.000000,1.749801,-1.868220,1,0
10.810000,107.965538,0.173141,0.000000,108.138679,1.628577,0.196263,2.119441,295.659460,0.238371,0.193968,0.049999,30000.000000,1.730979,-1.895645,1,0
10.820000,107.965540,0.169858,0.000000,108.135397,1.628576,0.196263,2.121404,295.661524,0.238530,0.194051,0.049999,30000.000000,1.711896,-1.920388,1,0
10.830000,107.965542,0.166620,0.000000,108.132163,1.628576,0.196263,2.123367,295.663587,0.238686,0.194132,0.049999,30000.000000,1.692579,-1.942361,1,0
10.840000,107.965546,0.163429,0.000000,108.128975,1.628575,0.196263,2.125329,295.665651,0.238841,0.194212,0.049999,30000.000000,1.673057,-1.961480,1,0
10.850000,107.965551,0.160282,0.000000,108.125833,1.628575,0.196263,2.127292,295.667714,0.238993,0.194291,0.049999,30000.000000,1.653359,-1.977684,1,0
10.860000,107.965557,0.157180,0.000000,108.122737,1.628574,0.196263,2.129254,295.669777,0.239144,0.194369,0.049999,30000.000000,1.633513,-1.990944,1,0
10.870000,107.965564,0.154121,0.000000,108.119685,1.628574,0.196263,2.131217,295.671841,0.239292,0.194446,0.049999,30000.000000,1.613550,-2.001218,1,0
10.880000,107.965572,0.151106,0.000000,108.116678,1.628573,0.196263,2.133180,295.673904,0.239439,0.194522,0.049999,30000.000000,1.593499,-2.008503,1,0
10.890000,107.965581,0.148133,0.000000,108.113714,1.628573,0.196263,2.135142,295.675967,0.239583,0.194596,0.049999,30000.000000,1.573390,-2.012779,1,0
10.900000,107.965591,0.145202,0.000000,108.110792,1.628573,0.196263,2.137105,295.678030,0.239726,0.194670,0.049999,30000.000000,1.553254,-2.014042,1,0
10.910000,107.965600,0.142312,0.000000,108.107912,1.628573,0.196263,2.139068,295.680093,0.239867,0.194743,0.049999,30000.000000,1.533120,-2.012290,1,0
10.920000,107.965609,0.139463,0.000000,108.105071,1.628574,0.196263,2.141030,295.682156,0.240006,0.194815,0.049999,30000.000000,1.513019,-2.007520,1,0
10.930000,107.965618,0.136653,0.000000,108.102271,1.628574,0.196263,2.142993,295.684219,0.240143,0.194886,0.049999,30000.000000,1.492980,-1.999731,1,0
10.940000,107.965627,0.133901,0.000000,108.099528,1.628574,0.196263,2.144955,295.686282,0.240278,0.194956,0.049999,30000.000000,1.473035,-1.988924,1,0
10.950000,107.965635,0.131193,0.000000,108.096828,1.628574,0.196263,2.146918,295.688345,0.240411,0.195025,0.049999,30000.000000,1.453212,-1.975099,1,0
10.960000,107.965644,0.128526,0.000000,108.094170,1.628574,0.196263,2.148881,295.690407,0.240542,0.195093,0.049999,30000.000000,1.433543,-1.958261,1,0
10.970000,107.965652,0.125901,0.000000,108.091553,1.628574,0.196263,2.150843,295.692470,0.240671,0.195160,0.049999,30000.000000,1.414057,-1.938413,1,0
10.980000,107.965660,0.123318,0.000000,108.088978,1.628574,0.196263,2.152806,295.694533,0.240799,0.195226,0.049999,30000.000000,1.394784,-1.915568,1,0
10.990000,107.965667,0.120776,0.000000,108.086444,1.628575,0.196263,2.154769,295.696595,0.240925,0.195292,0.049999,30000.000000,1.375755,-1.889739,1,0
11.000000,107.965675,0.118275,0.000000,108.083950,1.628575,0.196263,2.156731,295.698658,0.241049,0.195356,0.049999,30000.000000,1.356999,-1.860956,1,0
11.010000,107.965682,0.115815,0.000000,108.081497,1.628575,0.196263,2.158694,295.700720,0.241172,0.195420,0.049999,30000.000000,1.338546,-1.829250,1,0
11.020000,107.965689,0.888203,0.000000,108.853891,1.628575,0.196263,2.160656,295.702783,0.241224,0.195428,0.049420,30000.000000,1.320424,-1.794670,1,0
11.030000,107.965695,0.634291,0.000000,108.599986,1.628575,0.196263,2.162619,295.704845,0.241207,0.195381,0.048600,30000.000000,1.302662,-1.757272,1,0
11.040000,107.965701,1.561872,0.000000,109.527574,1.628575,0.196263,2.164582,295.706907,0.241123,0.195280,0.047680,30000.000000,1.285287,-1.717128,1,0
11.050000,107.965707,0.930655,0.000000,108.896362,1.628576,0.196263,2.166544,295.708969,0.240970,0.195125,0.046717,30000.000000,1.268328,-1.674322,1,0
11.060000,107.965712,0.760998,0.000000,108.726710,1.628576,0.196263,2.168507,295.711031,0.240751,0.194918,0.045735,30000.000000,1.251809,-1.628948,1,0
11.070000,107.965717,1.394949,0.000000,109.360666,1.628576,0.196263,2.170470,295.713093,0.240467,0.194658,0.044744,30000.000000,1.235757,-1.581117,1,0
11.080000,107.965722,1.746780,0.000000,109.712502,1.628576,0.196263,2.172432,295.715155,0.240117,0.194347,0.043748,30000.000000,1.220195,-1.530946,1,0
11.090000,107.965726,1.974703,0.000000,109.940429,1.628576,0.196263,2.174395,295.717217,0.239704,0.193986,0.042750,30000.000000,1.205145,-1.478566,1,0
11.100000,107.965730,2.224815,0.000000,110.190545,1.628577,0.196263,2.176357,295.719279,0.239227,0.193574,0.041751,30000.000000,1.190630,-1.424116,1,0
11.110000,107.965733,2.332025,0.000000,110.297758,1.628577,0.196263,2.178320,295.721341,0.238688,0.193113,0.040751,30000.000000,1.176670,-1.367740,1,0
11.120000,107.965735,2.470053,0.000000,110.435788,1.628577,0.196263,2.180283,295.723403,0.238088,0.192603,0.039751,30000.000000,1.163282,-1.309590,1,0
11.130000,107.965738,2.695642,0.000000,110.661380,1.628577,0.196263,2.182245,295.725465,0.237428,0.192046,0.038751,30000.000000,1.150483,-1.249822,1,0
11.140000,107.965739,2.875286,0.000000,110.841025,1.628577,0.196263,2.184208,295.727526,0.236708,0.191441,0.037751,30000.000000,1.138290,-1.188594,1,0
11.150000,107.965741,3.029727,0.000000,110.995467,1.628578,0.196263,2.186171,295.729588,0.235928,0.190789,0.036752,30000.000000,1.126716,-1.126064,1,0
11.160000,107.965741,3.205866,0.000000,111.171608,1.628578,0.196263,2.188133,295.731649,0.235091,0.190091,0.035752,30000.000000,1.115773,-1.062393,1,0
11.170000,107.965742,3.348779,0.000000,111.314521,1.628578,0.196263,2.190096,295.733711,0.234197,0.189348,0.034752,30000.000000,1.105472,-0.997739,1,0
11.180000,107.965741,2.928294,0.000000,110.894036,1.628578,0.196263,2.192058,295.735772,0.233288,0.188560,0.033752,30000.000000,1.095821,-0.932257,1,0
11.190000,107.965740,3.093820,0.000000,111.059560,1.628578,0.196263,2.194021,295.737833,0.232380,0.187728,0.032752,30000.000000,1.086829,-0.866101,1,0
11.200000,107.965739,3.139189,0.000000,111.104928,1.628579,0.196263,2.195984,295.739895,0.231471,0.186853,0.031752,30000.000000,1.078501,-0.799420,1,0
11.210000,107.965737,2.687697,0.000000,110.653434,1.628579,0.196263,2.197946,295.741956,0.230562,0.185944,0.030752,30000.000000,1.070842,-0.732359,1,0
11.220000,107.965734,2.918136,0.000000,110.883870,1.628579,0.196263,2.199909,295.744017,0.229653,0.185035,0.029752,30000.000000,1.063855,-0.665059,1,0
11.230000,107.965731,2.995150,0.000000,110.960881,1.628579,0.196263,2.201872,295.746078,0.228745,0.184127,0.028752,30000.000000,1.057541,-0.597655,1,0
11.240000,107.965727,2.918587,0.000000,110.884314,1.628579,0.196263,2.203834,295.748139,0.227836,0.183218,0.027752,30000.000000,1.051901,-0.530275,1,0
11.250000,107.965723,2.923393,0.000000,110.889116,1.628579,0.196263,2.205797,295.750200,0.226927,0.182309,0.026752,30000.000000,1.046935,-0.463045,1,0
11.260000,107.965718,2.920590,0.000000,110.886308,1.628580,0.196263,2.207759,295.752261,0.226019,0.181401,0.025752,30000.000000,1.042640,-0.396082,1,0
11.270000,107.965712,2.956812,0.000000,110.922525,1.628580,0.196263,2.209722,295.754322,0.225110,0.180492,0.024752,30000.000000,1.039012,-0.329497,1,0
11.280000,107.965706,2.959458,0.000000,110.925164,1.628580,0.196263,2.211685,295.756382,0.224201,0.179583,0.023752,30000.000000,1.036048,-0.263397,1,0
11.290000,107.965700,2.918846,0.000000,110.884546,1.628580,0.196263,2.213647,295.758443,0.223292,0.178674,0.022752,30000.000000,1.033742,-0.197879,1,0
11.300000,107.965692,2.972852,0.000000,110.938545,1.628580,0.196263,2.215610,295.760504,0.222384,0.177766,0.021752,30000.000000,1.032088,-0.133036,1,0
11.310000,107.965685,2.915324,0.000000,110.881008,1.628580,0.196263,2.217573,295.762564,0.221475,0.176857,0.020752,30000.000000,1.031079,-0.068952,1,0
11.320000,107.965676,2.919639,0.000000,110.885315,1.628581,0.196263,2.219535,295.764625,0.220566,0.175948,0.019752,30000.000000,1.030707,-0.005703,1,0
11.330000,107.965667,2.893466,0.000000,110.859133,1.628581,0.196263,2.221498,295.766685,0.219658,0.175039,0.018752,30000.000000,1.030962,0.056641,1,0
11.340000,107.965658,2.934110,0.000000,110.899767,1.628581,0.196263,2.223460,295.768746,0.218749,0.174131,0.017752,30000.000000,1.031836,0.118021,1,0
11.350000,107.965648,2.913946,0.000000,110.879594,1.628581,0.196263,2.225423,295.770806,0.217840,0.173222,0.016752,30000.000000,1.033319,0.178384,1,0
11.360000,107.965637,2.962605,0.000000,110.928242,1.628581,0.196263,2.227386,295.772866,0.216931,0.172313,0.015752,30000.000000,1.035400,0.237688,1,0
11.370000,107.965626,2.970608,0.000000,110.936233,1.628581,0.196263,2.229348,295.774927,0.216023,0.171405,0.014752,30000.000000,1.038069,0.295900,1,0
11.380000,107.965614,2.970731,0.000000,110.936345,1.628581,0.196263,2.231311,295.776987,0.215114,0.170496,0.013752,30000.000000,1.041315,0.352998,1,0
11.390000,107.965602,2.965032,0.000000,110.930634,1.628581,0.196263,2.233274,295.779047,0.214205,0.169587,0.012752,30000.000000,1.045125,0.408967,1,0
11.400000,107.965589,2.950646,0.000000,110.916236,1.628582,0.196263,2.235236,295.781107,0.213296,0.168678,0.011752,30000.000000,1.049490,0.463807,1,0
11.410000,107.965576,2.905020,0.000000,110.870596,1.628582,0.196263,2.237199,295.783167,0.212388,0.167770,0.010752,30000.000000,1.054398,0.517524,1,0
11.420000,107.965563,2.911543,0.000000,110.877105,1.628582,0.196263,2.239162,295.785227,0.211479,0.166861,0.009752,30000.000000,1.059837,0.570136,1,0
11.430000,107.965549,2.956313,0.000000,110.921862,1.628582,0.196263,2.241124,295.787287,0.210570,0.165952,0.008752,30000.000000,1.065797,0.621672,1,0
11.440000,107.965534,2.970987,0.000000,110.936521,1.628582,0.196263,2.243087,295.789346,0.209662,0.165044,0.007752,30000.000000,1.072267,0.672168,1,0
11.450000,107.965519,2.971277,0.000000,110.936796,1.628582,0.196263,2.245049,295.791406,0.208753,0.164135,0.006752,30000.000000,1.079237,0.721670,1,0
11.460000,107.965504,2.965342,0.000000,110.930846,1.628582,0.196263,2.247012,295.793466,0.207844,0.163226,0.005752,30000.000000,1.086697,0.770232,1,0
11.470000,107.965488,2.964292,0.000000,110.929780,1.628582,0.196263,2.248975,295.795525,0.206935,0.162317,0.004752,30000.000000,1.094639,0.817912,1,0
11.480000,107.965472,2.905984,0.000000,110.871457,1.628582,0.196263,2.250937,295.797585,0.206027,0.161409,0.003752,30000.000000,1.103053,0.864774,1,0
11.490000,107.965456,2.911501,0.000000,110.876957,1.628582,0.196263,2.252900,295.799644,0.205118,0.160500,0.002752,30000.000000,1.111932,0.910883,1,0
11.500000,107.965440,2.964435,0.000000,110.929875,1.628582,0.196263,2.254863,295.801704,0.204209,0.159591,0.001752,30000.000000,1.121268,0.956306,1,0
11.510000,107.965423,2.982957,0.000000,110.948379,1.628582,0.196263,2.256825,295.803763,0.203301,0.158683,0.000752,34599.964293,1.131055,1.001106,1,0
11.520000,107.965406,1.874267,0.000000,109.839674,1.628582,0.196263,2.258788,295.805822,0.202392,0.157774,0.000316,38903.263019,1.141288,1.045344,1,0
11.530000,107.965404,1.870717,0.000000,109.836121,1.628582,0.196263,2.260750,295.807882,0.201483,0.156865,0.000133,42928.905635,1.151960,1.089071,1,0
11.540000,107.965401,1.878513,0.000000,109.843915,1.628582,0.196263,2.262713,295.809941,0.200574,0.155956,0.000058,46681.363838,1.163068,1.132331,1,0
11.550000,107.965400,1.876299,0.000000,109.841698,1.628582,0.196263,2.264676,295.812000,0.199666,0.155048,0.000024,50205.079156,1.174605,1.175154,1,0
11.560000,107.965398,1.873403,0.000000,109.838801,1.628582,0.196263,2.266638,295.814059,0.198757,0.154139,0.000010,53502.187810,1.186569,1.217557,1,0
11.570000,107.965397,1.871873,0.000000,109.837270,1.628582,0.196263,2.268601,295.816118,0.197848,0.153230,0.000004,56586.460625,1.198955,1.259543,1,0
11.580000,107.965397,1.871100,0.000000,109.836497,1.628582,0.196263,2.270564,295.818177,0.196940,0.152322,0.000002,59471.727835,1.211758,1.301095,1,0
11.590000,107.965397,1.870720,0.000000,109.836117,1.628582,0.196263,2.272526,295.820236,0.196031,0.151413,0.000000,62170.915818,1.224975,1.342181,1,0
11.600000,107.965397,1.870535,0.000000,109.835933,1.628582,0.196263,2.274489,295.822294,0.195122,0.150504,-0.000000,64693.568603,1.238600,1.382748,1,0
11.610000,107.965399,1.870459,0.000000,109.835857,1.628582,0.196263,2.276451,295.824353,0.194213,0.149595,-0.000000,67034.805875,1.252628,1.422728,1,0
11.620000,107.965401,1.870422,0.000000,109.835822,1.628582,0.196263,2.278414,295.826412,0.193305,0.148687,-0.000000,69236.544487,1.267052,1.462032,1,0
11.630000,107.965403,1.870405,0.000000,109.835809,1.628582,0.196263,2.280377,295.828470,0.192396,0.147778,-0.000000,71305.625654,1.281866,1.500558,1,0
11.640000,107.965407,1.870398,0.000000,109.835805,1.628582,0.196263,2.282339,295.830529,0.191487,0.146869,-0.000001,73243.284190,1.297060,1.538188,1,0
11.650000,107.965411,1.870395,0.000000,109.835806,1.628582,0.196263,2.284302,295.832587,0.190578,0.145960,-0.000001,75057.436713,1.312626,1.574791,1,0
11.660000,107.965416,1.870395,0.000000,109.835810,1.628582,0.196263,2.286265,295.834646,0.189670,0.145052,-0.000001,76756.070939,1.328552,1.610226,1,0
11.670000,107.965421,1.870395,0.000000,109.835816,1.628582,0.196263,2.288227,295.836704,0.188761,0.144143,-0.000001,78344.717797,1.344827,1.644342,1,0
11.680000,107.965428,1.870395,0.000000,109.835823,1.628582,0.196263,2.290190,295.838762,0.187852,0.143234,-0.000001,79830.325903,1.361435,1.676983,1,0
11.690000,107.965436,1.870394,0.000000,109.835830,1.628582,0.196263,2.292152,295.840820,0.186944,0.142326,-0.000001,81219.493404,1.378361,1.707990,1,0
11.700000,107.965444,1.870394,0.000000,109.835838,1.628582,0.196263,2.294115,295.842879,0.186035,0.141417,-0.000001,82518.370753,1.395589,1.737201,1,0
11.710000,107.965454,1.870394,0.000000,109.835848,1.628582,0.196263,2.296078,295.844937,0.185126,0.140508,-0.000001,83731.907545,1.413099,1.764458,1,0
11.720000,107.965465,1.870394,0.000000,109.835859,1.628582,0.196263,2.298040,295.846995,0.184217,0.139599,-0.000001,84865.850468,1.430871,1.789603,1,0
11.730000,107.965477,1.870395,0.000000,109.835871,1.628582,0.196263,2.300003,295.849053,0.183309,0.138691,-0.000001,85926.156110,1.448883,1.812487,1,0
11.740000,107.965490,1.870394,0.000000,109.835884,1.628582,0.196263,2.301966,295.851111,0.182400,0.137782,-0.000001,86918.430255,1.467113,1.832966,1,0
11.750000,107.965504,1.870394,0.000000,109.835899,1.628582,0.196263,2.303928,295.853168,0.181491,0.136873,-0.000001,87845.904926,1.485535,1.850906,1,0
11.760000,107.965520,1.870394,0.000000,109.835914,1.628582,0.196263,2.305891,295.855226,0.180583,0.135965,-0.000001,88713.754459,1.504122,1.866184,1,0
11.770000,107.965537,1.870394,0.000000,109.835931,1.628582,0.196263,2.307853,295.857284,0.179674,0.135056,-0.000001,89526.499193,1.522849,1.878688,1,0
11.780000,107.965555,1.870394,0.000000,109.835950,1.628581,0.196263,2.309816,295.859342,0.178765,0.134147,-0.000001,90286.030669,1.541687,1.888322,1,0
11.790000,107.965575,1.870394,0.000000,109.835969,1.628581,0.196263,2.311779,295.861399,0.177856,0.133238,-0.000001,90997.305082,1.560606,1.895000,1,0
11.800000,107.965597,1.870394,0.000000,109.835991,1.628581,0.196263,2.313741,295.863457,0.176948,0.132330,-0.000001,91662.819129,1.579577,1.898655,1,0
11.810000,107.965620,1.870394,0.000000,109.836014,1.628581,0.196263,2.315704,295.865514,0.176039,0.131421,-0.000001,92285.176562,1.598569,1.899230,1,0
11.820000,107.965645,1.870394,0.000000,109.836039,1.628581,0.196263,2.317667,295.867571,0.175130,0.130512,-0.000001,92868.094501,1.617551,1.896688,1,0
11.830000,107.965671,1.870394,0.000000,109.836065,1.628580,0.196263,2.319629,295.869629,0.174222,0.129604,-0.000001,93413.216831,1.636492,1.891005,1,0
11.840000,107.965700,1.870394,0.000000,109.836094,1.628580,0.196263,2.321592,295.871686,0.173313,0.128695,-0.000001,93923.311273,1.655361,1.882173,1,0
11.850000,107.965730,1.870394,0.000000,109.836124,1.628580,0.196263,2.323554,295.873743,0.172404,0.127786,-0.000001,94400.613605,1.674125,1.870198,1,0
11.860000,107.965762,1.870394,0.000000,109.836156,1.628580,0.196263,2.325517,295.875800,0.171495,0.126877,-0.000001,94847.248933,1.692754,1.855100,1,0
11.870000,107.965796,1.870394,0.000000,109.836190,1.628579,0.196263,2.327480,295.877857,0.170587,0.125969,-0.000001,95265.077944,1.711217,1.836914,1,0
11.880000,107.965832,1.870394,0.000000,109.836226,1.628579,0.196263,2.329442,295.879914,0.169678,0.125060,-0.000001,95656.121298,1.729482,1.815687,1,0
11.890000,107.965870,1.870394,0.000000,109.836264,1.628579,0.196263,2.331405,295.881971,0.168769,0.124151,-0.000001,96022.163658,1.747521,1.791476,1,0
11.900000,107.965911,1.870394,0.000000,109.836305,1.628578,0.196263,2.333368,295.884028,0.167861,0.123242,-0.000001,96364.795740,1.765302,1.764351,1,0
11.910000,107.965953,1.870394,0.000000,109.836348,1.628578,0.196263,2.335330,295.886085,0.166952,0.122334,-0.000001,96685.526359,1.782798,1.734392,1,0
11.920000,107.965999,1.870394,0.000000,109.836393,1.628578,0.196263,2.337293,295.888142,0.166043,0.121425,-0.000001,96985.740028,1.799981,1.701687,1,0
11.930000,107.966046,1.870394,0.000000,109.836440,1.628577,0.196263,2.339255,295.890199,0.165134,0.120516,-0.000001,97266.773782,1.816823,1.666332,1,0
11.940000,107.966096,1.870394,0.000000,109.836490,1.628577,0.196263,2.341218,295.892255,0.164226,0.119608,-0.000001,97529.839249,1.833299,1.628429,1,0
11.950000,107.966149,1.870394,0.000000,109.836543,1.628576,0.196263,2.343181,295.894312,0.163317,0.118699,-0.000001,97775.950663,1.849383,1.588089,1,0
11.960000,107.966204,1.870394,0.000000,109.836598,1.628576,0.196263,2.345143,295.896368,0.162408,0.117790,-0.000001,98006.044049,1.865053,1.545426,1,0
11.970000,107.966263,1.870394,0.000000,109.836657,1.628576,0.196263,2.347106,295.898425,0.161499,0.116881,-0.000001,98220.937265,1.880284,1.500558,1,0
11.980000,107.966324,1.870394,0.000000,109.836718,1.628575,0.196263,2.349069,295.900481,0.160591,0.115973,-0.000001,98421.761694,1.895057,1.453609,1,0
11.990000,107.966388,1.870394,0.000000,109.836782,1.628575,0.196263,2.351031,295.902537,0.159682,0.115064,-0.000001,98610.218571,1.909350,1.404703,1,0
12.000000,107.966455,1.870394,0.000000,109.836849,1.628574,0.196263,2.352994,295.904594,0.158773,0.114155,-0.000001,98786.479274,1.923145,1.353969,1,1
12.010000,107.966525,1.870394,0.000000,109.836919,1.628573,0.196263,2.354956,295.906650,0.157865,0.113247,-0.000001,98951.241960,1.936424,1.301536,0,1
12.020000,107.966598,1.870394,0.375662,110.212654,1.628573,0.196263,2.356919,295.908706,0.156956,0.112338,-0.000001,99105.125739,1.949193,1.252207,0,1
12.030000,107.966675,1.870394,0.723291,110.560359,1.628572,0.196263,2.358882,295.910762,0.156047,0.111429,-0.000001,99248.749595,1.961483,1.205485,0,1
12.040000,107.966755,1.870394,1.044788,110.881937,1.628572,0.196263,2.360844,295.912818,0.155138,0.110520,-0.000001,99383.559375,1.973316,1.160876,0,1
12.050000,107.966838,1.870394,1.341487,111.178719,1.628571,0.196263,2.362807,295.914874,0.154230,0.109612,-0.000001,99509.620600,1.984711,1.117906,0,1
12.060000,107.966925,1.870394,1.614199,111.451519,1.628570,0.196263,2.364770,295.916930,0.153321,0.108703,-0.000001,99627.441452,1.995682,1.076133,0,1
12.070000,107.967016,1.870394,1.863287,111.700697,1.628570,0.196263,2.366732,295.918986,0.152412,0.107794,-0.000001,99737.472800,2.006241,1.035159,0,1
12.080000,107.967110,1.870394,2.088736,111.926240,1.628569,0.196263,2.368695,295.921041,0.151504,0.106886,-0.000001,99840.108202,2.016391,0.994636,0,1
12.090000,107.967209,1.870394,2.290239,112.127842,1.628568,0.196263,2.370657,295.923097,0.150595,0.105977,-0.000001,99936.369977,2.026138,0.954266,0,1
12.100000,107.967311,1.870394,2.467253,112.304959,1.628567,0.196263,2.372620,295.925153,0.149686,0.105068,-0.000001,100026.463351,2.035481,0.913798,0,1
12.110000,107.967418,1.870394,2.619116,112.456928,1.628566,0.196263,2.374583,295.927208,0.148777,0.104159,-0.000001,100110.687491,2.044418,0.873039,0,1
12.120000,107.967529,1.870394,2.745067,112.582989,1.628566,0.196263,2.376545,295.929264,0.147869,0.103251,-0.000001,100189.376251,2.052945,0.831838,0,1
12.130000,107.967644,1.870394,2.844313,112.682351,1.628565,0.196263,2.378508,295.931319,0.146960,0.102342,-0.000001,100262.822779,2.061058,0.790087,0,1
12.140000,107.967763,1.870394,2.916068,112.754225,1.628564,0.196263,2.380471,295.933374,0.146051,0.101433,-0.000001,100331.584210,2.068750,0.747710,0,1
12.150000,107.967887,1.870394,2.959582,112.797864,1.628563,0.196263,2.382433,295.935430,0.145143,0.100525,-0.000001,100396.019615,2.076014,0.704662,0,1
12.160000,107.968007,1.870394,2.974167,112.812568,1.628562,0.196263,2.384396,295.937485,0.144234,0.099616,-0.000001,100456.273512,2.082845,0.660926,0,1
12.170000,107.968080,1.870394,2.959207,112.797681,1.628562,0.196263,2.386359,295.939540,0.143325,0.098707,-0.000001,100512.584180,2.089236,0.616501,0,1
12.180000,107.968153,1.870394,2.914167,112.752715,1.628562,0.196263,2.388321,295.941595,0.142416,0.097798,-0.000001,100565.160001,2.095178,0.571405,0,1
12.190000,107.968226,1.870394,2.838594,112.677214,1.628561,0.196263,2.390284,295.943650,0.141508,0.096890,-0.000001,100614.281660,2.100666,0.525666,0,1
12.200000,107.968299,1.870394,2.732109,112.570802,1.628561,0.196263,2.392246,295.945705,0.140599,0.095981,-0.000001,100660.298274,2.105694,0.479317,0,1
12.210000,107.968371,1.870394,2.594407,112.433171,1.628561,0.196263,2.394209,295.947760,0.139690,0.095072,-0.000001,100703.311599,2.110256,0.432401,0,1
12.220000,107.968442,1.870394,2.425238,112.264074,1.628561,0.196263,2.396172,295.949815,0.138781,0.094163,-0.000001,100743.510948,2.114346,0.384958,0,1
12.230000,107.968512,1.870394,2.224406,112.063312,1.628561,0.196263,2.398134,295.951870,0.137873,0.093255,-0.000001,100781.074279,2.117959,0.337031,0,1
12.240000,107.968582,1.870394,1.991751,111.830727,1.628561,0.196263,2.400097,295.953925,0.136964,0.092346,-0.000001,100816.171310,2.121090,0.288660,0,1
12.250000,107.968651,1.870394,1.727146,111.566190,1.628561,0.196263,2.402060,295.955979,0.136055,0.091437,-0.000001,100848.972932,2.123735,0.239881,0,1
12.260000,107.968718,1.870394,1.430484,111.269597,1.628561,0.196263,2.404022,295.958034,0.135147,0.090529,-0.000001,100879.629753,2.125891,0.190731,0,1
12.270000,107.968785,1.870394,1.101681,110.940860,1.628561,0.196263,2.405985,295.960088,0.134238,0.089620,-0.000001,100908.292747,2.127554,0.141241,0,1
12.280000,107.968850,1.870394,0.740668,110.579912,1.628561,0.196263,2.407947,295.962143,0.133329,0.088711,-0.000001,100935.109498,2.128720,0.091441,0,1
12.290000,107.968913,1.870394,0.347400,110.186707,1.628561,0.196263,2.409910,295.964197,0.132420,0.087802,-0.000001,100960.225698,2.129387,0.041357,0,1
12.300000,107.968975,1.870394,0.078141,109.917510,1.628561,0.196263,2.411873,295.966252,0.131512,0.086894,-0.000001,100983.606158,2.129552,-0.008982,0,1
12.310000,107.969035,1.870394,0.535933,110.375362,1.628561,0.196263,2.413835,295.968306,0.130603,0.085985,-0.000001,101005.417565,2.129212,-0.059548,0,1
12.320000,107.969093,1.870394,1.025902,110.865389,1.628561,0.196263,2.415798,295.970360,0.129694,0.085076,-0.000001,101025.758950,2.128365,-0.110312,0,1
12.330000,107.969148,1.870394,1.547900,111.387443,1.628561,0.196263,2.417761,295.972414,0.128786,0.084168,-0.000001,101044.714777,2.127010,-0.161240,0,1
12.340000,107.969202,1.870394,2.101691,111.941287,1.628561,0.196263,2.419723,295.974469,0.127877,0.083259,-0.000001,101062.363098,2.125146,-0.212292,0,1
12.350000,107.969253,1.870394,2.686922,112.526569,1.628561,0.196263,2.421686,295.976523,0.126968,0.082350,-0.000001,101078.776160,2.122770,-0.263424,0,1
12.360000,107.969301,1.870394,3.303108,113.142803,1.628561,0.196263,2.423648,295.978577,0.126059,0.081441,-0.000001,101094.021005,2.119882,-0.314582,0,1
12.370000,107.969346,1.870394,3.949602,113.789342,1.628561,0.196263,2.425611,295.980630,0.125151,0.080533,-0.000001,101108.160076,2.116483,-0.365704,0,1
12.380000,107.969389,1.870394,4.625576,114.465359,1.628561,0.196263,2.427574,295.982684,0.124242,0.079624,-0.000001,101121.251819,2.112574,-0.416719,0,1
12.390000,107.969428,1.870394,5.330002,115.169824,1.628562,0.196263,2.429536,295.984738,0.123333,0.078715,-0.000001,101133.351290,2.108155,-0.467544,0,1
12.400000,107.969464,1.870394,6.061632,115.901490,1.628562,0.196263,2.431499,295.986792,0.122425,0.077807,-0.000001,101144.771297,2.103229,-0.518088,0,1
12.410000,107.969496,1.870394,6.818983,116.658874,1.628562,0.196263,2.433462,295.988846,0.121516,0.076898,-0.000001,101155.720149,2.097800,-0.568249,0,1
12.420000,107.969525,1.870394,7.600329,117.440248,1.628563,0.196263,2.435424,295.990899,0.120607,0.075989,-0.000001,101166.026328,2.091871,-0.617913,0,1
12.430000,107.969549,1.870394,8.403691,118.243634,1.628563,0.196263,2.437387,295.992953,0.119698,0.075080,-0.000001,101175.751417,2.085449,-0.666960,0,1
12.440000,107.969569,1.870394,9.226839,119.066802,1.628563,0.196263,2.439349,295.995006,0.118790,0.074172,-0.000001,101184.952937,2.078540,-0.715259,0,1
12.450000,107.969585,1.870394,10.067293,119.907272,1.628564,0.196263,2.441312,295.997060,0.117881,0.073263,-0.000001,101193.684347,2.071152,-0.762674,0,1
12.460000,107.969596,1.870394,10.922332,120.762322,1.628564,0.196263,2.443275,295.999113,0.116972,0.072354,-0.000001,101201.995046,2.063296,-0.809062,0,1
12.470000,107.969602,1.870394,11.789009,121.629005,1.628565,0.196263,2.445237,296.001166,0.116064,0.071445,-0.000001,101209.930372,2.054981,-0.854276,0,1
12.480000,107.969603,1.870394,12.664167,122.504164,1.628565,0.196263,2.447200,296.003219,0.115155,0.070537,-0.000001,101217.531600,2.046220,-0.898168,0,1
12.490000,107.969599,1.870394,13.544461,123.384454,1.628566,0.196263,2.449163,296.005273,0.114246,0.069628,-0.000001,101224.835947,2.037028,-0.940588,0,1
12.500000,107.969589,1.870365,14.426389,124.266343,1.628566,0.196263,2.451125,296.007326,0.113337,0.068719,-0.000001,101231.864481,2.027420,-0.981387,0,1
12.510000,107.969573,1.868608,15.306314,125.144495,1.628567,0.196263,2.453088,296.009379,0.112429,0.067813,-0.000001,101237.864185,2.017412,-1.020421,0,1
12.520000,107.969552,1.866547,16.180502,126.016601,1.628568,0.196263,2.455050,296.011432,0.111520,0.066907,-0.000001,101243.369848,2.007023,-1.057549,0,1
12.530000,107.969524,1.864184,17.045152,126.878860,1.628568,0.196263,2.457013,296.013485,0.110611,0.066002,-0.000001,101248.381469,1.996274,-1.092638,0,1
12.540000,107.969489,1.856902,17.896430,127.722821,1.628569,0.196263,2.458976,296.015537,0.109702,0.065100,-0.000001,101253.014734,1.985184,-1.125562,0,1
12.550000,107.969447,1.832787,18.730500,128.532733,1.628570,0.196263,2.460938,296.017590,0.108794,0.064210,-0.000001,101257.572962,1.973776,-1.156204,0,1
12.560000,107.969399,1.806302,19.543556,129.319256,1.628571,0.196263,2.462901,296.019643,0.107885,0.063328,-0.000001,101261.852721,1.962074,-1.184458,0,1
12.570000,107.969342,1.796679,20.331852,130.097873,1.628571,0.196263,2.464864,296.021696,0.106976,0.062458,-0.000001,101265.904386,1.950101,-1.210229,0,1
12.580000,107.969279,1.785870,21.091721,130.846870,1.628572,0.196263,2.466826,296.023748,0.106068,0.061600,-0.000001,101269.712216,1.937884,-1.233434,0,1
12.590000,107.969207,1.771948,21.819602,131.560757,1.628573,0.196263,2.468789,296.025801,0.105159,0.060761,-0.000001,101273.132748,1.925448,-1.254000,0,1
12.600000,107.969127,1.757864,22.512052,132.239043,1.628574,0.196263,2.470751,296.027853,0.104250,0.059933,-0.000001,101276.349148,1.912819,-1.271867,0,1
12.610000,107.969038,1.744554,23.165759,132.879351,1.628575,0.196263,2.472714,296.029906,0.103341,0.059120,-0.000001,101279.319690,1.900026,-1.286987,0,1
12.620000,107.968941,1.731667,23.777549,133.478156,1.628576,0.196263,2.474677,296.031958,0.102433,0.058326,-0.000001,101281.973291,1.887095,-1.299320,0,1
12.630000,107.968834,1.718834,24.344390,134.032058,1.628577,0.196263,2.476639,296.034010,0.101524,0.057533,-0.000001,101284.626893,1.874055,-1.308838,0,1
12.640000,107.968718,1.706391,24.863393,134.538502,1.628579,0.196263,2.478602,296.036062,0.100615,0.056760,-0.000001,101286.982962,1.860934,-1.315523,0,1
12.650000,107.968592,1.694092,25.331807,134.994491,1.628580,0.196263,2.480565,296.038115,0.099707,0.055993,-0.000001,101289.257804,1.847760,-1.319365,0,1
12.660000,107.968455,1.681962,25.747020,135.397437,1.628581,0.196263,2.482527,296.040167,0.098798,0.055233,-0.000001,101291.439116,1.834562,-1.320360,0,1
12.670000,107.968309,1.670172,26.106549,135.745030,1.628582,0.196263,2.484490,296.042219,0.097889,0.054492,-0.000001,101293.389260,1.821368,-1.318513,0,1
12.680000,107.968151,1.658430,26.408043,136.034625,1.628584,0.196263,2.486452,296.044271,0.096980,0.053750,-0.000001,101295.339404,1.808207,-1.313833,0,1
12.690000,107.967983,1.646894,26.649274,136.264151,1.628585,0.196263,2.488415,296.046322,0.096072,0.053019,-0.000001,101297.181360,1.795107,-1.306337,0,1
12.700000,107.967802,1.635554,26.828140,136.431496,1.628587,0.196263,2.490378,296.048374,0.095163,0.052297,-0.000001,101298.920129,1.782096,-1.296045,0,1
12.710000,107.967610,1.624380,26.942665,136.534655,1.628588,0.196263,2.492340,296.050426,0.094254,0.051583,-0.000001,101300.575658,1.769201,-1.282984,0,1
12.720000,107.967406,1.613370,26.991005,136.571782,1.628590,0.196263,2.494303,296.052478,0.093346,0.050876,-0.000001,101302.147946,1.756451,-1.267183,0,1
12.730000,107.967189,1.602523,26.971454,136.541166,1.628592,0.196263,2.496266,296.054529,0.092437,0.050177,-0.000001,101303.636993,1.743872,-1.248678,0,1
12.740000,107.966959,1.591880,26.882452,136.441291,1.628593,0.196263,2.498228,296.056581,0.091528,0.049489,-0.000001,101305.038535,1.731492,-1.227509,0,1
12.750000,107.966716,1.581424,26.722599,136.270739,1.628595,0.196263,2.500191,296.058632,0.090619,0.048810,-0.000001,101306.354078,1.719337,-1.203721,0,1
12.760000,107.966459,1.571145,26.490665,136.028269,1.628597,0.196263,2.502153,296.060684,0.089711,0.048140,-0.000001,101307.584528,1.707432,-1.177363,0,1
12.770000,107.966188,1.561040,26.185608,135.712836,1.628599,0.196263,2.504116,296.062735,0.088802,0.047478,-0.000001,101308.729886,1.695803,-1.148492,0,1
12.780000,107.965903,1.551109,25.806584,135.323596,1.628601,0.196263,2.506079,296.064787,0.087893,0.046826,-0.000001,101309.790152,1.684476,-1.117168,0,1
12.790000,107.965602,1.541335,25.352967,134.859903,1.628603,0.196263,2.508041,296.066838,0.086984,0.046182,-0.000001,101310.832009,1.673473,-1.083460,0,1
12.800000,107.965338,1.531721,24.824353,134.321412,1.628604,0.196263,2.510004,296.068889,0.086076,0.045545,-0.000001,101311.831259,1.662819,-1.047441,0,1
12.810000,107.965202,1.522269,24.220582,133.708053,1.628605,0.196263,2.511967,296.070940,0.085167,0.044918,-0.000001,101312.774161,1.652537,-1.009191,0,1
12.820000,107.965064,1.512978,23.541738,133.019781,1.628606,0.196263,2.513929,296.072992,0.084258,0.044298,-0.000001,101313.660713,1.642648,-0.968796,0,1
12.830000,107.964925,1.503848,22.788160,132.256932,1.628606,0.196263,2.515892,296.075043,0.083350,0.043687,-0.000001,101314.490916,1.633173,-0.926348,0,1
12.840000,107.964783,1.494875,21.960447,131.420105,1.628607,0.196263,2.517854,296.077094,0.082441,0.043085,-0.000001,101315.264770,1.624132,-0.881946,0,1
12.850000,107.964639,1.486059,21.059456,130.510154,1.628608,0.196263,2.519817,296.079145,0.081532,0.042491,-0.000001,101315.982275,1.615545,-0.835693,0,1
12.860000,107.964494,1.477399,20.086302,129.528195,1.628608,0.196263,2.521780,296.081196,0.080623,0.041906,-0.000001,101316.643430,1.607429,-0.787698,0,1
12.870000,107.964347,1.468894,19.042354,128.475595,1.628609,0.196263,2.523742,296.083247,0.079715,0.041328,-0.000001,101317.248237,1.599801,-0.738076,0,1
12.880000,107.964199,1.460541,17.929228,127.353968,1.628609,0.196263,2.525705,296.085297,0.078806,0.040760,-0.000001,101317.796695,1.592677,-0.686944,0,1
12.890000,107.964049,1.452293,16.748779,126.165121,1.628610,0.196263,2.527668,296.087348,0.077897,0.040196,-0.000001,101318.364687,1.586071,-0.634423,0,1
12.900000,107.963898,1.444175,15.503088,124.911162,1.628611,0.196263,2.529630,296.089399,0.076989,0.039640,-0.000001,101318.909751,1.579997,-0.580640,0,1
12.910000,107.963746,1.436197,14.194455,123.594398,1.628611,0.196263,2.531593,296.091450,0.076080,0.039092,-0.000001,101319.415799,1.574466,-0.525721,0,1
12.920000,107.963594,1.428356,12.825382,122.217331,1.628612,0.196263,2.533555,296.093500,0.075171,0.038551,-0.000001,101319.882833,1.569490,-0.469794,0,1
12.930000,107.963440,1.420652,11.398563,120.782655,1.628612,0.196263,2.535518,296.095551,0.074262,0.038018,-0.000001,101320.310852,1.565077,-0.412991,0,1
12.940000,107.963286,1.413084,9.916871,119.293242,1.628612,0.196263,2.537481,296.097601,0.073354,0.037492,-0.000001,101320.699856,1.561236,-0.355443,0,1
12.950000,107.963132,1.405651,8.383345,117.752128,1.628613,0.196263,2.539443,296.099652,0.072445,0.036974,-0.000001,101321.049846,1.557974,-0.297282,0,1
12.960000,107.962977,1.398352,6.801178,116.162506,1.628613,0.196263,2.541406,296.101702,0.071536,0.036465,-0.000001,101321.360821,1.555296,-0.238638,0,1
12.970000,107.962822,1.391185,5.173705,114.527711,1.628613,0.196263,2.543369,296.103752,0.070628,0.035962,-0.000001,101321.632781,1.553206,-0.179643,0,1
12.980000,107.962667,1.384150,3.504393,112.851210,1.628614,0.196263,2.545331,296.105803,0.069719,0.035468,-0.000001,101321.865727,1.551707,-0.120426,0,1
12.990000,107.962513,1.377218,1.796833,111.136564,1.628614,0.196263,2.547294,296.107853,0.068810,0.034979,-0.000001,101322.102012,1.550801,-0.061117,0,1
13.000000,107.962359,1.370404,0.054730,109.387494,1.628614,0.196263,2.549257,296.109903,0.067901,0.034497,-0.000001,101322.317230,1.550488,-0.001843,0,1
13.010000,107.962206,1.363713,1.718104,111.044024,1.628614,0.196263,2.551219,296.111953,0.066993,0.034023,-0.000001,101322.502981,1.550766,0.057270,0,1
13.020000,107.962053,1.357145,3.403298,112.722497,1.628615,0.196263,2.553182,296.114003,0.066084,0.033556,-0.000001,101322.659266,1.551618,0.113443,0,1
13.030000,107.961902,1.330916,5.004821,114.297639,1.628615,0.196263,2.555144,296.116053,0.065179,0.033095,-0.000001,101322.807923,1.553017,0.166827,0,1
13.040000,107.961752,1.301418,6.526862,115.790032,1.628615,0.196263,2.557107,296.118103,0.064287,0.032642,-0.000001,101322.947348,1.554936,0.217562,0,1
13.050000,107.961603,1.282879,7.973331,117.217814,1.628615,0.196263,2.559070,296.120153,0.063407,0.032196,-0.000001,101323.077383,1.557351,0.265778,0,1
13.060000,107.961457,1.262401,9.347599,118.571457,1.628615,0.196263,2.561032,296.122203,0.062543,0.031757,-0.000001,101323.196736,1.560237,0.311587,0,1
13.070000,107.961312,1.242280,10.652472,119.856064,1.628615,0.196263,2.562995,296.124253,0.061690,0.031324,-0.000001,101323.309218,1.563572,0.355082,0,1
13.080000,107.961169,1.222942,11.890853,121.074965,1.628614,0.196263,2.564958,296.126302,0.060866,0.030907,-0.000001,101323.404982,1.567332,0.396362,0,1
13.090000,107.961029,1.203702,13.064557,122.229288,1.628614,0.196263,2.566920,296.128352,0.060044,0.030489,-0.000001,101323.500200,1.571494,0.435485,0,1
13.100000,107.960892,1.184709,14.175429,123.321030,1.628614,0.196263,2.568883,296.130402,0.059230,0.030076,-0.000001,101323.591782,1.576036,0.472514,0,1
13.110000,107.960757,1.166304,15.224537,124.351598,1.628614,0.196263,2.570845,296.132451,0.058437,0.029674,-0.000001,101323.672386,1.580938,0.507485,0,1
13.120000,107.960626,1.147970,16.212566,125.321162,1.628613,0.196263,2.572808,296.134501,0.057645,0.029272,-0.000001,101323.752990,1.586179,0.540419,0,1
13.130000,107.960499,1.130052,17.140326,126.230877,1.628613,0.196263,2.574771,296.136550,0.056868,0.028877,-0.000001,101323.827047,1.591740,0.571344,0,1
13.140000,107.960375,1.112508,18.008108,127.080991,1.628613,0.196263,2.576733,296.138600,0.056104,0.028490,-0.000001,101323.895280,1.597600,0.600270,0,1
13.150000,107.960255,1.095030,18.816322,127.871607,1.628612,0.196263,2.578696,296.140649,0.055341,0.028102,-0.000001,101323.963513,1.603739,0.627211,0,1
13.160000,107.960140,1.077868,19.565349,128.603357,1.628612,0.196263,2.580659,296.142698,0.054588,0.027721,-0.000001,101324.027652,1.610137,0.652178,0,1
13.170000,107.960029,1.060988,20.255774,129.276791,1.628611,0.196263,2.582621,296.144748,0.053846,0.027344,-0.000001,101324.088234,1.616776,0.675192,0,1
13.180000,107.959923,1.044344,20.888263,129.892531,1.628610,0.196263,2.584584,296.146797,0.053111,0.026971,-0.000001,101324.145951,1.623635,0.696275,0,1
13.190000,107.959823,1.027936,21.463847,130.451605,1.628610,0.196263,2.586546,296.148846,0.052384,0.026602,-0.000001,101324.200802,1.630695,0.715462,0,1
13.200000,107.959728,1.011760,21.983747,130.955235,1.628609,0.196263,2.588509,296.150895,0.051665,0.026237,-0.000001,101324.252787,1.637938,0.732792,0,1
13.210000,107.959639,0.995844,22.450143,131.405626,1.628608,0.196263,2.590472,296.152944,0.050955,0.025877,-0.000001,101324.301877,1.645345,0.748338,0,1
13.220000,107.959557,0.980222,22.865156,131.804935,1.628607,0.196263,2.592434,296.154993,0.050257,0.025522,-0.000001,101324.348032,1.652899,0.762172,0,1
13.230000,107.959481,0.964853,23.232327,132.156661,1.628606,0.196263,2.594397,296.157042,0.049567,0.025172,-0.000001,101324.391294,1.660584,0.774411,0,1
13.240000,107.959412,0.949735,23.555129,132.464275,1.628605,0.196263,2.596360,296.159091,0.048886,0.024827,-0.000001,101324.431663,1.668384,0.785171,0,1
13.250000,107.959350,0.934866,23.838680,132.732897,1.628604,0.196263,2.598322,296.161140,0.048215,0.024486,-0.000001,101324.469139,1.676285,0.794623,0,1
13.260000,107.959297,0.920244,24.088226,132.967767,1.628602,0.196263,2.600285,296.163189,0.047552,0.024150,-0.000001,101324.503721,1.684274,0.802941,0,1
13.270000,107.959251,0.905852,24.310469,133.175572,1.628601,0.196263,2.602247,296.165238,0.046898,0.023818,-0.000001,101324.537336,1.692342,0.810349,0,1
13.280000,107.959214,0.891697,24.512769,133.363680,1.628600,0.196263,2.604210,296.167286,0.046253,0.023491,-0.000001,101324.568827,1.700480,0.817092,0,1
13.290000,107.959185,0.877778,24.703468,133.540431,1.628598,0.196263,2.606173,296.169335,0.045617,0.023168,-0.000001,101324.598074,1.708684,0.823449,0,1
13.300000,107.959166,0.864094,24.891962,133.715221,1.628597,0.196263,2.608135,296.171383,0.044990,0.022850,-0.000001,101324.625078,1.716950,0.829732,0,1
13.310000,107.959156,0.850643,25.088373,133.898172,1.628595,0.196263,2.610098,296.173432,0.044371,0.022536,-0.000001,101324.649838,1.725280,0.836279,0,1
13.320000,107.959157,0.837391,25.303493,134.100041,1.628593,0.196263,2.612061,296.175481,0.043760,0.022226,-0.000001,101324.673720,1.733678,0.843450,0,1
13.330000,107.959168,0.824319,25.548890,134.332376,1.628591,0.196263,2.614023,296.177529,0.043156,0.021919,-0.000001,101324.697469,1.742153,0.851630,0,1
13.340000,107.959190,0.811453,25.835929,134.606572,1.628590,0.196263,2.615986,296.179577,0.042560,0.021617,-0.000001,101324.719912,1.750715,0.861198,0,1
13.350000,107.959223,0.798793,26.176591,134.934608,1.628588,0.196263,2.617948,296.181626,0.041972,0.021318,-0.000001,101324.741047,1.759382,0.872553,0,1
13.360000,107.959269,0.786337,26.581556,135.327162,1.628586,0.196263,2.619911,296.183674,0.041392,0.021024,-0.000001,101324.760876,1.768173,0.886052,0,1
13.370000,107.959326,0.774084,27.061578,135.794987,1.628583,0.196263,2.621874,296.185722,0.040820,0.020734,-0.000001,101324.779397,1.777111,0.902053,0,1
13.380000,107.959396,0.762031,27.625054,136.346482,1.628581,0.196263,2.623836,296.187771,0.040256,0.020447,-0.000001,101324.796612,1.786223,0.920835,0,1
13.390000,107.959480,0.750180,28.279388,136.989047,1.628579,0.196263,2.625799,296.189819,0.039700,0.020165,-0.000001,101324.812520,1.795538,0.942646,0,1
13.400000,107.959577,0.738526,29.029056,137.727158,1.628576,0.196263,2.627762,296.191867,0.039152,0.019887,-0.000001,101324.827121,1.805086,0.967635,0,1
13.410000,107.959688,0.727071,29.875938,138.562697,1.628574,0.196263,2.629724,296.193915,0.038612,0.019613,-0.000001,101324.840415,1.814901,0.995865,0,1
13.420000,107.959814,0.715812,30.818872,139.494497,1.628571,0.196263,2.631687,296.195963,0.038080,0.019343,-0.000001,101324.852402,1.825014,1.027296,0,1
13.430000,107.959955,0.704682,31.853072,140.517709,1.628568,0.196263,2.633649,296.198011,0.037553,0.019076,-0.000001,101324.864574,1.835456,1.061769,0,1
13.440000,107.960059,0.693691,32.970451,141.624200,1.628566,0.196263,2.635612,296.200059,0.037032,0.018811,-0.000001,101324.876720,1.846258,1.099015,0,1
13.450000,107.960094,0.682875,34.159863,142.802832,1.628565,0.196263,2.637575,296.202107,0.036518,0.018551,-0.000001,101324.887983,1.857444,1.138662,0,1
13.460000,107.960133,0.672234,35.406335,144.038702,1.628564,0.196263,2.639537,296.204154,0.036012,0.018294,-0.000001,101324.898362,1.869036,1.180211,0,1
13.470000,107.960177,0.661766,36.693892,145.315835,1.628563,0.196263,2.641500,296.206202,0.035513,0.018040,-0.000001,101324.907858,1.881052,1.223130,0,1
13.480000,107.960226,0.651471,38.002604,146.614300,1.628563,0.196263,2.643463,296.208249,0.035021,0.017791,-0.000001,101324.916470,1.893500,1.266753,0,1
13.490000,107.960280,0.641347,39.313752,147.915379,1.628562,0.196263,2.645425,296.210297,0.034536,0.017545,-0.000001,101324.924198,1.906387,1.310458,0,1
13.500000,107.960337,0.631394,40.605852,149.197584,1.628561,0.196263,2.647388,296.212344,0.034059,0.017302,-0.000001,101324.931043,1.919707,1.353528,0,1
13.510000,107.960400,0.621611,41.859577,150.441589,1.628560,0.196263,2.649350,296.214391,0.033588,0.017064,-0.000001,101324.937004,1.933453,1.395319,0,1
13.520000,107.960467,0.611997,43.055348,151.627813,1.628559,0.196263,2.651313,296.216438,0.033126,0.016829,-0.000001,101324.942081,1.947607,1.435178,0,1
13.530000,107.960538,0.602551,44.175337,152.738427,1.628558,0.196263,2.653276,296.218486,0.032670,0.016598,-0.000001,101324.946275,1.962148,1.472511,0,1
13.540000,107.960614,0.593172,45.203937,153.757723,1.628558,0.196263,2.655238,296.220533,0.032217,0.016368,-0.000001,101324.951444,1.977047,1.506798,0,1
13.550000,107.960694,0.583903,46.127180,154.671777,1.628557,0.196263,2.657201,296.222580,0.031770,0.016141,-0.000001,101324.956778,1.992273,1.537573,0,1
13.560000,107.960778,0.574777,46.933793,155.469349,1.628556,0.196263,2.659164,296.224627,0.031329,0.015917,-0.000001,101324.961665,2.007787,1.564460,0,1
13.570000,107.960867,0.565794,47.615043,156.141704,1.628555,0.196263,2.661126,296.226674,0.030894,0.015696,-0.000001,101324.966103,2.023549,1.587168,0,1
13.580000,107.960960,0.556954,48.164109,156.682023,1.628555,0.196263,2.663089,296.228720,0.030465,0.015479,-0.000001,101324.970094,2.039517,1.605470,0,1
13.590000,107.961056,0.548255,48.577443,157.086755,1.628554,0.196263,2.665052,296.230767,0.030043,0.015264,-0.000001,101324.973636,2.055645,1.619248,0,1
13.600000,107.961157,0.539698,48.852674,157.353528,1.628553,0.196263,2.667014,296.232814,0.029627,0.015053,-0.000001,101324.976731,2.071888,1.628422,0,1
13.610000,107.961261,0.531281,48.990620,157.483161,1.628553,0.196263,2.668977,296.234861,0.029217,0.014845,-0.000001,101324.979378,2.088200,1.633021,0,1
13.620000,107.961369,0.523004,48.992831,157.477204,1.628552,0.196263,2.670939,296.236907,0.028814,0.014641,-0.000001,101324.981577,2.104534,1.633094,0,1
13.630000,107.961481,0.514866,48.863408,157.339755,1.628552,0.196263,2.672902,296.238954,0.028417,0.014439,-0.000001,101324.983327,2.120847,1.628780,0,1
13.640000,107.961596,0.506868,48.606891,157.075355,1.628551,0.196263,2.674865,296.241000,0.028026,0.014241,-0.000001,101324.984630,2.137096,1.620230,0,1
13.650000,107.961714,0.498901,48.229455,156.690070,1.628551,0.196263,2.676827,296.243047,0.027637,0.014044,-0.000001,101324.986711,2.153239,1.607649,0,1
13.660000,107.961836,0.491035,47.737637,156.190508,1.628550,0.196263,2.678790,296.245093,0.027253,0.013849,-0.000001,101324.988775,2.169236,1.591255,0,1
13.670000,107.961961,0.483287,47.138600,155.583847,1.628550,0.196263,2.680753,296.247139,0.026875,0.013657,-0.000001,101324.990636,2.185052,1.571287,0,1
13.680000,107.962088,0.475656,46.439819,154.877564,1.628549,0.196263,2.682715,296.249186,0.026502,0.013467,-0.000001,101324.992292,2.200650,1.547994,0,1
13.690000,107.962218,0.468142,45.648770,154.079131,1.628549,0.196263,2.684678,296.251232,0.026134,0.013281,-0.000001,101324.993744,2.216001,1.521626,0,1
13.700000,107.962351,0.460745,44.772895,153.195991,1.628549,0.196263,2.686640,296.253278,0.025772,0.013097,-0.000001,101324.994993,2.231073,1.492430,0,1
13.710000,107.962487,0.453464,43.819488,152.235438,1.628549,0.196263,2.688603,296.255324,0.025415,0.012916,-0.000001,101324.996037,2.245840,1.460650,0,1
13.720000,107.962624,0.446299,42.795347,151.204270,1.628548,0.196263,2.690566,296.257370,0.025064,0.012737,-0.000001,101324.996877,2.260278,1.426512,0,1
13.730000,107.962764,0.439250,41.707081,150.109095,1.628548,0.196263,2.692528,296.259416,0.024718,0.012562,-0.000001,101324.997514,2.274363,1.390236,0,1
13.740000,107.962906,0.432316,40.560515,148.955736,1.628548,0.196263,2.694491,296.261462,0.024377,0.012389,-0.000001,101324.997946,2.288075,1.352017,0,1
13.750000,107.963049,0.425497,39.361227,147.749772,1.628548,0.196263,2.696454,296.263507,0.024042,0.012219,-0.000001,101324.998174,2.301397,1.312041,0,1
13.760000,107.963193,0.418728,38.113886,146.495807,1.628548,0.196263,2.698416,296.265553,0.023710,0.012050,-0.000001,101324.998525,2.314310,1.270463,0,1
13.770000,107.963339,0.412056,36.822922,145.198317,1.628548,0.196263,2.700379,296.267599,0.023382,0.011884,-0.000001,101324.998768,2.326801,1.227431,0,1
13.780000,107.963486,0.405480,35.491836,143.860802,1.628548,0.196263,2.702341,296.269644,0.023059,0.011720,-0.000001,101324.998902,2.338854,1.183061,0,1
13.790000,107.963634,0.398999,34.123917,142.486550,1.628548,0.196263,2.704304,296.271690,0.022741,0.011558,-0.000001,101324.998936,2.350458,1.137464,0,1
13.800000,107.963782,0.392611,32.721667,141.078060,1.628548,0.196263,2.706267,296.273735,0.022427,0.011399,-0.000001,101324.998877,2.361599,1.090722,0,1
13.810000,107.963930,0.386315,31.287290,139.637535,1.628549,0.196263,2.708229,296.275781,0.022118,0.011242,-0.000001,101324.998731,2.372268,1.042910,0,1
13.820000,107.964078,0.380109,29.822518,138.166705,1.628549,0.196263,2.710192,296.277826,0.021813,0.011088,-0.000001,101324.998508,2.382454,0.994084,0,1
13.830000,107.964226,0.373992,28.328704,136.666922,1.628549,0.196263,2.712155,296.279871,0.021513,0.010935,-0.000001,101324.998213,2.392147,0.944290,0,1
13.840000,107.964374,0.367962,26.806939,135.139275,1.628550,0.196263,2.714117,296.281917,0.021217,0.010785,-0.000001,101324.997855,2.401337,0.893565,0,1
13.850000,107.964521,0.362018,25.258005,133.584543,1.628550,0.196263,2.716080,296.283962,0.020925,0.010637,-0.000001,101324.997441,2.410015,0.841933,0,1
13.860000,107.964666,0.356158,23.682527,132.003351,1.628551,0.196263,2.718042,296.286007,0.020637,0.010491,-0.000001,101324.996979,2.418173,0.789418,0,1
13.870000,107.964810,0.350381,22.080953,130.396144,1.628552,0.196263,2.720005,296.288052,0.020354,0.010347,-0.000001,101324.996476,2.425801,0.736032,0,1
13.880000,107.964953,0.344686,20.453645,128.763284,1.628552,0.196263,2.721968,296.290097,0.020074,0.010205,-0.000001,101324.995939,2.432890,0.681788,0,1
13.890000,107.965093,0.339072,18.800919,127.105084,1.628553,0.196263,2.723930,296.292142,0.019799,0.010065,-0.000001,101324.995375,2.439434,0.626697,0,1
13.900000,107.965231,0.333536,17.123051,125.421818,1.628554,0.196263,2.725893,296.294186,0.019527,0.009927,-0.000001,101324.994794,2.445422,0.570768,0,1
13.910000,107.965366,0.328078,15.420386,123.713830,1.628555,0.196263,2.727856,296.296231,0.019259,0.009791,-0.000001,101324.994201,2.450846,0.514013,0,1
13.920000,107.965498,0.322696,13.693253,121.981447,1.628556,0.196263,2.729818,296.298276,0.018996,0.009657,-0.000001,101324.993604,2.455699,0.456442,0,1
13.930000,107.965627,0.317389,11.942129,120.225145,1.628557,0.196263,2.731781,296.300320,0.018736,0.009525,-0.000001,101324.993011,2.459973,0.398071,0,1
13.940000,107.965752,0.312156,10.167530,118.445438,1.628559,0.196263,2.733743,296.302365,0.018479,0.009395,-0.000001,101324.992429,2.463658,0.338918,0,1
13.950000,107.965872,0.306995,8.370118,116.642985,1.628560,0.196263,2.735706,296.304409,0.018227,0.009267,-0.000001,101324.991866,2.466749,0.279004,0,1
13.960000,107.965988,0.301905,6.550676,114.818570,1.628561,0.196263,2.737669,296.306454,0.017978,0.009140,-0.000001,101324.991329,2.469236,0.218356,0,1
13.970000,107.966099,0.296886,4.710121,112.973105,1.628563,0.196263,2.739631,296.308498,0.017732,0.009016,-0.000001,101324.990788,2.471113,0.157004,0,1
13.980000,107.966204,0.291938,2.849543,111.107685,1.628564,0.196263,2.741594,296.310542,0.017490,0.008893,-0.000001,101324.990141,2.472374,0.094985,0,1
13.990000,107.966304,0.287058,0.970178,109.223539,1.628566,0.196263,2.743557,296.312586,0.017251,0.008772,-0.000001,101324.989516,2.473011,0.032339,0,1
14.000000,107.966397,0.282244,0.926542,109.175184,1.628568,0.196263,2.745519,296.314631,0.017016,0.008652,-0.000001,101324.988919,2.473019,-0.030885,0,1
14.010000,107.966484,0.277496,2.839020,111.082999,1.628570,0.196263,2.747482,296.316675,0.016784,0.008534,-0.000001,101324.988355,2.472392,-0.094634,0,1
14.020000,107.966563,0.272812,4.795781,113.035155,1.628572,0.196263,2.749444,296.318719,0.016555,0.008418,-0.000001,101324.987830,2.471111,-0.161474,0,1
14.030000,107.966635,0.268190,6.795465,115.030290,1.628574,0.196263,2.751407,296.320762,0.016330,0.008304,-0.000001,101324.987351,2.469148,-0.231138,0,1
14.040000,107.966698,0.263631,8.827761,117.058090,1.628576,0.196263,2.753370,296.322806,0.016107,0.008191,-0.000001,101324.986924,2.466476,-0.303359,0,1
14.050000,107.966753,0.259132,10.882776,119.108662,1.628578,0.196263,2.755332,296.324850,0.015888,0.008079,-0.000001,101324.986555,2.463069,-0.377874,0,1
14.060000,107.966799,0.254693,12.951039,121.172531,1.628581,0.196263,2.757295,296.326894,0.015672,0.007970,-0.000001,101324.986250,2.458908,-0.454422,0,1
14.070000,107.966835,0.250312,15.023467,123.240614,1.628583,0.196263,2.759258,296.328937,0.015458,0.007861,-0.000001,101324.986014,2.453971,-0.532747,0,1
14.080000,107.966894,0.245988,17.091328,125.304209,1.628585,0.196263,2.761220,296.330981,0.015248,0.007754,-0.000001,101324.985855,2.448244,-0.612592,0,1
14.090000,107.966977,0.241720,19.146180,127.354877,1.628585,0.196263,2.763183,296.333025,0.015040,0.007649,-0.000001,101324.985777,2.441712,-0.693702,0,1
14.100000,107.967057,0.237507,21.179809,129.384374,1.628586,0.196263,2.765145,296.335068,0.014835,0.007545,-0.000001,101324.985788,2.434364,-0.775817,0,1
14.110000,107.967134,0.233348,23.184162,131.384645,1.628586,0.196263,2.767108,296.337112,0.014633,0.007442,-0.000001,101324.985893,2.426191,-0.858673,0,1
14.120000,107.967209,0.229242,25.151269,133.347720,1.628587,0.196263,2.769071,296.339155,0.014433,0.007340,-0.000001,101324.986098,2.417186,-0.941995,0,1
14.130000,107.967280,0.225188,27.073174,135.265642,1.628587,0.196263,2.771033,296.341198,0.014236,0.007240,-0.000001,101324.986410,2.407348,-1.025499,0,1
14.140000,107.967347,0.221184,28.941863,137.130394,1.628588,0.196263,2.772996,296.343242,0.014041,0.007142,-0.000001,101324.986833,2.396675,-1.108884,0,1
14.150000,107.967412,0.217230,30.749189,138.933830,1.628588,0.196263,2.774959,296.345285,0.013849,0.007044,-0.000001,101324.987375,2.385170,-1.191829,0,1
14.160000,107.967473,0.213324,32.486816,140.667613,1.628589,0.196263,2.776921,296.347328,0.013659,0.006948,-0.000001,101324.988042,2.372840,-1.273993,0,1
14.170000,107.967531,0.209496,34.146158,142.323186,1.628589,0.196263,2.778884,296.349371,0.013473,0.006853,-0.000001,101324.988336,2.359693,-1.355006,0,1
14.180000,107.967585,0.205737,35.718342,143.891665,1.628590,0.196263,2.780846,296.351414,0.013290,0.006760,-0.000001,101324.988386,2.345744,-1.434472,0,1
14.190000,107.967636,0.202030,37.194183,145.363850,1.628590,0.196263,2.782809,296.353457,0.013110,0.006669,-0.000001,101324.988456,2.331010,-1.511959,0,1
14.200000,107.967683,0.198374,38.564194,146.730252,1.628591,0.196263,2.784772,296.355500,0.012932,0.006578,-0.000001,101324.988548,2.315513,-1.587004,0,1
14.210000,107.967727,0.194769,39.818629,147.981125,1.628591,0.196263,2.786734,296.357543,0.012757,0.006489,-0.000001,101324.988661,2.299280,-1.659110,0,1
14.220000,107.967767,0.191213,40.947575,149.106555,1.628591,0.196263,2.788697,296.359586,0.012584,0.006401,-0.000001,101324.988796,2.282343,-1.727746,0,1
14.230000,107.967803,0.187706,41.941110,150.096618,1.628592,0.196263,2.790660,296.361629,0.012413,0.006314,-0.000001,101324.988954,2.264740,-1.792355,0,1
14.240000,107.967835,0.184246,42.789526,150.941608,1.628592,0.196263,2.792622,296.363671,0.012244,0.006229,-0.000001,101324.989134,2.246513,-1.852360,0,1
14.250000,107.967864,0.180834,43.483642,151.632339,1.628592,0.196263,2.794585,296.365714,0.012078,0.006144,-0.000001,101324.989338,2.227712,-1.907177,0,1
14.260000,107.967888,0.177468,44.015189,152.160545,1.628593,0.196263,2.796548,296.367757,0.011914,0.006061,-0.000001,101324.989566,2.208392,-1.956231,0,1
14.270000,107.967909,0.174147,44.377284,152.519341,1.628593,0.196263,2.798510,296.369799,0.011752,0.005979,-0.000001,101324.989819,2.188612,-1.998977,0,1
14.280000,107.967926,0.170872,44.564953,152.703751,1.628593,0.196263,2.800473,296.371842,0.011593,0.005898,-0.000001,101324.990096,2.168439,-2.034929,0,1
14.290000,107.967939,0.167640,44.575701,152.711280,1.628593,0.196263,2.802435,296.373884,0.011435,0.005818,-0.000001,101324.990399,2.147940,-2.063690,0,1
14.300000,107.967948,0.164451,44.409832,152.542231,1.628594,0.196263,2.804398,296.375926,0.011279,0.005739,-0.000001,101324.990728,2.127190,-2.084969,0,1
14.310000,107.967953,0.161305,44.071175,152.200433,1.628594,0.196263,2.806361,296.377969,0.011126,0.005660,-0.000001,101324.991083,2.106266,-2.098627,0,1
14.320000,107.967954,0.158201,43.567210,151.693365,1.628594,0.196263,2.808323,296.380011,0.010974,0.005583,-0.000001,101324.991465,2.085244,-2.104696,0,1
14.330000,107.967951,0.155137,42.909105,151.032194,1.628594,0.196263,2.810286,296.382053,0.010824,0.005507,-0.000001,101324.991875,2.064198,-2.103388,0,1
14.340000,107.967944,0.152114,42.111499,150.231557,1.628594,0.196263,2.812249,296.384095,0.010676,0.005432,-0.000001,101324.992312,2.043199,-2.095099,0,1
14.350000,107.967933,0.149130,41.192023,149.309085,1.628594,0.196263,2.814211,296.386137,0.010530,0.005358,-0.000001,101324.992778,2.022317,-2.080405,0,1
14.360000,107.967918,0.146187,40.170595,148.284700,1.628594,0.196263,2.816174,296.388179,0.010385,0.005284,-0.000001,101324.993262,2.001609,-2.060030,0,1
14.370000,107.967899,0.143325,39.068557,147.179781,1.628594,0.196263,2.818136,296.390221,0.010244,0.005213,-0.000001,101324.993577,1.981131,-2.034821,0,1
14.380000,107.967876,0.140507,37.907727,146.016109,1.628594,0.196263,2.820099,296.392262,0.010105,0.005142,-0.000001,101324.993892,1.960924,-2.005700,0,1
14.390000,107.967849,0.137730,36.709472,144.815051,1.628594,0.196263,2.822062,296.394304,0.009968,0.005072,-0.000001,101324.994205,1.941024,-1.973628,0,1
14.400000,107.967817,0.134996,35.493867,143.596681,1.628594,0.196263,2.824024,296.396346,0.009833,0.005004,-0.000001,101324.994514,1.921455,-1.939556,0,1
14.410000,107.967782,0.132304,34.279012,142.379098,1.628594,0.196263,2.825987,296.398387,0.009700,0.004936,-0.000001,101324.994819,1.902232,-1.904390,0,1
14.420000,107.967743,0.129652,33.080529,141.177924,1.628594,0.196263,2.827950,296.400429,0.009568,0.004869,-0.000001,101324.995119,1.883363,-1.868956,0,1
14.430000,107.967700,0.127041,31.911259,140.006000,1.628594,0.196263,2.829912,296.402470,0.009438,0.004803,-0.000001,101324.995414,1.864847,-1.833980,0,1
14.440000,107.967653,0.124469,30.781130,138.873252,1.628593,0.196263,2.831875,296.404512,0.009310,0.004738,-0.000001,101324.995701,1.846675,-1.800066,0,1
14.450000,107.967603,0.121937,29.697196,137.786735,1.628593,0.196263,2.833837,296.406553,0.009184,0.004674,-0.000001,101324.995979,1.828835,-1.767690,0,1
14.460000,107.967548,0.119443,28.663794,136.750785,1.628593,0.196263,2.835800,296.408594,0.009059,0.004610,-0.000001,101324.996249,1.811309,-1.737200,0,1
14.470000,107.967490,0.116987,27.682803,135.767281,1.628592,0.196263,2.837763,296.410636,0.008936,0.004548,-0.000001,101324.996509,1.794078,-1.708815,0,1
14.480000,107.967428,0.114569,26.753962,134.835959,1.628592,0.196263,2.839725,296.412677,0.008815,0.004486,-0.000001,101324.996757,1.777119,-1.682639,0,1
14.490000,107.967363,0.112188,25.875226,133.954776,1.628591,0.196263,2.841688,296.414718,0.008695,0.004425,-0.000001,101324.996994,1.760412,-1.658668,0,1
14.500000,107.967293,0.109844,25.043206,133.120343,1.628591,0.196263,2.843651,296.416759,0.008577,0.004365,-0.000001,101324.997217,1.743933,-1.636811,0,1
14.510000,107.967221,0.107535,24.253317,132.328073,1.628590,0.196263,2.845613,296.418800,0.008460,0.004305,-0.000001,101324.997426,1.727664,-1.616888,0,1
14.520000,107.967144,0.105262,23.500361,131.572768,1.628589,0.196263,2.847576,296.420841,0.008344,0.004247,-0.000001,101324.997620,1.711585,-1.598664,0,1
14.530000,107.967065,0.103024,22.778754,130.848843,1.628589,0.196263,2.849538,296.422882,0.008231,0.004189,-0.000001,101324.997797,1.695681,-1.581858,0,1
14.540000,107.966982,0.100819,22.082800,130.150602,1.628588,0.196263,2.851501,296.424922,0.008118,0.004132,-0.000001,101324.997958,1.679940,-1.566156,0,1
14.550000,107.966896,0.098649,21.406933,129.472478,1.628587,0.196263,2.853464,296.426963,0.008007,0.004075,-0.000001,101324.998100,1.664352,-1.551227,0,1
14.560000,107.966807,0.096527,20.745907,128.809241,1.628586,0.196263,2.855426,296.429004,0.007898,0.004020,-0.000001,101324.998263,1.648910,-1.536734,0,1
14.570000,107.966715,0.094456,20.094957,128.156129,1.628585,0.196263,2.857389,296.431044,0.007791,0.003965,-0.000001,101324.998458,1.633613,-1.522345,0,1
14.580000,107.966620,0.092422,19.449909,127.508951,1.628584,0.196263,2.859352,296.433085,0.007685,0.003912,-0.000001,101324.998645,1.618461,-1.507745,0,1
14.590000,107.966522,0.090424,18.807259,126.864205,1.628583,0.196263,2.861314,296.435125,0.007581,0.003858,-0.000001,101324.998823,1.603457,-1.492640,0,1
14.600000,107.966422,0.088461,18.164220,126.219102,1.628582,0.196263,2.863277,296.437166,0.007478,0.003806,-0.000001,101324.998993,1.588608,-1.476766,0,1
14.610000,107.966318,0.086533,17.518678,125.571529,1.628581,0.196263,2.865239,296.439206,0.007376,0.003755,-0.000001,101324.999153,1.573922,-1.459890,0,1
14.620000,107.966213,0.084639,16.869342,124.920194,1.628579,0.196263,2.867202,296.441246,0.007276,0.003704,-0.000001,101324.999304,1.559410,-1.441824,0,1
14.630000,107.966105,0.082780,16.215566,124.264451,1.628578,0.196263,2.869165,296.443286,0.007177,0.003653,-0.000001,101324.999445,1.545086,-1.422418,0,1
14.640000,107.965995,0.080954,15.557336,123.604285,1.628576,0.196263,2.871127,296.445326,0.007080,0.003604,-0.000001,101324.999575,1.530963,-1.401562,0,1
14.650000,107.965883,0.079161,14.895201,122.940245,1.628575,0.196263,2.873090,296.447366,0.006984,0.003555,-0.000001,101324.999695,1.517056,-1.379185,0,1
14.660000,107.965769,0.077400,14.230193,122.273362,1.628573,0.196263,2.875053,296.449406,0.006889,0.003507,-0.000001,101324.999803,1.503381,-1.355256,0,1
14.670000,107.965654,0.075672,13.563737,121.605062,1.628572,0.196263,2.877015,296.451446,0.006795,0.003459,-0.000001,101324.999900,1.489952,-1.329778,0,1
14.680000,107.965536,0.073976,12.897562,120.937074,1.628570,0.196263,2.878978,296.453486,0.006703,0.003412,-0.000001,101324.999986,1.476786,-1.302784,0,1
14.690000,107.965418,0.072311,12.233615,120.271343,1.628568,0.196263,2.880940,296.455526,0.006612,0.003366,-0.000001,101325.000058,1.463898,-1.274335,0,1
14.700000,107.965298,0.070676,11.573967,119.609942,1.628566,0.196263,2.882903,296.457566,0.006521,0.003320,-0.000001,101325.000119,1.451300,-1.244513,0,1
14.710000,107.965177,0.069072,10.920746,118.954996,1.628564,0.196263,2.884866,296.459605,0.006433,0.003274,-0.000001,101325.000166,1.439008,-1.213416,0,1
14.720000,107.965121,0.067498,10.276060,118.308679,1.628563,0.196263,2.886828,296.461645,0.006345,0.003230,-0.000001,101325.000200,1.427032,-1.181156,0,1
14.730000,107.965101,0.065954,9.641943,117.672998,1.628563,0.196263,2.888791,296.463685,0.006258,0.003186,-0.000001,101325.000220,1.415384,-1.147850,0,1
14.740000,107.965082,0.064438,9.020313,117.049834,1.628562,0.196263,2.890754,296.465724,0.006172,0.003142,-0.000001,101325.000226,1.404074,-1.113619,0,1
14.750000,107.965066,0.062952,8.412935,116.440952,1.628562,0.196263,2.892716,296.467764,0.006088,0.003099,-0.000001,101325.000217,1.393110,-1.078581,0,1
14.760000,107.965051,0.061501,7.821400,115.847953,1.628561,0.196263,2.894679,296.469803,0.006005,0.003057,-0.000001,101325.000256,1.382500,-1.042853,0,1
14.770000,107.965038,0.060081,7.247119,115.272238,1.628561,0.196263,2.896641,296.471842,0.005923,0.003015,-0.000001,101325.000297,1.372251,-1.006544,0,1
14.780000,107.965027,0.058689,6.691311,114.715027,1.628561,0.196263,2.898604,296.473881,0.005843,0.002975,-0.000001,101325.000333,1.362367,-0.969755,0,1
14.790000,107.965017,0.057325,6.155016,114.177358,1.628560,0.196263,2.900567,296.475921,0.005764,0.002934,-0.000001,101325.000365,1.352852,-0.932578,0,1
14.800000,107.965010,0.055989,5.639100,113.660098,1.628560,0.196263,2.902529,296.477960,0.005685,0.002894,-0.000001,101325.000392,1.343711,-0.895095,0,1
14.810000,107.965004,0.054680,5.144270,113.163954,1.628559,0.196263,2.904492,296.479999,0.005608,0.002855,-0.000001,101325.000415,1.334946,-0.857378,0,1
14.820000,107.965001,0.053398,4.671092,112.689490,1.628559,0.196263,2.906455,296.482038,0.005532,0.002816,-0.000001,101325.000434,1.326560,-0.819490,0,1
14.830000,107.964999,0.052142,4.220003,112.237145,1.628559,0.196263,2.908417,296.484077,0.005457,0.002778,-0.000001,101325.000449,1.318552,-0.781482,0,1
14.840000,107.965000,0.050913,3.791336,111.807248,1.628558,0.196263,2.910380,296.486116,0.005383,0.002740,-0.000001,101325.000459,1.310925,-0.743399,0,1
14.850000,107.965003,0.049709,3.385328,111.400039,1.628558,0.196263,2.912342,296.488154,0.005309,0.002703,-0.000001,101325.000466,1.303680,-0.705277,0,1
14.860000,107.965007,0.048530,3.002142,111.015679,1.628558,0.196263,2.914305,296.490193,0.005237,0.002666,-0.000001,101325.000470,1.296815,-0.667143,0,1
14.870000,107.965014,0.047376,2.641880,110.654270,1.628558,0.196263,2.916268,296.492232,0.005166,0.002630,-0.000001,101325.000469,1.290332,-0.629019,0,1
14.880000,107.965023,0.046247,2.304593,110.315863,1.628557,0.196263,2.918230,296.494270,0.005096,0.002594,-0.000001,101325.000466,1.284230,-0.590921,0,1
14.890000,107.965035,0.045141,1.990295,110.000471,1.628557,0.196263,2.920193,296.496309,0.005026,0.002559,-0.000001,101325.000459,1.278508,-0.552860,0,1
14.900000,107.965048,0.044060,1.698974,109.708082,1.628557,0.196263,2.922156,296.498347,0.004958,0.002524,-0.000001,101325.000448,1.273167,-0.514841,0,1
14.910000,107.965063,0.043001,1.430597,109.438661,1.628557,0.196263,2.924118,296.500386,0.004890,0.002490,-0.000001,101325.000435,1.268206,-0.476866,0,1
14.920000,107.965081,0.041965,1.185119,109.192165,1.628557,0.196263,2.926081,296.502424,0.004824,0.002456,-0.000001,101325.000419,1.263625,-0.438933,0,1
14.930000,107.965101,0.040952,0.962490,108.968544,1.628557,0.196263,2.928043,296.504462,0.004758,0.002422,-0.000001,101325.000401,1.259422,-0.401038,0,1
14.940000,107.965123,0.039961,0.762663,108.767747,1.628556,0.196263,2.930006,296.506501,0.004693,0.002389,-0.000001,101325.000379,1.255599,-0.363173,0,1
14.950000,107.965147,0.038992,0.585592,108.589732,1.628556,0.196263,2.931969,296.508539,0.004629,0.002357,-0.000001,101325.000357,1.252154,-0.325329,0,1
14.960000,107.965174,0.038045,0.431244,108.434462,1.628556,0.196263,2.933931,296.510577,0.004566,0.002325,-0.000001,101325.000337,1.249087,-0.287496,0,1
14.970000,107.965202,0.037119,0.299593,108.301914,1.628556,0.196263,2.935894,296.512615,0.004503,0.002293,-0.000001,101325.000316,1.246399,-0.249661,0,1
14.980000,107.965233,0.036213,0.190632,108.192078,1.628556,0.196263,2.937857,296.514653,0.004442,0.002262,-0.000001,101325.000294,1.244089,-0.211813,0,1
14.990000,107.965265,0.035328,0.104364,108.104958,1.628556,0.196263,2.939819,296.516691,0.004382,0.002231,-0.000001,101325.000272,1.242157,-0.173940,0,1
15.000000,107.965300,0.034463,0.040810,108.040573,1.628556,0.196263,2.941782,296.518729,0.004322,0.002200,-0.000001,101325.000249,1.240605,-0.136032,0,1
15.010000,107.965337,0.033618,4.964616,112.963572,1.628556,0.196263,2.943745,296.520767,0.004263,0.002170,-0.000001,101325.000226,1.238253,-0.330974,0,1
15.020000,107.965376,0.032792,7.291938,115.290106,1.628557,0.196263,2.945707,296.522804,0.004205,0.002141,-0.000001,101325.000203,1.234125,-0.491040,0,1
15.030000,107.965417,0.031985,9.052678,117.050081,1.628557,0.196263,2.947670,296.524842,0.004147,0.002112,-0.000001,101325.000181,1.228573,-0.615828,0,1
15.040000,107.965460,0.031197,10.254904,118.251561,1.628557,0.196263,2.949632,296.526879,0.004091,0.002083,-0.000001,101325.000159,1.221952,-0.704804,0,1
15.050000,107.965505,0.030427,10.915197,118.911129,1.628557,0.196263,2.951595,296.528917,0.004035,0.002055,-0.000001,101325.000137,1.214621,-0.758000,0,1
15.060000,107.965552,0.029675,11.066265,119.061492,1.628557,0.196263,2.953558,296.530954,0.003980,0.002027,-0.000001,101325.000117,1.206929,-0.776580,0,1
15.070000,107.965601,0.028941,10.760678,118.755219,1.628558,0.196263,2.955520,296.532992,0.003926,0.001999,-0.000001,101325.000098,1.199213,-0.763169,0,1
15.080000,107.965651,0.028224,10.066729,118.060603,1.628558,0.196263,2.957483,296.535029,0.003872,0.001972,-0.000001,101325.000081,1.191772,-0.721629,0,1
15.090000,107.965703,0.027524,9.063242,117.056469,1.628558,0.196263,2.959446,296.537067,0.003819,0.001945,-0.000001,101325.000065,1.184866,-0.656757,0,1
15.100000,107.965757,0.026840,7.829024,115.821622,1.628559,0.196263,2.961408,296.539104,0.003767,0.001918,-0.000001,101325.000051,1.178705,-0.573555,0,1
15.110000,107.965813,0.026174,6.436867,114.428853,1.628559,0.196263,2.963371,296.541141,0.003716,0.001892,-0.000001,101325.000040,1.173448,-0.476805,0,1
15.120000,107.965870,0.025523,4.948054,112.939447,1.628560,0.196263,2.965333,296.543178,0.003665,0.001866,-0.000001,101325.000031,1.169208,-0.370641,0,1
15.130000,107.965928,0.024888,3.411782,111.402598,1.628560,0.196263,2.967296,296.545215,0.003615,0.001841,-0.000001,101325.000025,1.166061,-0.258468,0,1
15.140000,107.965988,0.024268,1.866479,109.856736,1.628561,0.196263,2.969259,296.547252,0.003565,0.001815,-0.000001,101325.000022,1.164054,-0.143025,0,1
15.150000,107.966050,0.023662,0.341004,108.330716,1.628561,0.196263,2.971221,296.549289,0.003517,0.001791,-0.000001,101325.000012,1.163208,-0.026434,0,1
15.160000,107.966112,0.023070,1.143378,109.132561,1.628562,0.196263,2.973184,296.551326,0.003469,0.001766,-0.000001,101324.999998,1.163526,0.089677,0,1
15.170000,107.966176,0.022492,2.571144,110.559813,1.628563,0.196263,2.975147,296.553362,0.003421,0.001742,-0.000001,101324.999986,1.164997,0.204059,0,1
15.180000,107.966241,0.021928,3.930902,111.919071,1.628563,0.196263,2.977109,296.555399,0.003374,0.001718,-0.000001,101324.999974,1.167597,0.315735,0,1
15.190000,107.966307,0.021378,5.214470,113.202155,1.628564,0.196263,2.979072,296.557436,0.003328,0.001695,-0.000001,101324.999963,1.171298,0.423941,0,1
15.200000,107.966373,0.020841,6.415689,114.402903,1.628565,0.196263,2.981034,296.559472,0.003283,0.001671,-0.000001,101324.999953,1.176060,0.528040,0,1
15.210000,107.966441,0.020317,7.529943,115.516700,1.628566,0.196263,2.982997,296.561509,0.003238,0.001649,-0.000001,101324.999945,1.181841,0.627495,0,1
15.220000,107.966509,0.019806,8.553752,116.540066,1.628567,0.196263,2.984960,296.563545,0.003193,0.001626,-0.000001,101324.999937,1.188590,0.721836,0,1
15.230000,107.966577,0.019307,9.484517,117.470401,1.628568,0.196263,2.986922,296.565582,0.003150,0.001604,-0.000001,101324.999930,1.196255,0.810642,0,1
15.240000,107.966647,0.018820,10.320376,118.305843,1.628569,0.196263,2.988885,296.567618,0.003106,0.001582,-0.000001,101324.999925,1.204779,0.893539,0,1
15.250000,107.966716,0.018345,11.060149,119.045210,1.628570,0.196263,2.990848,296.569654,0.003064,0.001560,-0.000001,101324.999920,1.214103,0.970188,0,1
15.260000,107.966785,0.017882,11.703265,119.687933,1.628571,0.196263,2.992810,296.571691,0.003022,0.001539,-0.000001,101324.999917,1.224160,1.040290,0,1
15.270000,107.966855,0.017431,12.249892,120.234178,1.628572,0.196263,2.994773,296.573727,0.002980,0.001518,-0.000001,101324.999914,1.234884,1.103594,0,1
15.280000,107.966924,0.016990,12.700939,120.684854,1.628574,0.196263,2.996735,296.575763,0.002940,0.001497,-0.000001,101324.999913,1.246206,1.159903,0,1
15.290000,107.966994,0.016561,13.058115,121.041669,1.628575,0.196263,2.998698,296.577799,0.002899,0.001476,-0.000001,101324.999913,1.258056,1.209085,0,1
15.300000,107.967062,0.016142,13.323978,121.307182,1.628576,0.196263,3.000661,296.579835,0.002860,0.001456,-0.000001,101324.999914,1.270362,1.251078,0,1
15.310000,107.967130,0.015733,13.501970,121.484833,1.628578,0.196263,3.002623,296.581871,0.002821,0.001436,-0.000001,101324.999916,1.283052,1.285902,0,1
15.320000,107.967198,0.015334,13.596410,121.578943,1.628579,0.196263,3.004586,296.583907,0.002782,0.001417,-0.000001,101324.999919,1.296054,1.313663,0,1
15.330000,107.967265,0.014946,13.612470,121.594680,1.628581,0.196263,3.006549,296.585942,0.002744,0.001397,-0.000001,101324.999923,1.309300,1.334556,0,1
15.340000,107.967330,0.014567,13.556089,121.537986,1.628583,0.196263,3.008511,296.587978,0.002706,0.001378,-0.000001,101324.999927,1.322722,1.348865,0,1
15.350000,107.967394,0.014198,13.433865,121.415458,1.628584,0.196263,3.010474,296.590014,0.002669,0.001359,-0.000001,101324.999932,1.336255,1.356956,0,1
15.360000,107.967406,0.013839,13.252899,121.234144,1.628585,0.196263,3.012436,296.592049,0.002633,0.001341,-0.000001,101324.999937,1.349841,1.359272,0,1
15.370000,107.967400,0.013488,13.020620,121.001508,1.628586,0.196263,3.014399,296.594085,0.002596,0.001322,-0.000001,101324.999942,1.363423,1.356315,0,1
15.380000,107.967393,0.013147,12.744588,120.725127,1.628586,0.196263,3.016362,296.596120,0.002561,0.001304,-0.000001,101324.999948,1.376951,1.348634,0,1
15.390000,107.967384,0.012814,12.432304,120.412501,1.628586,0.196263,3.018324,296.598156,0.002526,0.001286,-0.000001,101324.999954,1.390381,1.336807,0,1
15.400000,107.967372,0.012489,12.091020,120.070882,1.628587,0.196263,3.020287,296.600191,0.002491,0.001268,-0.000001,101324.999960,1.403675,1.321423,0,1
15.410000,107.967359,0.012173,11.727575,119.707107,1.628587,0.196263,3.022250,296.602227,0.002457,0.001251,-0.000001,101324.999967,1.416801,1.303064,0,1
15.420000,107.967344,0.011865,11.348257,119.327466,1.628587,0.196263,3.024212,296.604262,0.002423,0.001234,-0.000001,101324.999974,1.429730,1.282289,0,1
15.430000,107.967327,0.011565,10.958701,118.937593,1.628588,0.196263,3.026175,296.606297,0.002390,0.001217,-0.000001,101324.999981,1.442441,1.259621,0,1
15.440000,107.967308,0.011272,10.563818,118.542399,1.628588,0.196263,3.028137,296.608332,0.002357,0.001200,-0.000001,101324.999987,1.454919,1.235534,0,1
15.450000,107.967288,0.010987,10.167765,118.146039,1.628589,0.196263,3.030100,296.610367,0.002325,0.001184,-0.000001,101324.999994,1.467151,1.210448,0,1
15.460000,107.967265,0.010709,9.773940,117.751914,1.628589,0.196263,3.032063,296.612402,0.002293,0.001168,-0.000001,101325.000000,1.479128,1.184720,0,1
15.470000,107.967240,0.010439,9.385018,117.362697,1.628589,0.196263,3.034025,296.614437,0.002261,0.001152,-0.000001,101325.000005,1.490846,1.158644,0,1
15.480000,107.967213,0.010175,9.002998,116.980386,1.628589,0.196263,3.035988,296.616472,0.002230,0.001136,-0.000001,101325.000010,1.502303,1.132453,0,1
15.490000,107.967185,0.009918,8.629317,116.606420,1.628590,0.196263,3.037951,296.618507,0.002200,0.001120,-0.000001,101325.000015,1.513498,1.106323,0,1
15.500000,107.967154,0.009668,8.264797,116.241619,1.628590,0.196263,3.039913,296.620542,0.002170,0.001105,-0.000001,101325.000018,1.524432,1.080366,0,1
15.510000,107.967122,0.009424,7.909885,115.886431,1.628590,0.196263,3.041876,296.622577,0.002140,0.001090,-0.000001,101325.000021,1.535108,1.054651,0,1
15.520000,107.967088,0.009186,7.564688,115.540962,1.628591,0.196263,3.043838,296.624611,0.002111,0.001075,-0.000001,101325.000022,1.545528,1.029209,0,1
15.530000,107.967051,0.008955,7.229062,115.205068,1.628591,0.196263,3.045801,296.626646,0.002082,0.001060,-0.000001,101325.000022,1.555695,1.004036,0,1
15.540000,107.967013,0.008730,6.902691,114.878434,1.628591,0.196263,3.047764,296.628681,0.002053,0.001046,-0.000001,101325.000025,1.565612,0.979105,0,1
15.550000,107.966974,0.008511,6.585160,114.560644,1.628591,0.196263,3.049726,296.630715,0.002025,0.001031,-0.000001,101325.000031,1.575280,0.954371,0,1
15.560000,107.966932,0.008298,6.276012,114.251241,1.628591,0.196263,3.051689,296.632750,0.001997,0.001017,-0.000001,101325.000037,1.584702,0.929779,0,1
15.570000,107.966889,0.008090,5.974795,113.949774,1.628592,0.196263,3.053652,296.634784,0.001970,0.001003,-0.000001,101325.000043,1.593878,0.905272,0,1
15.580000,107.966844,0.007888,5.681100,113.655831,1.628592,0.196263,3.055614,296.636818,0.001943,0.000989,-0.000001,101325.000049,1.602809,0.880791,0,1
15.590000,107.966797,0.007691,5.394582,113.369070,1.628592,0.196263,3.057577,296.638853,0.001916,0.000976,-0.000001,101325.000055,1.611495,0.856283,0,1
15.600000,107.966748,0.007499,5.114976,113.089224,1.628592,0.196263,3.059539,296.640887,0.001890,0.000962,-0.000001,101325.000060,1.619936,0.831703,0,1
15.610000,107.966698,0.007312,4.842101,112.816112,1.628592,0.196263,3.061502,296.642921,0.001864,0.000949,-0.000001,101325.000064,1.628131,0.807017,0,1
15.620000,107.966647,0.007131,4.575862,112.549640,1.628592,0.196263,3.063465,296.644955,0.001838,0.000936,-0.000001,101325.000069,1.636078,0.782199,0,1
15.630000,107.966593,0.006954,4.316242,112.289790,1.628592,0.196263,3.065427,296.646989,0.001813,0.000923,-0.000001,101325.000072,1.643776,0.757235,0,1
15.640000,107.966539,0.006782,4.063294,112.036614,1.628592,0.196263,3.067390,296.649023,0.001788,0.000911,-0.000001,101325.000076,1.651224,0.732125,0,1
15.650000,107.966482,0.006614,3.817128,111.790224,1.628592,0.196263,3.069353,296.651057,0.001764,0.000898,-0.000001,101325.000078,1.658420,0.706875,0,1
15.660000,107.966425,0.006451,3.577897,111.550773,1.628592,0.196263,3.071315,296.653091,0.001740,0.000886,-0.000001,101325.000080,1.665363,0.681504,0,1
15.670000,107.966366,0.006292,3.345788,111.318446,1.628592,0.196263,3.073278,296.655125,0.001716,0.000874,-0.000001,101325.000082,1.672051,0.656037,0,1
15.680000,107.966305,0.006138,3.121003,111.093446,1.628592,0.196263,3.075240,296.657158,0.001692,0.000862,-0.000001,101325.000082,1.678485,0.630506,0,1
15.690000,107.966244,0.005987,2.903748,110.875979,1.628592,0.196263,3.077203,296.659192,0.001669,0.000850,-0.000001,101325.000082,1.684663,0.604947,0,1
15.700000,107.966181,0.005841,2.694201,110.666223,1.628592,0.196263,3.079166,296.661226,0.001646,0.000838,-0.000001,101325.000080,1.690586,0.579398,0,1
15.710000,107.966117,0.005698,2.492573,110.464388,1.628591,0.196263,3.081128,296.663259,0.001624,0.000827,-0.000001,101325.000078,1.696254,0.553905,0,1
15.720000,107.966052,0.005560,2.299025,110.270636,1.628591,0.196263,3.083091,296.665293,0.001602,0.000816,-0.000001,101325.000075,1.701667,0.528511,0,1
15.730000,107.965986,0.005425,2.113688,110.085099,1.628591,0.196263,3.085054,296.667326,0.001580,0.000804,-0.000001,101325.000071,1.706827,0.503259,0,1
15.740000,107.965919,0.005293,1.936660,109.907872,1.628591,0.196263,3.087016,296.669360,0.001558,0.000793,-0.000001,101325.000070,1.711736,0.478188,0,1
15.750000,107.965851,0.005165,1.768001,109.739017,1.628590,0.196263,3.088979,296.671393,0.001537,0.000783,-0.000001,101325.000070,1.716394,0.453333,0,1
15.760000,107.965782,0.005041,1.607730,109.578553,1.628590,0.196263,3.090942,296.673426,0.001516,0.000772,-0.000001,101325.000069,1.720806,0.428728,0,1
15.770000,107.965712,0.004920,1.455833,109.426465,1.628590,0.196263,3.092904,296.675459,0.001495,0.000761,-0.000001,101325.000068,1.724973,0.404398,0,1
15.780000,107.965642,0.004802,1.312258,109.282702,1.628589,0.196263,3.094867,296.677493,0.001474,0.000751,-0.000001,101325.000067,1.728898,0.380365,0,1
15.790000,107.965571,0.004687,1.176920,109.147178,1.628589,0.196263,3.096829,296.679526,0.001454,0.000741,-0.000001,101325.000065,1.732584,0.356642,0,1
15.800000,107.965500,0.004575,1.049706,109.019781,1.628589,0.196263,3.098792,296.681559,0.001434,0.000730,-0.000001,101325.000063,1.736034,0.333240,0,1
15.810000,107.965428,0.004466,0.930481,108.900376,1.628588,0.196263,3.100755,296.683592,0.001415,0.000720,-0.000001,101325.000062,1.739252,0.310160,0,1
15.820000,107.965356,0.004360,0.819089,108.788806,1.628587,0.196263,3.102717,296.685625,0.001395,0.000711,-0.000001,101325.000060,1.742241,0.287400,0,1
15.830000,107.965284,0.004257,0.715363,108.684904,1.628587,0.196263,3.104680,296.687657,0.001376,0.000701,-0.000001,101325.000057,1.745004,0.264949,0,1
15.840000,107.965212,0.004157,0.619125,108.588494,1.628586,0.196263,3.106643,296.689690,0.001357,0.000691,-0.000001,101325.000055,1.747544,0.242794,0,1
15.850000,107.965139,0.004059,0.530198,108.499397,1.628586,0.196263,3.108605,296.691723,0.001339,0.000682,-0.000001,101325.000053,1.749864,0.220916,0,1
15.860000,107.965067,0.003964,0.448406,108.417437,1.628585,0.196263,3.110568,296.693756,0.001320,0.000672,-0.000001,101325.000050,1.751966,0.199292,0,1
15.870000,107.964995,0.003871,0.373579,108.342445,1.628584,0.196263,3.112530,296.695788,0.001302,0.000663,-0.000001,101325.000048,1.753853,0.177895,0,1
15.880000,107.964923,0.003781,0.305559,108.274263,1.628583,0.196263,3.114493,296.697821,0.001284,0.000654,-0.000001,101325.000045,1.755527,0.156697,0,1
15.890000,107.964851,0.003694,0.244202,108.212747,1.628583,0.196263,3.116456,296.699853,0.001267,0.000645,-0.000001,101325.000042,1.756990,0.135668,0,1
15.900000,107.964780,0.003608,0.189380,108.157768,1.628582,0.196263,3.118418,296.701886,0.001250,0.000636,-0.000001,101325.000040,1.758244,0.114776,0,1
15.910000,107.964709,0.003525,0.140985,108.109219,1.628581,0.196263,3.120381,296.703918,0.001232,0.000628,-0.000001,101325.000037,1.759289,0.093990,0,1
15.920000,107.964640,0.003444,0.098928,108.067011,1.628580,0.196263,3.122344,296.705951,0.001216,0.000619,-0.000001,101325.000035,1.760126,0.073280,0,1
15.930000,107.964571,0.003365,0.063139,108.031075,1.628579,0.196263,3.124306,296.707983,0.001199,0.000611,-0.000001,101325.000032,1.760757,0.052616,0,1
15.940000,107.964503,0.003289,0.033570,108.001361,1.628578,0.196263,3.126269,296.710015,0.001183,0.000602,-0.000001,101325.000029,1.761181,0.031971,0,1
15.950000,107.964436,0.003214,0.010191,107.977841,1.628577,0.196263,3.128231,296.712047,0.001166,0.000594,-0.000001,101325.000025,1.761399,0.011323,0,1
15.960000,107.964370,0.003142,0.007012,107.974524,1.628576,0.196263,3.130194,296.714079,0.001150,0.000586,-0.000001,101325.000022,1.761410,-0.009350,0,1
15.970000,107.964306,0.003071,0.018038,107.985415,1.628575,0.196263,3.132157,296.716112,0.001135,0.000578,-0.000001,101325.000019,1.761215,-0.030063,0,1
15.980000,107.964243,0.003003,0.022872,107.990118,1.628573,0.196263,3.134119,296.718144,0.001119,0.000570,-0.000001,101325.000016,1.760812,-0.050827,0,1
15.990000,107.964182,0.002936,0.021495,107.988612,1.628572,0.196263,3.136082,296.720175,0.001104,0.000562,-0.000001,101325.000012,1.760201,-0.071650,0,1
16.000000,107.964170,0.002871,0.013880,107.980921,1.628572,0.196263,3.138045,296.722207,0.001089,0.000554,-0.000001,101325.000009,1.759381,-0.092531,0,1
16.010000,107.964166,0.002807,0.000000,107.966973,1.628572,0.196263,3.140007,296.724239,0.001074,0.000547,-0.000001,101325.000007,1.758352,-0.113466,0,1
16.020000,107.964163,0.002746,0.000000,107.966909,1.628572,0.196263,3.141970,296.726271,0.001059,0.000539,-0.000001,101325.000004,1.757100,-0.136777,0,1
16.030000,107.964162,0.002686,0.000000,107.966848,1.628572,0.196263,3.143932,296.728302,0.001045,0.000532,-0.000001,101325.000001,1.755603,-0.162160,0,1
16.040000,107.964163,0.002627,0.000000,107.966790,1.628572,0.196263,3.145895,296.730334,0.001030,0.000525,-0.000001,101324.999999,1.753844,-0.189300,0,1
16.050000,107.964165,0.002571,0.000000,107.966736,1.628572,0.196263,3.147858,296.732365,0.001016,0.000518,-0.000001,101324.999997,1.751807,-0.217862,0,1
16.060000,107.964170,0.002515,0.000000,107.966685,1.628572,0.196263,3.149820,296.734397,0.001002,0.000510,-0.000001,101324.999995,1.749481,-0.247513,0,1
16.070000,107.964176,0.002462,0.000000,107.966638,1.628572,0.196263,3.151783,296.736428,0.000989,0.000503,-0.000001,101324.999993,1.746856,-0.277937,0,1
16.080000,107.964184,0.002409,0.000000,107.966594,1.628572,0.196263,3.153746,296.738459,0.000975,0.000497,-0.000001,101324.999992,1.743924,-0.308784,0,1
16.090000,107.964195,0.002358,0.000000,107.966553,1.628572,0.196263,3.155708,296.740490,0.000962,0.000490,-0.000001,101324.999991,1.740684,-0.339755,0,1
16.100000,107.964206,0.002309,0.000000,107.966515,1.628572,0.196263,3.157671,296.742521,0.000949,0.000483,-0.000001,101324.999990,1.737134,-0.370559,0,1
16.110000,107.964220,0.002260,0.000000,107.966481,1.628572,0.196263,3.159633,296.744553,0.000936,0.000476,-0.000001,101324.999990,1.733277,-0.400934,0,1
16.120000,107.964236,0.002213,0.000000,107.966449,1.628572,0.196263,3.161596,296.746584,0.000923,0.000470,-0.000001,101324.999991,1.729121,-0.430662,0,1
16.130000,107.964253,0.002168,0.000000,107.966421,1.628572,0.196263,3.163559,296.748614,0.000910,0.000464,-0.000001,101324.999989,1.724669,-0.459528,0,1
16.140000,107.964273,0.002124,0.000000,107.966397,1.628572,0.196263,3.165521,296.750645,0.000898,0.000457,-0.000001,101324.999987,1.719934,-0.487367,0,1
16.150000,107.964294,0.002081,0.000000,107.966375,1.628572,0.196263,3.167484,296.752676,0.000886,0.000451,-0.000001,101324.999985,1.714926,-0.514038,0,1
16.160000,107.964317,0.002039,0.000000,107.966356,1.628572,0.196263,3.169447,296.754707,0.000874,0.000445,-0.000001,101324.999983,1.709657,-0.539432,0,1
16.170000,107.964342,0.001999,0.000000,107.966341,1.628572,0.196263,3.171409,296.756738,0.000862,0.000439,-0.000001,101324.999981,1.704141,-0.563465,0,1
16.180000,107.964369,0.001959,0.000000,107.966328,1.628572,0.196263,3.173372,296.758768,0.000850,0.000433,-0.000001,101324.999979,1.698392,-0.586075,0,1
16.190000,107.964398,0.001921,0.000000,107.966319,1.628572,0.196263,3.175334,296.760799,0.000839,0.000427,-0.000001,101324.999978,1.692424,-0.607223,0,1
16.200000,107.964429,0.001884,0.000000,107.966312,1.628572,0.196263,3.177297,296.762829,0.000827,0.000421,-0.000001,101324.999976,1.686252,-0.626887,0,1
16.210000,107.964461,0.001847,0.000000,107.966309,1.628572,0.196263,3.179260,296.764860,0.000816,0.000416,-0.000001,101324.999974,1.679891,-0.645064,0,1
16.220000,107.964496,0.001812,0.000000,107.966308,1.628572,0.196263,3.181222,296.766890,0.000805,0.000410,-0.000001,101324.999973,1.673356,-0.661760,0,1
16.230000,107.964532,0.001778,0.000000,107.966310,1.628573,0.196263,3.183185,296.768920,0.000795,0.000405,-0.000001,101324.999971,1.666661,-0.676997,0,1
16.240000,107.964570,0.001745,0.000000,107.966315,1.628573,0.196263,3.185148,296.770951,0.000784,0.000399,-0.000001,101324.999969,1.659821,-0.690802,0,1
16.250000,107.964611,0.001712,0.000000,107.966323,1.628573,0.196263,3.187110,296.772981,0.000773,0.000394,-0.000001,101324.999968,1.652850,-0.703211,0,1
16.260000,107.964653,0.001681,0.000000,107.966334,1.628573,0.196263,3.189073,296.775011,0.000763,0.000389,-0.000001,101324.999966,1.645762,-0.714260,0,1
16.270000,107.964697,0.001650,0.000000,107.966347,1.628573,0.196263,3.191035,296.777041,0.000753,0.000383,-0.000001,101324.999965,1.638570,-0.723987,0,1
16.280000,107.964743,0.001621,0.000000,107.966363,1.628573,0.196263,3.192998,296.779071,0.000743,0.000378,-0.000001,101324.999964,1.631287,-0.732435,0,1
16.290000,107.964790,0.001592,0.000000,107.966382,1.628573,0.196263,3.194961,296.781101,0.000733,0.000373,-0.000001,101324.999962,1.623927,-0.739639,0,1
16.300000,107.964840,0.001564,0.000000,107.966404,1.628574,0.196263,3.196923,296.783131,0.000723,0.000368,-0.000001,101324.999961,1.616500,-0.745631,0,1
16.310000,107.964892,0.001536,0.000000,107.966428,1.628574,0.196263,3.198886,296.785161,0.000713,0.000363,-0.000001,101324.999960,1.609020,-0.750449,0,1
16.320000,107.964945,0.001510,0.000000,107.966455,1.628574,0.196263,3.200849,296.787190,0.000704,0.000359,-0.000001,101324.999959,1.601497,-0.754113,0,1
16.330000,107.965001,0.001484,0.000000,107.966485,1.628574,0.196263,3.202811,296.789220,0.000695,0.000354,-0.000001,101324.999958,1.593942,-0.756647,0,1
16.340000,107.965058,0.001459,0.000000,107.966517,1.628574,0.196263,3.204774,296.791250,0.000686,0.000349,-0.000001,101324.999957,1.586368,-0.758077,0,1
16.350000,107.965118,0.001434,0.000000,107.966552,1.628574,0.196263,3.206736,296.793279,0.000676,0.000344,-0.000001,101324.999956,1.578785,-0.758412,0,1
16.360000,107.965179,0.001411,0.000000,107.966590,1.628575,0.196263,3.208699,296.795309,0.000668,0.000340,-0.000001,101324.999956,1.571204,-0.757665,0,1
16.370000,107.965242,0.001388,0.000000,107.966630,1.628575,0.196263,3.210662,296.797338,0.000659,0.000335,-0.000001,101324.999955,1.563636,-0.755855,0,1
16.380000,107.965307,0.001365,0.000000,107.966672,1.628575,0.196263,3.212624,296.799367,0.000650,0.000331,-0.000001,101324.999954,1.556091,-0.752984,0,1
16.390000,107.965374,0.001343,0.000000,107.966718,1.628575,0.196263,3.214587,296.801397,0.000642,0.000327,-0.000001,101324.999954,1.548580,-0.749062,0,1
16.400000,107.965444,0.001322,0.000000,107.966766,1.628575,0.196263,3.216550,296.803426,0.000633,0.000322,-0.000001,101324.999953,1.541113,-0.744100,0,1
16.410000,107.965515,0.001301,0.000000,107.966816,1.628576,0.196263,3.218512,296.805455,0.000625,0.000318,-0.000001,101324.999953,1.533701,-0.738102,0,1
16.420000,107.965588,0.001281,0.000000,107.966869,1.628576,0.196263,3.220475,296.807484,0.000617,0.000314,-0.000001,101324.999953,1.526354,-0.731080,0,1
16.430000,107.965663,0.001262,0.000000,107.966925,1.628576,0.196263,3.222437,296.809513,0.000609,0.000310,-0.000001,101324.999953,1.519082,-0.723042,0,1
16.440000,107.965740,0.001243,0.000000,107.966983,1.628576,0.196263,3.224400,296.811542,0.000601,0.000306,-0.000001,101324.999953,1.511896,-0.714001,0,1
16.450000,107.965819,0.001224,0.000000,107.967043,1.628577,0.196263,3.226363,296.813571,0.000593,0.000302,-0.000001,101324.999953,1.504805,-0.703970,0,1
16.460000,107.965900,0.001206,0.000000,107.967106,1.628577,0.196263,3.228325,296.815600,0.000585,0.000298,-0.000001,101324.999953,1.497819,-0.692965,0,1
16.470000,107.965983,0.001189,0.000000,107.967172,1.628577,0.196263,3.230288,296.817629,0.000577,0.000294,-0.000001,101324.999953,1.490948,-0.681005,0,1
16.480000,107.966068,0.001172,0.000000,107.967240,1.628577,0.196263,3.232251,296.819657,0.000570,0.000290,-0.000001,101324.999953,1.484202,-0.668110,0,1
16.490000,107.966155,0.001155,0.000000,107.967310,1.628578,0.196263,3.234213,296.821686,0.000562,0.000286,-0.000001,101324.999954,1.477589,-0.654306,0,1
16.500000,107.966244,0.001139,0.000000,107.967383,1.628578,0.196263,3.236176,296.823714,0.000555,0.000283,-0.000001,101324.999954,1.471119,-0.639619,0,1
16.510000,107.966335,0.001123,0.000000,107.967459,1.628578,0.196263,3.238139,296.825743,0.000548,0.000279,-0.000001,101324.999955,1.464799,-0.624077,0,1
16.520000,107.966429,0.001108,0.000000,107.967537,1.628578,0.196263,3.240101,296.827771,0.000541,0.000275,-0.000001,101324.999955,1.458640,-0.607714,0,1
16.530000,107.966524,0.001094,0.000000,107.967617,1.628579,0.196263,3.242064,296.829800,0.000534,0.000272,-0.000001,101324.999955,1.452647,-0.590565,0,1
16.540000,107.966621,0.001079,0.000000,107.967701,1.628579,0.196263,3.244026,296.831828,0.000527,0.000268,-0.000001,101324.999955,1.446831,-0.572664,0,1
16.550000,107.966721,0.001065,0.000000,107.967786,1.628579,0.196263,3.245989,296.833856,0.000520,0.000265,-0.000001,101324.999955,1.441197,-0.554051,0,1
16.560000,107.966823,0.001052,0.000000,107.967874,1.628579,0.196263,3.247952,296.835885,0.000514,0.000262,-0.000001,101324.999955,1.435752,-0.534768,0,1
16.570000,107.966926,0.001038,0.000000,107.967965,1.628580,0.196263,3.249914,296.837913,0.000507,0.000258,-0.000001,101324.999955,1.430503,-0.514852,0,1
16.580000,107.967032,0.001026,0.000000,107.968058,1.628580,0.196263,3.251877,296.839941,0.000501,0.000255,-0.000001,101324.999955,1.425457,-0.494347,0,1
16.590000,107.967141,0.001013,0.000000,107.968154,1.628580,0.196263,3.253840,296.841969,0.000494,0.000252,-0.000001,101324.999955,1.420618,-0.473297,0,1
16.600000,107.967251,0.001001,0.000000,107.968252,1.628581,0.196263,3.255802,296.843997,0.000488,0.000249,-0.000001,101324.999956,1.415993,-0.451742,0,1
16.610000,107.967364,0.000989,0.000000,107.968353,1.628581,0.196263,3.257765,296.846024,0.000482,0.000245,-0.000001,101324.999956,1.411585,-0.429726,0,1
16.620000,107.967478,0.000977,0.000000,107.968456,1.628581,0.196263,3.259727,296.848052,0.000476,0.000242,-0.000001,101324.999956,1.407400,-0.407291,0,1
16.630000,107.967593,0.000966,0.000000,107.968559,1.628581,0.196263,3.261690,296.850080,0.000470,0.000239,-0.000001,101324.999956,1.403441,-0.384478,0,1
16.640000,107.967626,0.000955,0.000000,107.968581,1.628582,0.196263,3.263653,296.852108,0.000464,0.000236,-0.000001,101324.999957,1.399712,-0.361329,0,1
16.650000,107.967657,0.000944,0.000000,107.968602,1.628582,0.196263,3.265615,296.854135,0.000458,0.000233,-0.000001,101324.999957,1.396216,-0.337883,0,1
16.660000,107.967687,0.000934,0.000000,107.968621,1.628582,0.196263,3.267578,296.856163,0.000452,0.000230,-0.000001,101324.999957,1.392955,-0.314179,0,1
16.670000,107.967715,0.000924,0.000000,107.968639,1.628582,0.196263,3.269541,296.858191,0.000447,0.000227,-0.000001,101324.999958,1.389933,-0.290256,0,1
16.680000,107.967740,0.000914,0.000000,107.968654,1.628583,0.196263,3.271503,296.860218,0.000441,0.000225,-0.000001,101324.999958,1.387151,-0.266148,0,1
16.690000,107.967764,0.000904,0.000000,107.968669,1.628583,0.196263,3.273466,296.862246,0.000436,0.000222,-0.000001,101324.999959,1.384611,-0.241893,0,1
16.700000,107.967786,0.000895,0.000000,107.968681,1.628583,0.196263,3.275428,296.864273,0.000430,0.000219,-0.000001,101324.999959,1.382314,-0.217522,0,1
16.710000,107.967806,0.000886,0.000000,107.968692,1.628583,0.196263,3.277391,296.866300,0.000425,0.000216,-0.000001,101324.999960,1.380261,-0.193068,0,1
16.720000,107.967824,0.000877,0.000000,107.968701,1.628584,0.196263,3.279354,296.868328,0.000419,0.000214,-0.000001,101324.999961,1.378452,-0.168562,0,1
16.730000,107.967840,0.000868,0.000000,107.968708,1.628584,0.196263,3.281316,296.870355,0.000414,0.000211,-0.000001,101324.999961,1.376889,-0.144033,0,1
16.740000,107.967853,0.000859,0.000000,107.968713,1.628584,0.196263,3.283279,296.872382,0.000409,0.000208,-0.000001,101324.999962,1.375572,-0.119509,0,1
16.750000,107.967865,0.000851,0.000000,107.968716,1.628584,0.196263,3.285242,296.874409,0.000404,0.000206,-0.000001,101324.999963,1.374499,-0.095017,0,1
16.760000,107.967874,0.000843,0.000000,107.968717,1.628585,0.196263,3.287204,296.876436,0.000399,0.000203,-0.000001,101324.999963,1.373671,-0.070580,0,1
16.770000,107.967881,0.000835,0.000000,107.968716,1.628585,0.196263,3.289167,296.878463,0.000393,0.000200,-0.000001,101324.999964,1.373087,-0.046223,0,1
16.780000,107.967886,0.000827,0.000000,107.968714,1.628585,0.196263,3.291129,296.880490,0.000388,0.000198,-0.000001,101324.999965,1.372746,-0.021969,0,1
16.790000,107.967889,0.000820,0.000000,107.968709,1.628585,0.196263,3.293092,296.882517,0.000383,0.000195,-0.000001,101324.999966,1.372648,0.002162,0,1
16.800000,107.967890,0.000812,0.000000,107.968702,1.628585,0.196263,3.295055,296.884544,0.000379,0.000193,-0.000001,101324.999967,1.372789,0.026148,0,1
16.810000,107.967888,0.000805,0.000000,107.968693,1.628586,0.196263,3.297017,296.886571,0.000374,0.000190,-0.000001,101324.999968,1.373170,0.049972,0,1
16.820000,107.967884,0.000798,0.000000,107.968682,1.628586,0.196263,3.298980,296.888597,0.000369,0.000188,-0.000001,101324.999969,1.373788,0.073614,0,1
16.830000,107.967877,0.000791,0.000000,107.968668,1.628586,0.196263,3.300943,296.890624,0.000364,0.000185,-0.000001,101324.999970,1.374641,0.097057,0,1
16.840000,107.967869,0.000784,0.000000,107.968653,1.628586,0.196263,3.302905,296.892651,0.000359,0.000183,-0.000001,101324.999971,1.375728,0.120285,0,1
16.850000,107.967858,0.000778,0.000000,107.968635,1.628586,0.196263,3.304868,296.894677,0.000355,0.000181,-0.000001,101324.999972,1.377046,0.143280,0,1
16.860000,107.967844,0.000771,0.000000,107.968615,1.628586,0.196263,3.306830,296.896703,0.000350,0.000178,-0.000001,101324.999973,1.378593,0.166028,0,1
16.870000,107.967828,0.000765,0.000000,107.968593,1.628586,0.196263,3.308793,296.898730,0.000345,0.000176,-0.000001,101324.999974,1.380366,0.188512,0,1
16.880000,107.967810,0.000758,0.000000,107.968569,1.628587,0.196263,3.310756,296.900756,0.000341,0.000174,-0.000001,101324.999975,1.382362,0.210719,0,1
16.890000,107.967790,0.000752,0.000000,107.968542,1.628587,0.196263,3.312718,296.902782,0.000336,0.000171,-0.000001,101324.999976,1.384579,0.232634,0,1
16.900000,107.967767,0.000746,0.000000,107.968513,1.628587,0.196263,3.314681,296.904809,0.000332,0.000169,-0.000001,101324.999978,1.387014,0.254241,0,1
16.910000,107.967741,0.000741,0.000000,107.968482,1.628587,0.196263,3.316644,296.906835,0.000327,0.000167,-0.000001,101324.999979,1.389663,0.275528,0,1
16.920000,107.967713,0.000735,0.000000,107.968449,1.628587,0.196263,3.318606,296.908861,0.000323,0.000165,-0.000001,101324.999979,1.392523,0.296478,0,1
16.930000,107.967683,0.000730,0.000000,107.968414,1.628587,0.196263,3.320569,296.910887,0.000319,0.000163,-0.000001,101324.999980,1.395591,0.317077,0,1
16.940000,107.967651,0.000725,0.000000,107.968376,1.628587,0.196263,3.322531,296.912913,0.000315,0.000161,-0.000001,101324.999981,1.398864,0.337312,0,1
16.950000,107.967616,0.000721,0.000000,107.968336,1.628587,0.196263,3.324494,296.914939,0.000312,0.000159,-0.000001,101324.999982,1.402336,0.357166,0,1
16.960000,107.967578,0.000716,0.000000,107.968294,1.628587,0.196263,3.326457,296.916965,0.000308,0.000157,-0.000001,101324.999983,1.406006,0.376624,0,1
16.970000,107.967538,0.000711,0.000000,107.968250,1.628587,0.196263,3.328419,296.918991,0.000304,0.000155,-0.000001,101324.999983,1.409867,0.395672,0,1
16.980000,107.967496,0.000707,0.000000,107.968203,1.628587,0.196263,3.330382,296.921016,0.000300,0.000153,-0.000001,101324.999984,1.413918,0.414292,0,1
16.990000,107.967452,0.000703,0.000000,107.968154,1.628587,0.196263,3.332345,296.923042,0.000297,0.000151,-0.000001,101324.999985,1.418152,0.432469,0,1
17.000000,107.967405,0.000698,0.000000,107.968103,1.628587,0.196263,3.334307,296.925068,0.000293,0.000149,-0.000001,101324.999986,1.422565,0.450184,1,1
17.010000,107.967355,0.000694,0.000000,107.968050,1.628587,0.196263,3.336270,296.927093,0.000289,0.000147,-0.000001,101324.999987,1.427154,0.467419,1,0
17.020000,107.967304,0.000690,0.000000,107.967994,1.628586,0.196263,3.338232,296.929119,0.000286,0.000146,-0.000001,101324.999987,1.431912,0.484158,1,0
17.030000,107.967250,0.000686,0.000000,107.967936,1.628586,0.196263,3.340195,296.931144,0.000282,0.000144,-0.000001,101324.999988,1.436835,0.500380,1,0
17.040000,107.967194,0.000682,0.000000,107.967876,1.628586,0.196263,3.342158,296.933170,0.000279,0.000142,-0.000001,101324.999989,1.441918,0.516066,1,0
17.050000,107.967135,0.000679,0.000000,107.967814,1.628586,0.196263,3.344120,296.935195,0.000276,0.000140,-0.000001,101324.999990,1.447154,0.531197,1,0
17.060000,107.967074,0.000675,0.000000,107.967749,1.628586,0.196263,3.346083,296.937220,0.000272,0.000139,-0.000001,101324.999990,1.452540,0.545751,1,0
17.070000,107.967011,0.000671,0.000000,107.967682,1.628585,0.196263,3.348046,296.939245,0.000269,0.000137,-0.000001,101324.999991,1.458067,0.559708,1,0
17.080000,107.966946,0.000668,0.000000,107.967614,1.628585,0.196263,3.350008,296.941270,0.000266,0.000135,-0.000001,101324.999992,1.463731,0.573047,1,0
17.090000,107.966878,0.000664,0.000000,107.967543,1.628585,0.196263,3.351971,296.943296,0.000262,0.000134,-0.000001,101324.999992,1.469526,0.585747,1,0
17.100000,107.966809,0.000661,0.000000,107.967470,1.628585,0.196263,3.353933,296.945321,0.000259,0.000132,-0.000001,101324.999993,1.475444,0.597786,1,0
17.110000,107.966737,0.000658,0.000000,107.967395,1.628584,0.196263,3.355896,296.947346,0.000256,0.000130,-0.000001,101324.999993,1.481479,0.609142,1,0
17.120000,107.966663,0.000655,0.000000,107.967318,1.628584,0.196263,3.357859,296.949371,0.000253,0.000129,-0.000001,101324.999994,1.487624,0.619795,1,0
17.130000,107.966588,0.000651,0.000000,107.967239,1.628583,0.196263,3.359821,296.951395,0.000250,0.000127,-0.000001,101324.999995,1.493873,0.629724,1,0
17.140000,107.966510,0.000648,0.000000,107.967158,1.628583,0.196263,3.361784,296.953420,0.000247,0.000126,-0.000001,101324.999995,1.500216,0.638906,1,0
17.150000,107.966430,0.000645,0.000000,107.967076,1.628583,0.196263,3.363747,296.955445,0.000243,0.000124,-0.000001,101324.999996,1.506648,0.647324,1,0
17.160000,107.966349,0.000643,0.000000,107.966991,1.628582,0.196263,3.365709,296.957470,0.000240,0.000122,-0.000001,101324.999996,1.513160,0.654956,1,0
17.170000,107.966265,0.000640,0.000000,107.966905,1.628582,0.196263,3.367672,296.959494,0.000237,0.000121,-0.000001,101324.999997,1.519745,0.661783,1,0
17.180000,107.966180,0.000637,0.000000,107.966817,1.628581,0.196263,3.369634,296.961519,0.000234,0.000119,-0.000001,101324.999997,1.526393,0.667790,1,0
17.190000,107.966093,0.000634,0.000000,107.966727,1.628580,0.196263,3.371597,296.963543,0.000231,0.000118,-0.000001,101324.999997,1.533098,0.672958,1,0
17.200000,107.966004,0.000631,0.000000,107.966636,1.628580,0.196263,3.373560,296.965568,0.000229,0.000116,-0.000001,101324.999998,1.539850,0.677273,1,0
17.210000,107.965914,0.000629,0.000000,107.966543,1.628579,0.196263,3.375522,296.967592,0.000226,0.000115,-0.000001,101324.999998,1.546641,0.680720,1,0
17.220000,107.965822,0.000626,0.000000,107.966448,1.628579,0.196263,3.377485,296.969616,0.000223,0.000113,-0.000001,101324.999998,1.553461,0.683288,1,0
17.230000,107.965729,0.000624,0.000000,107.966352,1.628578,0.196263,3.379448,296.971641,0.000220,0.000112,-0.000001,101324.999999,1.560303,0.684966,1,0
17.240000,107.965634,0.000621,0.000000,107.966255,1.628577,0.196263,3.381410,296.973665,0.000217,0.000111,-0.000001,101324.999999,1.567158,0.685744,1,0
17.250000,107.965538,0.000619,0.000000,107.966156,1.628576,0.196263,3.383373,296.975689,0.000214,0.000109,-0.000001,101324.999999,1.574015,0.685615,1,0
17.260000,107.965440,0.000616,0.000000,107.966056,1.628575,0.196263,3.385336,296.977713,0.000211,0.000108,-0.000001,101324.999999,1.580867,0.684573,1,0
17.270000,107.965353,0.000614,0.000000,107.965967,1.628575,0.196263,3.387298,296.979737,0.000209,0.000106,-0.000001,101325.000000,1.587704,0.682615,1,0
17.280000,107.965331,0.000612,0.000000,107.965943,1.628575,0.196263,3.389261,296.981761,0.000206,0.000105,-0.000001,101325.000000,1.594516,0.679739,1,0
17.290000,107.965310,0.000610,0.000000,107.965920,1.628575,0.196263,3.391223,296.983785,0.000203,0.000103,-0.000001,101325.000000,1.601296,0.675945,1,0
17.300000,107.965290,0.000607,0.000000,107.965897,1.628575,0.196263,3.393186,296.985809,0.000200,0.000102,-0.000001,101325.000000,1.608032,0.671236,1,0
17.310000,107.965270,0.000605,0.000000,107.965876,1.628575,0.196263,3.395149,296.987833,0.000198,0.000101,-0.000001,101325.000000,1.614717,0.665615,1,0
17.320000,107.965251,0.000604,0.000000,107.965855,1.628575,0.196263,3.397111,296.989856,0.000195,0.000100,-0.000001,101325.000001,1.621342,0.659091,1,0
17.330000,107.965233,0.000602,0.000000,107.965835,1.628575,0.196263,3.399074,296.991880,0.000193,0.000098,-0.000001,101325.000001,1.627897,0.651669,1,0
17.340000,107.965215,0.000600,0.000000,107.965815,1.628575,0.196263,3.401037,296.993904,0.000191,0.000097,-0.000001,101325.000001,1.634373,0.643362,1,0
17.350000,107.965198,0.000598,0.000000,107.965797,1.628575,0.196263,3.402999,296.995927,0.000188,0.000096,-0.000001,101325.000002,1.640762,0.634181,1,0
17.360000,107.965182,0.000596,0.000000,107.965779,1.628575,0.196263,3.404962,296.997951,0.000186,0.000095,-0.000001,101325.000002,1.647055,0.624140,1,0
17.370000,107.965167,0.000595,0.000000,107.965761,1.628575,0.196263,3.406924,296.999974,0.000184,0.000094,-0.000001,101325.000002,1.653244,0.613255,1,0
17.380000,107.965152,0.000593,0.000000,107.965745,1.628575,0.196263,3.408887,297.001997,0.000182,0.000092,-0.000001,101325.000003,1.659320,0.601543,1,0
17.390000,107.965138,0.000592,0.000000,107.965729,1.628575,0.196263,3.410850,297.004021,0.000179,0.000091,-0.000001,101325.000003,1.665274,0.589025,1,0
17.400000,107.965124,0.000590,0.000000,107.965714,1.628576,0.196263,3.412812,297.006044,0.000177,0.000090,-0.000001,101325.000003,1.671099,0.575720,1,0
17.410000,107.965112,0.000588,0.000000,107.965700,1.628576,0.196263,3.414775,297.008067,0.000175,0.000089,-0.000001,101325.000003,1.676788,0.561652,1,0
17.420000,107.965100,0.000587,0.000000,107.965687,1.628576,0.196263,3.416738,297.010090,0.000173,0.000088,-0.000001,101325.000004,1.682332,0.546844,1,0
17.430000,107.965089,0.000586,0.000000,107.965674,1.628576,0.196263,3.418700,297.012113,0.000171,0.000087,-0.000001,101325.000004,1.687724,0.531325,1,0
17.440000,107.965078,0.000584,0.000000,107.965662,1.628576,0.196263,3.420663,297.014136,0.000169,0.000086,-0.000001,101325.000004,1.692957,0.515115,1,0
17.450000,107.965069,0.000583,0.000000,107.965651,1.628576,0.196263,3.422625,297.016159,0.000167,0.000085,-0.000001,101325.000004,1.698025,0.498245,1,0
17.460000,107.965060,0.000581,0.000000,107.965641,1.628576,0.196263,3.424588,297.018182,0.000164,0.000084,-0.000001,101325.000004,1.702922,0.480745,1,0
17.470000,107.965052,0.000580,0.000000,107.965632,1.628576,0.196263,3.426551,297.020205,0.000162,0.000083,-0.000001,101325.000005,1.707639,0.462645,1,0
17.480000,107.965045,0.000579,0.000000,107.965623,1.628576,0.196263,3.428513,297.022227,0.000160,0.000082,-0.000001,101325.000005,1.712174,0.443971,1,0
17.490000,107.965038,0.000578,0.000000,107.965616,1.628576,0.196263,3.430476,297.024250,0.000158,0.000081,-0.000001,101325.000005,1.716518,0.424755,1,0
17.500000,107.965032,0.000576,0.000000,107.965609,1.628576,0.196263,3.432439,297.026273,0.000157,0.000080,-0.000001,101325.000005,1.720668,0.405031,1,0
17.510000,107.965028,0.000575,0.000000,107.965603,1.628577,0.196263,3.434401,297.028295,0.000155,0.000079,-0.000001,101325.000005,1.724618,0.384833,1,0
17.520000,107.965024,0.001460,0.000000,107.966484,1.628577,0.196263,3.436364,297.030318,0.000162,0.000087,-0.000001,101325.000005,1.728364,0.364185,1,0
17.530000,107.965021,0.004986,0.000000,107.970006,1.628577,0.196263,3.438326,297.032340,0.000178,0.000104,-0.000001,101325.000004,1.731901,0.343124,1,0
17.540000,107.965018,0.010938,0.000000,107.975956,1.628577,0.196263,3.440289,297.034363,0.000202,0.000130,-0.000001,101325.000004,1.735226,0.321684,1,0
17.550000,107.965017,0.019030,0.000000,107.984047,1.628577,0.196263,3.442252,297.036385,0.000236,0.000164,-0.000001,101325.000004,1.738334,0.299899,1,0
17.560000,107.965016,0.028994,0.000000,107.994010,1.628577,0.196263,3.444214,297.038407,0.000279,0.000208,-0.000001,101325.000004,1.741223,0.277797,1,0
17.570000,107.965017,0.040561,0.000000,108.005577,1.628577,0.196263,3.446177,297.040429,0.000329,0.000260,-0.000001,101325.000003,1.743889,0.255413,1,0
17.580000,107.965018,0.053194,0.000000,108.018212,1.628577,0.196263,3.448140,297.042452,0.000389,0.000320,-0.000001,101325.000003,1.746331,0.232779,1,0
17.590000,107.965020,0.071769,0.000000,108.036790,1.628577,0.196263,3.450102,297.044474,0.000456,0.000388,-0.000001,101325.000003,1.748544,0.209927,1,0
17.600000,107.965024,0.088778,0.000000,108.053802,1.628578,0.196263,3.452065,297.046496,0.000532,0.000465,-0.000001,101325.000003,1.750528,0.186889,1,0
17.610000,107.965028,0.096583,0.000000,108.061610,1.628578,0.196263,3.454027,297.048518,0.000616,0.000550,-0.000001,101325.000003,1.752281,0.163696,1,0
17.620000,107.965033,0.117437,0.000000,108.082470,1.628578,0.196263,3.455990,297.050540,0.000708,0.000643,-0.000001,101325.000002,1.753802,0.140379,1,0
17.630000,107.965039,0.127059,0.000000,108.092098,1.628578,0.196263,3.457953,297.052561,0.000808,0.000744,-0.000001,101325.000002,1.755088,0.116967,1,0
17.640000,107.965047,0.142821,0.000000,108.107868,1.628578,0.196263,3.459915,297.054583,0.000916,0.000852,-0.000001,101325.000002,1.756141,0.093492,1,0
17.650000,107.965055,0.164250,0.000000,108.129305,1.628578,0.196263,3.461878,297.056605,0.001031,0.000968,-0.000001,101325.000002,1.756958,0.069983,1,0
17.660000,107.965064,0.173350,0.000000,108.138415,1.628578,0.196263,3.463841,297.058627,0.001154,0.001092,-0.000001,101325.000002,1.757540,0.046468,1,0
17.670000,107.965075,0.218334,0.000000,108.183409,1.628578,0.196263,3.465803,297.060648,0.001284,0.001223,-0.000001,101325.000002,1.757887,0.022975,1,0
17.680000,107.965086,0.222428,0.000000,108.187515,1.628578,0.196263,3.467766,297.062670,0.001422,0.001362,-0.000001,101325.000002,1.758000,-0.000467,1,0
17.690000,107.965099,0.220684,0.000000,108.185784,1.628578,0.196263,3.469728,297.064691,0.001567,0.001508,-0.000001,101325.000002,1.757878,-0.023832,1,0
17.700000,107.965113,0.233933,0.000000,108.199046,1.628578,0.196263,3.471691,297.066713,0.001719,0.001661,-0.000001,101325.000001,1.757523,-0.047093,1,0
17.710000,107.965128,0.246647,0.000000,108.211775,1.628579,0.196263,3.473654,297.068734,0.001878,0.001821,-0.000001,101325.000001,1.756936,-0.070224,1,0
17.720000,107.965145,0.260571,0.000000,108.225716,1.628579,0.196263,3.475616,297.070755,0.002044,0.001987,-0.000001,101325.000001,1.756119,-0.093199,1,0
17.730000,107.965162,0.300718,0.000000,108.265880,1.628579,0.196263,3.477579,297.072777,0.002217,0.002161,-0.000001,101325.000001,1.755073,-0.115993,1,0
17.740000,107.965181,0.304359,0.000000,108.269540,1.628579,0.196263,3.479542,297.074798,0.002397,0.002342,-0.000001,101325.000001,1.753800,-0.138584,1,0
17.750000,107.965201,0.300697,0.000000,108.265898,1.628579,0.196263,3.481504,297.076819,0.002584,0.002529,-0.000001,101325.000001,1.752302,-0.160946,1,0
17.760000,107.965223,0.313394,0.000000,108.278616,1.628579,0.196263,3.483467,297.078840,0.002777,0.002723,-0.000001,101325.000001,1.750582,-0.183057,1,0
17.770000,107.965246,0.326300,0.000000,108.291545,1.628579,0.196263,3.485429,297.080861,0.002976,0.002923,-0.000001,101325.000001,1.748642,-0.204894,1,0
17.780000,107.965270,0.348320,0.000000,108.313590,1.628579,0.196263,3.487392,297.082882,0.003182,0.003130,-0.000001,101325.000001,1.746485,-0.226435,1,0
17.790000,107.965296,0.383382,0.000000,108.348678,1.628579,0.196263,3.489355,297.084903,0.003395,0.003343,-0.000001,101325.000001,1.744114,-0.247658,1,0
17.800000,107.965323,0.361795,0.000000,108.327118,1.628579,0.196263,3.491317,297.086924,0.003613,0.003563,-0.000001,101325.000001,1.741533,-0.268542,1,0
17.810000,107.965352,0.421981,0.000000,108.387333,1.628579,0.196263,3.493280,297.088944,0.003838,0.003788,-0.000001,101325.000001,1.738745,-0.289067,1,0
17.820000,107.965382,0.381699,0.000000,108.347081,1.628579,0.196263,3.495243,297.090965,0.004069,0.004020,-0.000001,101325.000001,1.735753,-0.309211,1,0
17.830000,107.965414,0.422944,0.000000,108.388358,1.628579,0.196263,3.497205,297.092986,0.004306,0.004257,-0.000001,101325.000001,1.732562,-0.328955,1,0
17.840000,107.965448,0.426230,0.000000,108.391678,1.628579,0.196263,3.499168,297.095006,0.004549,0.004500,-0.000001,101325.000001,1.729175,-0.348278,1,0
17.850000,107.965483,0.452607,0.000000,108.418090,1.628579,0.196263,3.501130,297.097027,0.004797,0.004750,-0.000001,101325.000001,1.725598,-0.367161,1,0
17.860000,107.965520,0.480824,0.000000,108.446344,1.628579,0.196263,3.503093,297.099047,0.005051,0.005005,-0.000001,101325.000000,1.721834,-0.385584,1,0
17.870000,107.965559,0.482585,0.000000,108.448144,1.628579,0.196263,3.505056,297.101068,0.005311,0.005265,-0.000001,101325.000000,1.717888,-0.403528,1,0
17.880000,107.965599,0.468251,0.000000,108.433850,1.628579,0.196263,3.507018,297.103088,0.005577,0.005532,-0.000001,101325.000000,1.713765,-0.420973,1,0
17.890000,107.965642,0.463790,0.000000,108.429432,1.628579,0.196263,3.508981,297.105108,0.005848,0.005803,-0.000001,101325.000000,1.709470,-0.437902,1,0
17.900000,107.965686,0.480423,0.000000,108.446109,1.628579,0.196263,3.510944,297.107129,0.006125,0.006080,-0.000001,101325.000000,1.705009,-0.454295,1,0
17.910000,107.965721,0.520220,0.000000,108.485942,1.628579,0.196263,3.512906,297.109149,0.006407,0.006363,-0.000001,101325.000000,1.700386,-0.470133,1,0
17.920000,107.965729,0.495228,0.000000,108.460957,1.628579,0.196263,3.514869,297.111169,0.006694,0.006651,-0.000001,101325.000000,1.695608,-0.485399,1,0
17.930000,107.965736,0.505326,0.000000,108.471061,1.628579,0.196263,3.516831,297.113189,0.006986,0.006944,-0.000001,101325.000000,1.690680,-0.500074,1,0
17.940000,107.965742,0.554372,0.000000,108.520114,1.628579,0.196263,3.518794,297.115209,0.007284,0.007242,-0.000001,101325.000000,1.685608,-0.514141,1,0
17.950000,107.965748,0.532465,0.000000,108.498213,1.628579,0.196263,3.520757,297.117229,0.007586,0.007545,-0.000001,101325.000000,1.680399,-0.527581,1,0
17.960000,107.965754,0.599876,0.000000,108.565629,1.628579,0.196263,3.522719,297.119249,0.007894,0.007853,-0.000001,101325.000000,1.675059,-0.540379,1,0
17.970000,107.965759,0.559858,0.000000,108.525618,1.628579,0.196263,3.524682,297.121268,0.008206,0.008166,-0.000001,101325.000000,1.669594,-0.552517,1,0
17.980000,107.965764,0.621692,0.000000,108.587456,1.628580,0.196263,3.526645,297.123288,0.008524,0.008484,-0.000001,101325.000000,1.664011,-0.563980,1,0
17.990000,107.965768,0.563137,0.000000,108.528906,1.628580,0.196263,3.528607,297.125308,0.008846,0.008807,-0.000001,101325.000000,1.658317,-0.574750,1,0
18.000000,107.965772,0.625033,0.000000,108.590805,1.628580,0.196263,3.530570,297.127327,0.009173,0.009135,-0.000001,101325.000000,1.652518,-0.584814,1,0
18.010000,107.965776,0.627325,0.000000,108.593100,1.628580,0.196263,3.532533,297.129347,0.009505,0.009467,-0.000001,101325.000000,1.646623,-0.594157,1,0
18.020000,107.965778,0.595117,0.000000,108.560895,1.628580,0.196263,3.534495,297.131367,0.009841,0.009804,-0.000001,101325.000000,1.640638,-0.602764,1,0
18.030000,107.965781,0.619984,0.000000,108.585765,1.628580,0.196263,3.536458,297.133386,0.010182,0.010145,-0.000001,101325.000000,1.634570,-0.610622,1,0
18.040000,107.965783,0.629542,0.000000,108.595325,1.628580,0.196263,3.538420,297.135405,0.010527,0.010491,-0.000001,101325.000000,1.628428,-0.617720,1,0
18.050000,107.965784,0.667768,0.000000,108.633552,1.628581,0.196263,3.540383,297.137425,0.010877,0.010841,-0.000001,101325.000000,1.622218,-0.624046,1,0
18.060000,107.965785,0.636338,0.000000,108.602124,1.628581,0.196263,3.542346,297.139444,0.011231,0.011195,-0.000001,101325.000000,1.615949,-0.629588,1,0
18.070000,107.965786,0.640696,0.000000,108.606482,1.628581,0.196263,3.544308,297.141463,0.011589,0.011554,-0.000001,101325.000000,1.609629,-0.634338,1,0
18.080000,107.965786,0.690312,0.000000,108.656098,1.628581,0.196263,3.546271,297.143482,0.011952,0.011917,-0.000001,101325.000000,1.603265,-0.638286,1,0
18.090000,107.965786,0.730652,0.000000,108.696438,1.628581,0.196263,3.548234,297.145501,0.012318,0.012284,-0.000001,101325.000000,1.596866,-0.641426,1,0
18.100000,107.965785,0.694847,0.000000,108.660631,1.628581,0.196263,3.550196,297.147520,0.012689,0.012656,-0.000001,101325.000000,1.590439,-0.643750,1,0
18.110000,107.965783,0.736833,0.000000,108.702616,1.628581,0.196263,3.552159,297.149539,0.013064,0.013031,-0.000001,101325.000000,1.583993,-0.645254,1,0
18.120000,107.965781,0.757353,0.000000,108.723134,1.628581,0.196263,3.554121,297.151558,0.013443,0.013411,-0.000001,101325.000000,1.577537,-0.645933,1,0
18.130000,107.965779,0.688085,0.000000,108.653864,1.628581,0.196263,3.556084,297.153577,0.013826,0.013794,-0.000001,101325.000000,1.571077,-0.645784,1,0
18.140000,107.965776,0.757392,0.000000,108.723168,1.628581,0.196263,3.558047,297.155596,0.014213,0.014181,-0.000001,101325.000000,1.564624,-0.644807,1,0
18.150000,107.965773,0.742083,0.000000,108.707857,1.628581,0.196263,3.560009,297.157614,0.014604,0.014572,-0.000001,101325.000000,1.558184,-0.643000,1,0
18.160000,107.965770,0.711102,0.000000,108.676872,1.628581,0.196263,3.561972,297.159633,0.014998,0.014967,-0.000001,101325.000000,1.551766,-0.640364,1,0
18.170000,107.965765,0.733933,0.000000,108.699698,1.628581,0.196263,3.563935,297.161652,0.015396,0.015366,-0.000001,101325.000000,1.545379,-0.636903,1,0
18.180000,107.965761,0.721137,0.000000,108.686898,1.628581,0.196263,3.565897,297.163670,0.015798,0.015768,-0.000001,101325.000000,1.539031,-0.632620,1,0
18.190000,107.965756,0.775397,0.000000,108.741153,1.628582,0.196263,3.567860,297.165689,0.016204,0.016174,-0.000001,101325.000000,1.532730,-0.627519,1,0
18.200000,107.965751,0.764557,0.000000,108.730308,1.628582,0.196263,3.569822,297.167707,0.016613,0.016584,-0.000001,101325.000000,1.526483,-0.621607,1,0
18.210000,107.965745,0.772166,0.000000,108.737911,1.628581,0.196263,3.571785,297.169725,0.017025,0.016997,-0.000001,101325.000000,1.520300,-0.614892,1,0
18.220000,107.965739,0.802465,0.000000,108.768204,1.628581,0.196263,3.573748,297.171744,0.017442,0.017413,-0.000001,101325.000000,1.514188,-0.607382,1,0
18.230000,107.965733,0.772719,0.000000,108.738452,1.628581,0.196263,3.575710,297.173762,0.017861,0.017833,-0.000001,101325.000000,1.508155,-0.599089,1,0
18.240000,107.965726,0.827175,0.000000,108.792902,1.628581,0.196263,3.577673,297.175780,0.018284,0.018257,-0.000001,101325.000000,1.502209,-0.590023,1,0
18.250000,107.965720,0.760207,0.000000,108.725926,1.628581,0.196263,3.579636,297.177798,0.018711,0.018683,-0.000001,101325.000000,1.496357,-0.580198,1,0
18.260000,107.965713,0.874879,0.000000,108.840592,1.628581,0.196263,3.581598,297.179816,0.019140,0.019113,-0.000001,101325.000000,1.490607,-0.569628,1,0
18.270000,107.965705,0.841687,0.000000,108.807392,1.628581,0.196263,3.583561,297.181834,0.019573,0.019547,-0.000001,101325.000000,1.484967,-0.558328,1,0
18.280000,107.965698,0.795371,0.000000,108.761069,1.628581,0.196263,3.585523,297.183852,0.020009,0.019983,-0.000001,101325.000000,1.479443,-0.546314,1,0
18.290000,107.965690,0.823277,0.000000,108.788966,1.628581,0.196263,3.587486,297.185870,0.020449,0.020423,-0.000001,101325.000000,1.474043,-0.533605,1,0
18.300000,107.965682,0.829304,0.000000,108.794986,1.628581,0.196263,3.589449,297.187888,0.020891,0.020866,-0.000001,101325.000000,1.468773,-0.520219,1,0
18.310000,107.965674,0.820961,0.000000,108.786635,1.628581,0.196263,3.591411,297.189906,0.021336,0.021311,-0.000001,101325.000000,1.463641,-0.506176,1,0
18.320000,107.965666,0.805432,0.000000,108.771098,1.628580,0.196263,3.593374,297.191923,0.021785,0.021760,-0.000001,101325.000000,1.458652,-0.491497,1,0
18.330000,107.965658,0.813279,0.000000,108.778937,1.628580,0.196263,3.595337,297.193941,0.022237,0.022212,-0.000001,101325.000000,1.453813,-0.476204,1,0
18.340000,107.965650,0.907542,0.000000,108.873192,1.628580,0.196263,3.597299,297.195958,0.022691,0.022667,-0.000001,101325.000000,1.449130,-0.460320,1,0
18.350000,107.965642,0.833339,0.000000,108.798981,1.628580,0.196263,3.599262,297.197976,0.023148,0.023125,-0.000001,101325.000000,1.444608,-0.443868,1,0
18.360000,107.965634,0.834485,0.000000,108.800119,1.628580,0.196263,3.601224,297.199993,0.023609,0.023585,-0.000001,101325.000000,1.440254,-0.426872,1,0
18.370000,107.965627,0.866026,0.000000,108.831653,1.628579,0.196263,3.603187,297.202011,0.024072,0.024049,-0.000001,101325.000000,1.436073,-0.409358,1,0
18.380000,107.965619,0.935891,0.000000,108.901510,1.628579,0.196263,3.605150,297.204028,0.024538,0.024515,-0.000001,101325.000000,1.432069,-0.391352,1,0
18.390000,107.965612,0.879803,0.000000,108.845415,1.628579,0.196263,3.607112,297.206045,0.025007,0.024984,-0.000001,101325.000000,1.428247,-0.372880,1,0
18.400000,107.965605,0.894942,0.000000,108.860547,1.628578,0.196263,3.609075,297.208062,0.025478,0.025456,-0.000001,101325.000000,1.424613,-0.353969,1,0
18.410000,107.965598,0.927095,0.000000,108.892694,1.628578,0.196263,3.611038,297.210080,0.025952,0.025930,-0.000001,101325.000000,1.421169,-0.334646,1,0
18.420000,107.965592,0.919854,0.000000,108.885446,1.628578,0.196263,3.613000,297.212097,0.026429,0.026407,-0.000001,101325.000000,1.417921,-0.314940,1,0
18.430000,107.965586,0.905249,0.000000,108.870835,1.628577,0.196263,3.614963,297.214114,0.026908,0.026887,-0.000001,101325.000000,1.414872,-0.294877,1,0
18.440000,107.965580,0.986624,0.000000,108.952204,1.628577,0.196263,3.616925,297.216131,0.027390,0.027369,-0.000001,101325.000000,1.412025,-0.274487,1,0
18.450000,107.965576,0.959688,0.000000,108.925264,1.628577,0.196263,3.618888,297.218148,0.027875,0.027854,-0.000001,101325.000000,1.409383,-0.253798,1,0
18.460000,107.965571,0.898819,0.000000,108.864391,1.628576,0.196263,3.620851,297.220164,0.028361,0.028341,-0.000001,101325.000000,1.406950,-0.232839,1,0
18.470000,107.965568,0.996507,0.000000,108.962074,1.628576,0.196263,3.622813,297.222181,0.028851,0.028831,-0.000001,101325.000000,1.404727,-0.211638,1,0
18.480000,107.965565,0.993132,0.000000,108.958697,1.628575,0.196263,3.624776,297.224198,0.029343,0.029323,-0.000001,101325.000000,1.402718,-0.190224,1,0
18.490000,107.965563,0.912283,0.000000,108.877846,1.628575,0.196263,3.626739,297.226214,0.029837,0.029818,-0.000001,101325.000000,1.400923,-0.168626,1,0
18.500000,107.965562,0.950489,0.000000,108.916051,1.628574,0.196263,3.628701,297.228231,0.030334,0.030314,-0.000001,101325.000000,1.399346,-0.146873,1,0
18.510000,107.965562,0.964231,0.000000,108.929793,1.628573,0.196263,3.630664,297.230248,0.030833,0.030814,-0.000001,101325.000000,1.397987,-0.124992,1,0
18.520000,107.965563,0.927036,0.000000,108.892599,1.628573,0.196263,3.632626,297.232264,0.031334,0.031315,-0.000001,101325.000000,1.396847,-0.103013,1,0
18.530000,107.965565,0.951411,0.000000,108.916975,1.628572,0.196263,3.634589,297.234280,0.031838,0.031819,-0.000001,101325.000000,1.395927,-0.080961,1,0
18.540000,107.965568,1.003302,0.000000,108.968870,1.628572,0.196263,3.636552,297.236297,0.032343,0.032325,-0.000001,101325.000000,1.395228,-0.058867,1,0
18.550000,107.965575,0.934456,0.000000,108.900031,1.628571,0.196263,3.638514,297.238313,0.032851,0.032833,-0.000001,101325.000000,1.394750,-0.036756,1,0
18.560000,107.965587,1.065064,0.000000,109.030651,1.628571,0.196263,3.640477,297.240329,0.033362,0.033344,-0.000001,101325.000000,1.394493,-0.014656,1,0
18.570000,107.965599,1.013366,0.000000,108.978966,1.628571,0.196263,3.642440,297.242346,0.033874,0.033857,-0.000001,101325.000000,1.394457,0.007408,1,0
18.580000,107.965611,0.967033,0.000000,108.932644,1.628571,0.196263,3.644402,297.244362,0.034388,0.034371,-0.000001,101325.000000,1.394641,0.029408,1,0
18.590000,107.965623,0.943852,0.000000,108.909475,1.628572,0.196263,3.646365,297.246378,0.034905,0.034888,-0.000001,101325.000000,1.395045,0.051319,1,0
18.600000,107.965635,0.983144,0.000000,108.948779,1.628572,0.196263,3.648327,297.248394,0.035424,0.035407,-0.000001,101325.000000,1.395667,0.073115,1,0
18.610000,107.965646,0.951889,0.000000,108.917536,1.628572,0.196263,3.650290,297.250410,0.035944,0.035928,-0.000001,101325.000000,1.396507,0.094773,1,0
18.620000,107.965657,0.997143,0.000000,108.962801,1.628572,0.196263,3.652253,297.252426,0.036467,0.036451,-0.000001,101325.000000,1.397562,0.116267,1,0
18.630000,107.965669,1.032964,0.000000,108.998633,1.628572,0.196263,3.654215,297.254441,0.036992,0.036976,-0.000001,101325.000000,1.398831,0.137573,1,0
18.640000,107.965680,1.049292,0.000000,109.014971,1.628572,0.196263,3.656178,297.256457,0.037518,0.037502,-0.000001,101325.000000,1.400313,0.158668,1,0
18.650000,107.965690,0.968226,0.000000,108.933916,1.628573,0.196263,3.658141,297.258473,0.038047,0.038031,-0.000001,101325.000000,1.402004,0.179529,1,0
18.660000,107.965701,0.971887,0.000000,108.937588,1.628573,0.196263,3.660103,297.260488,0.038577,0.038562,-0.000001,101325.000000,1.403903,0.200133,1,0
18.670000,107.965711,1.038430,0.000000,109.004141,1.628573,0.196263,3.662066,297.262504,0.039110,0.039094,-0.000001,101325.000000,1.406006,0.220457,1,0
18.680000,107.965721,0.981684,0.000000,108.947405,1.628573,0.196263,3.664029,297.264520,0.039644,0.039629,-0.000001,101325.000000,1.408311,0.240480,1,0
18.690000,107.965730,0.986000,0.000000,108.951730,1.628573,0.196263,3.665991,297.266535,0.040180,0.040165,-0.000001,101325.000000,1.410814,0.260181,1,0
18.700000,107.965739,1.076964,0.000000,109.042703,1.628574,0.196263,3.667954,297.268550,0.040717,0.040703,-0.000001,101325.000000,1.413513,0.279538,1,0
18.710000,107.965748,1.006270,0.000000,108.972018,1.628574,0.196263,3.669916,297.270566,0.041257,0.041243,-0.000001,101325.000000,1.416404,0.298530,1,0
18.720000,107.965756,1.007633,0.000000,108.973389,1.628574,0.196263,3.671879,297.272581,0.041798,0.041784,-0.000001,101325.000000,1.419482,0.317137,1,0
18.730000,107.965763,1.078738,0.000000,109.044501,1.628574,0.196263,3.673842,297.274596,0.042341,0.042327,-0.000001,101325.000000,1.422745,0.335338,1,0
18.740000,107.965770,1.001795,0.000000,108.967566,1.628574,0.196263,3.675804,297.276611,0.042886,0.042872,-0.000001,101325.000000,1.426188,0.353115,1,0
18.750000,107.965777,1.127581,0.000000,109.093358,1.628575,0.196263,3.677767,297.278626,0.043432,0.043419,-0.000001,101325.000000,1.429806,0.370447,1,0
18.760000,107.965783,1.120786,0.000000,109.086569,1.628575,0.196263,3.679730,297.280641,0.043980,0.043967,-0.000001,101325.000000,1.433595,0.387316,1,0
18.770000,107.965789,1.071847,0.000000,109.037636,1.628575,0.196263,3.681692,297.282656,0.044530,0.044517,-0.000001,101325.000000,1.437551,0.403701,1,0
18.780000,107.965793,1.037031,0.000000,109.002825,1.628575,0.196263,3.683655,297.284671,0.045081,0.045068,-0.000001,101325.000000,1.441668,0.419585,1,0
18.790000,107.965798,1.052537,0.000000,109.018335,1.628576,0.196263,3.685617,297.286686,0.045634,0.045621,-0.000001,101325.000000,1.445941,0.434950,1,0
18.800000,107.965801,1.043514,0.000000,109.009315,1.628576,0.196263,3.687580,297.288701,0.046189,0.046176,-0.000001,101325.000000,1.450365,0.449777,1,0
18.810000,107.965804,1.073605,0.000000,109.039409,1.628576,0.196263,3.689543,297.290716,0.046745,0.046732,-0.000001,101325.000000,1.454934,0.464048,1,0
18.820000,107.965806,1.149971,0.000000,109.115777,1.628576,0.196263,3.691505,297.292730,0.047302,0.047290,-0.000001,101325.000000,1.459644,0.477747,1,0
18.830000,107.965808,1.048925,0.000000,109.014733,1.628577,0.196263,3.693468,297.294745,0.047861,0.047849,-0.000001,101325.000000,1.464487,0.490856,1,0
18.840000,107.965809,1.067393,0.000000,109.033201,1.628577,0.196263,3.695431,297.296760,0.048422,0.048410,-0.000001,101325.000000,1.469459,0.503359,1,0
18.850000,107.965809,1.092889,0.000000,109.058697,1.628577,0.196263,3.697393,297.298774,0.048984,0.048972,-0.000001,101325.000000,1.474552,0.515240,1,0
18.860000,107.965808,1.066734,0.000000,109.032542,1.628577,0.196263,3.699356,297.300789,0.049547,0.049535,-0.000001,101325.000000,1.479761,0.526483,1,0
18.870000,107.965806,1.046702,0.000000,109.012508,1.628578,0.196263,3.701318,297.302803,0.050112,0.050100,-0.000001,101325.000000,1.485080,0.537073,1,0
18.880000,107.965804,1.076621,0.000000,109.042424,1.628578,0.196263,3.703281,297.304817,0.050678,0.050667,-0.000001,101325.000000,1.490501,0.546995,1,0
18.890000,107.965801,1.069812,0.000000,109.035612,1.628578,0.196263,3.705244,297.306832,0.051246,0.051234,-0.000001,101325.000000,1.496018,0.556236,1,0
18.900000,107.965796,1.133269,0.000000,109.099065,1.628579,0.196263,3.707206,297.308846,0.051815,0.051803,-0.000001,101325.000000,1.501623,0.564781,1,0
18.910000,107.965791,1.149141,0.000000,109.114933,1.628579,0.196263,3.709169,297.310860,0.052385,0.052374,-0.000001,101325.000000,1.507311,0.572620,1,0
18.920000,107.965786,1.057899,0.000000,109.023685,1.628579,0.196263,3.711132,297.312874,0.052956,0.052946,-0.000001,101325.000000,1.513073,0.579739,1,0
18.930000,107.965779,1.089813,0.000000,109.055592,1.628579,0.196263,3.713094,297.314888,0.053529,0.053519,-0.000001,101325.000000,1.518903,0.586127,1,0
18.940000,107.965771,1.099016,0.000000,109.064787,1.628580,0.196263,3.715057,297.316902,0.054104,0.054093,-0.000001,101325.000000,1.524794,0.591775,1,0
18.950000,107.965762,1.237069,0.000000,109.202832,1.628580,0.196263,3.717019,297.318916,0.054679,0.054669,-0.000001,101325.000000,1.530737,0.596673,1,0
18.960000,107.965753,1.121268,0.000000,109.087020,1.628580,0.196263,3.718982,297.320930,0.055256,0.055246,-0.000001,101325.000000,1.536725,0.600813,1,0
18.970000,107.965742,1.113096,0.000000,109.078838,1.628581,0.196263,3.720945,297.322943,0.055834,0.055824,-0.000001,101325.000000,1.542750,0.604186,1,0
18.980000,107.965730,1.092932,0.000000,109.058663,1.628581,0.196263,3.722907,297.324957,0.056413,0.056403,-0.000001,101325.000000,1.548806,0.606788,1,0
18.990000,107.965718,1.157995,0.000000,109.123713,1.628581,0.196263,3.724870,297.326971,0.056993,0.056984,-0.000001,101325.000000,1.554884,0.608613,1,0
19.000000,107.965704,1.193369,0.000000,109.159073,1.628581,0.196263,3.726833,297.328984,0.057575,0.057565,-0.000001,101325.000000,1.560976,0.609656,1,0
19.010000,107.965690,1.121557,0.000000,109.087246,1.628582,0.196263,3.728795,297.330998,0.058158,0.058148,-0.000001,101325.000000,1.567074,0.609916,1,0
19.020000,107.965674,1.574602,0.000000,109.540277,1.628582,0.196263,3.730758,297.333011,0.058732,0.058723,0.000579,101325.000000,1.573172,0.609389,1,0
19.030000,107.965658,2.076716,0.000000,110.042374,1.628582,0.196263,3.732720,297.335025,0.059299,0.059290,0.001399,101325.000000,1.579260,0.608075,1,0
19.040000,107.965640,2.914693,0.000000,110.880333,1.628583,0.196263,3.734683,297.337038,0.059858,0.059849,0.002318,101325.000000,1.585331,0.605976,1,0
19.050000,107.965621,2.046742,0.000000,110.012363,1.628583,0.196263,3.736646,297.339052,0.060410,0.060401,0.003281,101325.000000,1.591377,0.603093,1,0
19.060000,107.965602,1.171458,0.000000,109.137059,1.628583,0.196263,3.738608,297.341065,0.060953,0.060945,0.004264,101325.000000,1.597390,0.599430,1,0
19.070000,107.965581,1.279857,0.000000,109.245437,1.628583,0.196263,3.740571,297.343078,0.061490,0.061481,0.005255,101325.000000,1.603363,0.594990,1,0
19.080000,107.965559,1.457601,0.000000,109.423160,1.628584,0.196263,3.742534,297.345091,0.062019,0.062010,0.006251,101325.000000,1.609287,0.589781,1,0
19.090000,107.965536,1.499336,0.000000,109.464873,1.628584,0.196263,3.744496,297.347104,0.062540,0.062532,0.007249,101325.000000,1.615156,0.583808,1,0
19.100000,107.965512,1.501304,0.000000,109.466817,1.628584,0.196263,3.746459,297.349117,0.063055,0.063046,0.008248,101325.000000,1.620961,0.577081,1,0
19.110000,107.965488,1.533082,0.000000,109.498569,1.628584,0.196263,3.748421,297.351130,0.063562,0.063554,0.009248,101325.000000,1.626695,0.569608,1,0
19.120000,107.965462,1.547685,0.000000,109.513147,1.628585,0.196263,3.750384,297.353143,0.064063,0.064055,0.010247,101325.000000,1.632351,0.561402,1,0
19.130000,107.965435,1.500041,0.000000,109.465475,1.628585,0.196263,3.752347,297.355156,0.064556,0.064548,0.011247,101325.000000,1.637921,0.552473,1,0
19.140000,107.965407,1.442666,0.000000,109.408073,1.628585,0.196263,3.754309,297.357169,0.065043,0.065035,0.012247,101325.000000,1.643398,0.542836,1,0
19.150000,107.965378,1.456945,0.000000,109.422323,1.628585,0.196263,3.756272,297.359181,0.065523,0.065515,0.013247,101325.000000,1.648775,0.532503,1,0
19.160000,107.965348,1.482562,0.000000,109.447910,1.628585,0.196263,3.758235,297.361194,0.065997,0.065989,0.014247,101325.000000,1.654046,0.521492,1,0
19.170000,107.965317,1.451982,0.000000,109.417298,1.628586,0.196263,3.760197,297.363206,0.066464,0.066456,0.015247,101325.000000,1.659203,0.509819,1,0
19.180000,107.965285,1.421534,0.000000,109.386819,1.628586,0.196263,3.762160,297.365219,0.066924,0.066917,0.016247,101325.000000,1.664240,0.497501,1,0
19.190000,107.965259,1.407010,0.000000,109.372269,1.628586,0.196263,3.764122,297.367231,0.067378,0.067371,0.017247,101325.000000,1.669151,0.484557,1,0
19.200000,107.965238,1.431179,0.000000,109.396417,1.628586,0.196263,3.766085,297.369244,0.067826,0.067819,0.018247,101325.000000,1.673929,0.471006,1,0
19.210000,107.965216,1.408211,0.000000,109.373428,1.628586,0.196263,3.768048,297.371256,0.068268,0.068261,0.019247,101325.000000,1.678569,0.456869,1,0
19.220000,107.965194,1.392891,0.000000,109.358086,1.628587,0.196263,3.770010,297.373268,0.068704,0.068697,0.020247,101325.000000,1.683064,0.442168,1,0
19.230000,107.965173,1.373558,0.000000,109.338731,1.628587,0.196263,3.771973,297.375281,0.069134,0.069127,0.021247,101325.000000,1.687410,0.426923,1,0
19.240000,107.965150,1.306712,0.000000,109.271863,1.628587,0.196263,3.773936,297.377293,0.069558,0.069551,0.022247,101325.000000,1.691601,0.411158,1,0
19.250000,107.965128,1.311660,0.000000,109.276788,1.628587,0.196263,3.775898,297.379305,0.069976,0.069969,0.023247,101325.000000,1.695632,0.394897,1,0
19.260000,107.965106,1.344289,0.000000,109.309395,1.628587,0.196263,3.777861,297.381317,0.070388,0.070381,0.024247,101325.000000,1.699497,0.378163,1,0
19.270000,107.965083,1.319253,0.000000,109.284336,1.628587,0.196263,3.779823,297.383329,0.070794,0.070788,0.025247,101325.000000,1.703193,0.360981,1,0
19.280000,107.965061,1.278868,0.000000,109.243929,1.628588,0.196263,3.781786,297.385341,0.071195,0.071189,0.026247,101325.000000,1.706715,0.343375,1,0
19.290000,107.965038,1.284324,0.000000,109.249362,1.628588,0.196263,3.783749,297.387353,0.071591,0.071584,0.027247,101325.000000,1.710059,0.325371,1,0
19.300000,107.965015,1.295273,0.000000,109.260288,1.628588,0.196263,3.785711,297.389365,0.071981,0.071975,0.028247,101325.000000,1.713221,0.306995,1,0
19.310000,107.964993,1.230574,0.000000,109.195567,1.628588,0.196263,3.787674,297.391376,0.072366,0.072359,0.029247,101325.000000,1.716198,0.288273,1,0
19.320000,107.964970,1.232146,0.000000,109.197116,1.628588,0.196263,3.789637,297.393388,0.072745,0.072739,0.030247,101325.000000,1.718985,0.269231,1,0
19.330000,107.964948,1.289964,0.000000,109.254912,1.628588,0.196263,3.791599,297.395400,0.073119,0.073113,0.031247,101325.000000,1.721581,0.249895,1,0
19.340000,107.964926,1.259081,0.000000,109.224007,1.628588,0.196263,3.793562,297.397411,0.073488,0.073482,0.032247,101325.000000,1.723982,0.230293,1,0
19.350000,107.964904,1.234815,0.000000,109.199719,1.628588,0.196263,3.795524,297.399423,0.073852,0.073846,0.033247,101325.000000,1.726186,0.210449,1,0
19.360000,107.964882,1.186686,0.000000,109.151569,1.628588,0.196263,3.797487,297.401434,0.074211,0.074205,0.034247,101325.000000,1.728190,0.190392,1,0
19.370000,107.964861,1.195233,0.000000,109.160094,1.628588,0.196263,3.799450,297.403446,0.074565,0.074560,0.035247,101325.000000,1.729993,0.170147,1,0
19.380000,107.964840,1.215508,0.000000,109.180348,1.628588,0.196263,3.801412,297.405457,0.074914,0.074909,0.036247,101325.000000,1.731593,0.149741,1,0
19.390000,107.964819,1.152671,0.000000,109.117490,1.628588,0.196263,3.803375,297.407468,0.075259,0.075253,0.037247,101325.000000,1.732987,0.129201,1,0
19.400000,107.964800,1.151280,0.000000,109.116079,1.628588,0.196263,3.805338,297.409480,0.075598,0.075593,0.038247,101325.000000,1.734176,0.108552,1,0
19.410000,107.964780,1.208005,0.000000,109.172786,1.628588,0.196263,3.807300,297.411491,0.075933,0.075928,0.039247,101325.000000,1.735158,0.087821,1,0
19.420000,107.964761,1.153234,0.000000,109.117995,1.628588,0.196263,3.809263,297.413502,0.076264,0.076258,0.040247,101325.000000,1.735932,0.067033,1,0
19.430000,107.964743,1.152221,0.000000,109.116965,1.628588,0.196263,3.811226,297.415513,0.076590,0.076584,0.041247,101325.000000,1.736498,0.046214,1,0
19.440000,107.964726,1.174847,0.000000,109.139573,1.628588,0.196263,3.813188,297.417524,0.076911,0.076906,0.042247,101325.000000,1.736856,0.025389,1,0
19.450000,107.964710,1.127093,0.000000,109.091803,1.628588,0.196263,3.815151,297.419535,0.077228,0.077223,0.043247,101325.000000,1.737006,0.004583,1,0
19.460000,107.964694,1.175787,0.000000,109.140482,1.628588,0.196263,3.817113,297.421546,0.077540,0.077535,0.044247,101325.000000,1.736948,-0.016179,1,0
19.470000,107.964680,1.140980,0.000000,109.105660,1.628588,0.196263,3.819076,297.423557,0.077849,0.077844,0.045247,101325.000000,1.736683,-0.036874,1,0
19.480000,107.964666,1.076158,0.000000,109.040825,1.628587,0.196263,3.821039,297.425567,0.078153,0.078148,0.046247,101325.000000,1.736211,-0.057477,1,0
19.490000,107.964654,1.126402,0.000000,109.091056,1.628587,0.196263,3.823001,297.427578,0.078453,0.078448,0.047247,101325.000000,1.735533,-0.077965,1,0
19.500000,107.964642,1.104782,0.000000,109.069425,1.628587,0.196263,3.824964,297.429589,0.078748,0.078743,0.048247,101325.000000,1.734652,-0.098314,1,0
19.510000,107.964633,1.069737,0.000000,109.034369,1.628587,0.196263,3.826927,297.431599,0.079040,0.079035,0.049247,101325.000000,1.733567,-0.118502,1,0
19.520000,107.964624,0.716618,0.000000,108.681242,1.628586,0.196263,3.828889,297.433610,0.079328,0.079323,0.049683,101325.000000,1.732282,-0.138506,1,0
19.530000,107.964617,0.578181,0.000000,108.542798,1.628586,0.196263,3.830852,297.435620,0.079611,0.079607,0.049866,101325.000000,1.730798,-0.158304,1,0
19.540000,107.964611,0.510381,0.000000,108.474992,1.628586,0.196263,3.832814,297.437631,0.079891,0.079886,0.049942,101325.000000,1.729117,-0.177874,1,0
19.550000,107.964607,0.482488,0.000000,108.447095,1.628586,0.196263,3.834777,297.439641,0.080167,0.080162,0.049975,101325.000000,1.727241,-0.197195,1,0
19.560000,107.964605,0.468825,0.000000,108.433430,1.628585,0.196263,3.836740,297.441651,0.080439,0.080435,0.049989,101325.000000,1.725174,-0.216245,1,0
19.570000,107.964605,0.459337,0.000000,108.423942,1.628585,0.196263,3.838702,297.443661,0.080707,0.080703,0.049995,101325.000000,1.722917,-0.235004,1,0
19.580000,107.964606,0.451259,0.000000,108.415865,1.628584,0.196263,3.840665,297.445672,0.080972,0.080968,0.049998,101325.000000,1.720475,-0.253452,1,0
19.590000,107.964610,0.443966,0.000000,108.408575,1.628584,0.196263,3.842628,297.447682,0.081233,0.081229,0.049999,101325.000000,1.717849,-0.271567,1,0
19.600000,107.964615,0.436983,0.000000,108.401598,1.628583,0.196263,3.844590,297.449692,0.081491,0.081487,0.049999,101325.000000,1.715045,-0.289331,1,0
19.610000,107.964623,0.430264,0.000000,108.394887,1.628583,0.196263,3.846553,297.451702,0.081743,0.081739,0.049999,101325.000000,1.712064,-0.306723,1,0
19.620000,107.964633,0.423730,0.000000,108.388363,1.628582,0.196263,3.848515,297.453712,0.081988,0.081984,0.049999,101325.000000,1.708912,-0.323724,1,0
19.630000,107.964645,0.417216,0.000000,108.381862,1.628582,0.196263,3.850478,297.455722,0.082234,0.082230,0.049999,101325.000000,1.705591,-0.340315,1,0
19.640000,107.964660,0.410998,0.000000,108.375658,1.628581,0.196263,3.852441,297.457731,0.082466,0.082462,0.049999,101325.000000,1.702107,-0.356478,1,0
19.650000,107.964678,0.404802,0.000000,108.369479,1.628581,0.196263,3.854403,297.459741,0.082699,0.082695,0.049999,101325.000000,1.698463,-0.372195,1,0
19.660000,107.964698,0.398625,0.000000,108.363324,1.628580,0.196263,3.856366,297.461751,0.082931,0.082927,0.049999,101325.000000,1.694664,-0.387446,1,0
19.670000,107.964721,0.392470,0.000000,108.357191,1.628579,0.196263,3.858329,297.463760,0.083164,0.083160,0.049999,101325.000000,1.690716,-0.402214,1,0
19.680000,107.964748,0.386550,0.000000,108.351297,1.628579,0.196263,3.860291,297.465770,0.083384,0.083381,0.049999,101325.000000,1.686622,-0.416482,1,0
19.690000,107.964777,0.380656,0.000000,108.345433,1.628578,0.196263,3.862254,297.467780,0.083605,0.083601,0.049999,101325.000000,1.682388,-0.430232,1,0
19.700000,107.964809,0.374783,0.000000,108.339592,1.628577,0.196263,3.864216,297.469789,0.083825,0.083821,0.049999,101325.000000,1.678019,-0.443449,1,0
19.710000,107.964845,0.368931,0.000000,108.333777,1.628576,0.196263,3.866179,297.471798,0.084045,0.084041,0.049999,101325.000000,1.673521,-0.456115,1,0
19.720000,107.964885,0.363287,0.000000,108.328172,1.628575,0.196263,3.868142,297.473808,0.084254,0.084251,0.049999,101325.000000,1.668898,-0.468214,1,0
19.730000,107.964927,0.357674,0.000000,108.322601,1.628575,0.196263,3.870104,297.475817,0.084463,0.084459,0.049999,101325.000000,1.664158,-0.479732,1,0
19.740000,107.964974,0.352082,0.000000,108.317056,1.628574,0.196263,3.872067,297.477826,0.084671,0.084668,0.049999,101325.000000,1.659306,-0.490653,1,0
19.750000,107.965025,0.346512,0.000000,108.311536,1.628573,0.196263,3.874030,297.479835,0.084880,0.084877,0.049999,101325.000000,1.654347,-0.500962,1,0
19.760000,107.965079,0.341021,0.000000,108.306101,1.628572,0.196263,3.875992,297.481845,0.085084,0.085080,0.049999,101325.000000,1.649289,-0.510646,1,0
19.770000,107.965138,0.335582,0.000000,108.300720,1.628571,0.196263,3.877955,297.483854,0.085285,0.085282,0.049999,101325.000000,1.644136,-0.519691,1,0
19.780000,107.965201,0.330191,0.000000,108.295392,1.628570,0.196263,3.879917,297.485863,0.085484,0.085481,0.049999,101325.000000,1.638897,-0.528086,1,0
19.790000,107.965268,0.324849,0.000000,108.290117,1.628569,0.196263,3.881880,297.487871,0.085682,0.085678,0.049999,101325.000000,1.633577,-0.535818,1,0
19.800000,107.965340,0.319556,0.000000,108.284897,1.628567,0.196263,3.883843,297.489880,0.085877,0.085874,0.049999,101325.000000,1.628183,-0.542875,1,0
19.810000,107.965417,0.314314,0.000000,108.279731,1.628566,0.196263,3.885805,297.491889,0.086070,0.086067,0.049999,101325.000000,1.622721,-0.549247,1,0
19.820000,107.965499,0.309122,0.000000,108.274621,1.628565,0.196263,3.887768,297.493898,0.086261,0.086257,0.049999,101325.000000,1.617200,-0.554926,1,0
19.830000,107.965565,0.303981,0.000000,108.269546,1.628564,0.196263,3.889731,297.495907,0.086449,0.086446,0.049999,101325.000000,1.611625,-0.559901,1,0
19.840000,107.965622,0.298910,0.000000,108.264532,1.628564,0.196263,3.891693,297.497915,0.086635,0.086632,0.049999,101325.000000,1.606004,-0.564165,1,0
19.850000,107.965681,0.293897,0.000000,108.259579,1.628563,0.196263,3.893656,297.499924,0.086818,0.086815,0.049999,101325.000000,1.600344,-0.567711,1,0
19.860000,107.965741,0.288942,0.000000,108.254683,1.628563,0.196263,3.895618,297.501932,0.086999,0.086996,0.049999,101325.000000,1.594652,-0.570534,1,0
19.870000,107.965803,0.284043,0.000000,108.249846,1.628563,0.196263,3.897581,297.503941,0.087177,0.087174,0.049999,101325.000000,1.588936,-0.572628,1,0
19.880000,107.965866,0.279202,0.000000,108.245069,1.628562,0.196263,3.899544,297.505949,0.087353,0.087350,0.049999,101325.000000,1.583202,-0.573990,1,0
19.890000,107.965931,0.274419,0.000000,108.240350,1.628562,0.196263,3.901506,297.507957,0.087526,0.087523,0.049999,101325.000000,1.577458,-0.574616,1,0
19.900000,107.965997,0.269694,0.000000,108.235691,1.628562,0.196263,3.903469,297.509965,0.087697,0.087695,0.049999,101325.000000,1.571712,-0.574504,1,0
19.910000,107.966064,0.265028,0.000000,108.231092,1.628561,0.196263,3.905432,297.511974,0.087866,0.087863,0.049999,101325.000000,1.565970,-0.573655,1,0
19.920000,107.966132,0.260391,0.000000,108.226523,1.628561,0.196263,3.907394,297.513982,0.088033,0.088031,0.049999,101325.000000,1.560241,-0.572068,1,0
19.930000,107.966202,0.255800,0.000000,108.222002,1.628561,0.196263,3.909357,297.515990,0.088199,0.088196,0.049999,101325.000000,1.554531,-0.569745,1,0
19.940000,107.966272,0.251262,0.000000,108.217534,1.628560,0.196263,3.911319,297.517998,0.088362,0.088359,0.049999,101325.000000,1.548849,-0.566689,1,0
19.950000,107.966344,0.246776,0.000000,108.213120,1.628560,0.196263,3.913282,297.520006,0.088523,0.088521,0.049999,101325.000000,1.543200,-0.562903,1,0
19.960000,107.966416,0.242343,0.000000,108.208759,1.628560,0.196263,3.915245,297.522013,0.088682,0.088680,0.049999,101325.000000,1.537593,-0.558393,1,0
19.970000,107.966489,0.237963,0.000000,108.204452,1.628560,0.196263,3.917207,297.524021,0.088839,0.088836,0.049999,101325.000000,1.532034,-0.553164,1,0
19.980000,107.966563,0.233637,0.000000,108.200200,1.628559,0.196263,3.919170,297.526029,0.088994,0.088991,0.049999,101325.000000,1.526532,-0.547224,1,0
19.990000,107.966638,0.229363,0.000000,108.196001,1.628559,0.196263,3.921133,297.528037,0.089146,0.089144,0.049999,101325.000000,1.521092,-0.540581,1,0
20.000000,107.966713,0.225144,0.000000,108.191857,1.628559,0.196263,3.923095,297.530044,0.089297,0.089294,0.049999,101325.000000,1.515723,-0.533245,1,0
20.010000,107.966789,0.220979,0.000000,108.187768,1.628559,0.196263,3.925058,297.532052,0.089445,0.089443,0.049999,101325.000000,1.510430,-0.525225,1,0
20.020000,107.966865,0.216868,0.000000,108.183733,1.628559,0.196263,3.927020,297.534059,0.089591,0.089589,0.049999,101325.000000,1.505220,-0.516535,1,0
20.030000,107.966941,0.212812,0.000000,108.179753,1.628558,0.196263,3.928983,297.536067,0.089735,0.089733,0.049999,101325.000000,1.500101,-0.507185,1,0
20.040000,107.967018,0.208810,0.000000,108.175828,1.628558,0.196263,3.930946,297.538074,0.089877,0.089875,0.049999,101325.000000,1.495079,-0.497191,1,0
20.050000,107.967094,0.204863,0.000000,108.171957,1.628558,0.196263,3.932908,297.540081,0.090017,0.090015,0.049999,101325.000000,1.490159,-0.486567,1,0
20.060000,107.967171,0.200970,0.000000,108.168141,1.628558,0.196263,3.934871,297.542088,0.090155,0.090153,0.049999,101325.000000,1.485349,-0.475328,1,0
20.070000,107.967247,0.197133,0.000000,108.164380,1.628558,0.196263,3.936834,297.544096,0.090291,0.090288,0.049999,101325.000000,1.480655,-0.463490,1,0
20.080000,107.967323,0.193324,0.000000,108.160648,1.628558,0.196263,3.938796,297.546103,0.090426,0.090424,0.049999,101325.000000,1.476082,-0.451073,1,0
20.090000,107.967399,0.189560,0.000000,108.156959,1.628558,0.196263,3.940759,297.548110,0.090560,0.090558,0.049999,101325.000000,1.471635,-0.438092,1,0
20.100000,107.967474,0.185847,0.000000,108.153322,1.628558,0.196263,3.942722,297.550117,0.090692,0.090690,0.049999,101325.000000,1.467322,-0.424568,1,0
20.110000,107.967549,0.182186,0.000000,108.149735,1.628558,0.196263,3.944684,297.552124,0.090822,0.090820,0.049999,101325.000000,1.463146,-0.410521,1,0
20.120000,107.967623,0.178575,0.000000,108.146198,1.628558,0.196263,3.946647,297.554131,0.090951,0.090948,0.049999,101325.000000,1.459113,-0.395971,1,0
20.130000,107.967696,0.175016,0.000000,108.142712,1.628558,0.196263,3.948609,297.556137,0.091077,0.091075,0.049999,101325.000000,1.455228,-0.380939,1,0
20.140000,107.967767,0.171508,0.000000,108.139276,1.628558,0.196263,3.950572,297.558144,0.091202,0.091200,0.049999,101325.000000,1.451496,-0.365446,1,0
20.150000,107.967838,0.168052,0.000000,108.135890,1.628558,0.196263,3.952535,297.560151,0.091325,0.091323,0.049999,101325.000000,1.447921,-0.349517,1,0
20.160000,107.967907,0.164646,0.000000,108.132553,1.628559,0.196263,3.954497,297.562157,0.091446,0.091444,0.049999,101325.000000,1.444507,-0.333172,1,0
20.170000,107.967975,0.161292,0.000000,108.129267,1.628559,0.196263,3.956460,297.564164,0.091565,0.091563,0.049999,101325.000000,1.441259,-0.316436,1,0
20.180000,107.968041,0.157988,0.000000,108.126029,1.628559,0.196263,3.958423,297.566170,0.091682,0.091680,0.049999,101325.000000,1.438180,-0.299332,1,0
20.190000,107.968105,0.154736,0.000000,108.122841,1.628559,0.196263,3.960385,297.568177,0.091797,0.091796,0.049999,101325.000000,1.435273,-0.281884,1,0
20.200000,107.968167,0.151534,0.000000,108.119701,1.628560,0.196263,3.962348,297.570183,0.091911,0.091909,0.049999,101325.000000,1.432543,-0.264117,1,0
20.210000,107.968227,0.148383,0.000000,108.116609,1.628560,0.196263,3.964310,297.572189,0.092023,0.092021,0.049999,101325.000000,1.429992,-0.246054,1,0
20.220000,107.968284,0.145282,0.000000,108.113566,1.628560,0.196263,3.966273,297.574195,0.092133,0.092131,0.049999,101325.000000,1.427623,-0.227722,1,0
20.230000,107.968339,0.142231,0.000000,108.110570,1.628561,0.196263,3.968236,297.576202,0.092241,0.092239,0.049999,101325.000000,1.425439,-0.209144,1,0
20.240000,107.968391,0.139222,0.000000,108.107613,1.628561,0.196263,3.970198,297.578208,0.092349,0.092347,0.049999,101325.000000,1.423441,-0.190346,1,0
20.250000,107.968440,0.136259,0.000000,108.104699,1.628562,0.196263,3.972161,297.580214,0.092456,0.092455,0.049999,101325.000000,1.421633,-0.171353,1,0
20.260000,107.968486,0.133343,0.000000,108.101829,1.628562,0.196263,3.974124,297.582220,0.092562,0.092561,0.049999,101325.000000,1.420015,-0.152189,1,0
20.270000,107.968528,0.130475,0.000000,108.099003,1.628563,0.196263,3.976086,297.584226,0.092667,0.092665,0.049999,101325.000000,1.418590,-0.132880,1,0
20.280000,107.968567,0.127654,0.000000,108.096221,1.628563,0.196263,3.978049,297.586231,0.092770,0.092768,0.049999,101325.000000,1.417358,-0.113451,1,0
20.290000,107.968603,0.124880,0.000000,108.093482,1.628564,0.196263,3.980011,297.588237,0.092871,0.092869,0.049999,101325.000000,1.416321,-0.093926,1,0
20.300000,107.968634,0.122152,0.000000,108.090786,1.628564,0.196263,3.981974,297.590243,0.092971,0.092969,0.049999,101325.000000,1.415480,-0.074330,1,0
20.310000,107.968661,0.119471,0.000000,108.088132,1.628565,0.196263,3.983937,297.592248,0.093069,0.093068,0.049999,101325.000000,1.414835,-0.054688,1,0
20.320000,107.968683,0.116836,0.000000,108.085519,1.628566,0.196263,3.985899,297.594254,0.093166,0.093165,0.049999,101325.000000,1.414386,-0.035023,1,0
20.330000,107.968701,0.114247,0.000000,108.082948,1.628567,0.196263,3.987862,297.596260,0.093262,0.093260,0.049999,101325.000000,1.414134,-0.015360,1,0
20.340000,107.968714,0.111703,0.000000,108.080417,1.628568,0.196263,3.989825,297.598265,0.093356,0.093354,0.049999,101325.000000,1.414079,0.004278,1,0
20.350000,107.968721,0.109204,0.000000,108.077926,1.628569,0.196263,3.991787,297.600270,0.093448,0.093446,0.049999,101325.000000,1.414220,0.023867,1,0
20.360000,107.968723,0.106750,0.000000,108.075473,1.628569,0.196263,3.993750,297.602276,0.093539,0.093537,0.049999,101325.000000,1.414556,0.043384,1,0
20.370000,107.968720,0.104340,0.000000,108.073060,1.628570,0.196263,3.995712,297.604281,0.093628,0.093627,0.049999,101325.000000,1.415087,0.062807,1,0
20.380000,107.968710,0.101974,0.000000,108.070684,1.628571,0.196263,3.997675,297.606286,0.093716,0.093714,0.049999,101325.000000,1.415812,0.082112,1,0
20.390000,107.968695,0.099652,0.000000,108.068346,1.628573,0.196263,3.999638,297.608291,0.093802,0.093801,0.049999,101325.000000,1.416729,0.101277,1,0
20.400000,107.968672,0.097374,0.000000,108.066047,1.628574,0.196263,4.001600,297.610296,0.093889,0.093887,0.049999,101325.000000,1.417837,0.120282,1,0
20.410000,107.968643,0.095141,0.000000,108.063785,1.628575,0.196263,4.003563,297.612301,0.093975,0.093973,0.049999,101325.000000,1.419134,0.139104,1,0
20.420000,107.968607,0.092950,0.000000,108.061557,1.628576,0.196263,4.005526,297.614306,0.094059,0.094058,0.049999,101325.000000,1.420619,0.157721,1,0
20.430000,107.968564,0.090801,0.000000,108.059365,1.628577,0.196263,4.007488,297.616311,0.094143,0.094142,0.049999,101325.000000,1.422288,0.176114,1,0
20.440000,107.968513,0.088693,0.000000,108.057206,1.628579,0.196263,4.009451,297.618316,0.094225,0.094224,0.049999,101325.000000,1.424140,0.194262,1,0
20.450000,107.968454,0.086626,0.000000,108.055080,1.628580,0.196263,4.011413,297.620320,0.094306,0.094305,0.049999,101325.000000,1.426173,0.212144,1,0
20.460000,107.968386,0.084599,0.000000,108.052985,1.628582,0.196263,4.013376,297.622325,0.094386,0.094385,0.049999,101325.000000,1.428382,0.229741,1,0
20.470000,107.968360,0.082612,0.000000,108.050972,1.628582,0.196263,4.015339,297.624330,0.094465,0.094464,0.049999,101325.000000,1.430766,0.247033,1,0
20.480000,107.968343,0.080665,0.000000,108.049008,1.628583,0.196263,4.017301,297.626335,0.094542,0.094541,0.049999,101325.000000,1.433322,0.264002,1,0
20.490000,107.968324,0.078756,0.000000,108.047080,1.628583,0.196263,4.019264,297.628339,0.094619,0.094617,0.049999,101325.000000,1.436045,0.280627,1,0
20.500000,107.968301,0.076886,0.000000,108.045187,1.628584,0.196263,4.021227,297.630344,0.094694,0.094692,0.049999,101325.000000,1.438933,0.296891,1,0
20.510000,107.968275,0.075054,0.000000,108.043329,1.628584,0.196263,4.023189,297.632348,0.094767,0.094766,0.049999,101325.000000,1.441982,0.312775,1,0
20.520000,107.968246,0.073259,0.000000,108.041505,1.628585,0.196263,4.025152,297.634353,0.094840,0.094839,0.049999,101325.000000,1.445187,0.328262,1,0
20.530000,107.968213,0.071502,0.000000,108.039715,1.628585,0.196263,4.027114,297.636357,0.094911,0.094910,0.049999,101325.000000,1.448546,0.343333,1,0
20.540000,107.968177,0.069781,0.000000,108.037958,1.628586,0.196263,4.029077,297.638361,0.094982,0.094980,0.049999,101325.000000,1.452053,0.357972,1,0
20.550000,107.968138,0.068096,0.000000,108.036233,1.628586,0.196263,4.031040,297.640366,0.095051,0.095049,0.049999,101325.000000,1.455704,0.372162,1,0
20.560000,107.968095,0.066450,0.000000,108.034545,1.628586,0.196263,4.033002,297.642370,0.095119,0.095118,0.049999,101325.000000,1.459494,0.385885,1,0
20.570000,107.968048,0.064843,0.000000,108.032891,1.628587,0.196263,4.034965,297.644374,0.095187,0.095186,0.049999,101325.000000,1.463420,0.399126,1,0
20.580000,107.967999,0.063271,0.000000,108.031270,1.628587,0.196263,4.036928,297.646378,0.095254,0.095252,0.049999,101325.000000,1.467475,0.411869,1,0
20.590000,107.967945,0.061735,0.000000,108.029680,1.628588,0.196263,4.038890,297.648382,0.095319,0.095318,0.049999,101325.000000,1.471655,0.424098,1,0
20.600000,107.967888,0.060233,0.000000,108.028121,1.628588,0.196263,4.040853,297.650386,0.095384,0.095383,0.049999,101325.000000,1.475955,0.435799,1,0
20.610000,107.967827,0.058765,0.000000,108.026592,1.628588,0.196263,4.042815,297.652390,0.095448,0.095447,0.049999,101325.000000,1.480370,0.446956,1,0
20.620000,107.967763,0.057331,0.000000,108.025094,1.628589,0.196263,4.044778,297.654394,0.095511,0.095510,0.049999,101325.000000,1.484893,0.457555,1,0
20.630000,107.967695,0.055930,0.000000,108.023625,1.628589,0.196263,4.046741,297.656398,0.095573,0.095572,0.049999,101325.000000,1.489519,0.467582,1,0
20.640000,107.967623,0.054561,0.000000,108.022184,1.628590,0.196263,4.048703,297.658402,0.095634,0.095633,0.049999,101325.000000,1.494242,0.477025,1,0
20.650000,107.967548,0.053225,0.000000,108.020773,1.628590,0.196263,4.050666,297.660405,0.095695,0.095694,0.049999,101325.000000,1.499057,0.485871,1,0
20.660000,107.967469,0.051920,0.000000,108.019389,1.628590,0.196263,4.052629,297.662409,0.095754,0.095753,0.049999,101325.000000,1.503958,0.494108,1,0
20.670000,107.967386,0.050646,0.000000,108.018032,1.628591,0.196263,4.054591,297.664413,0.095812,0.095811,0.049999,101325.000000,1.508937,0.501723,1,0
20.680000,107.967299,0.049403,0.000000,108.016703,1.628591,0.196263,4.056554,297.666416,0.095870,0.095869,0.049999,101325.000000,1.513990,0.508707,1,0
20.690000,107.967209,0.048190,0.000000,108.015399,1.628591,0.196263,4.058516,297.668420,0.095927,0.095926,0.049999,101325.000000,1.519110,0.515049,1,0
20.700000,107.967115,0.047007,0.000000,108.014122,1.628591,0.196263,4.060479,297.670423,0.095983,0.095982,0.049999,101325.000000,1.524289,0.520740,1,0
20.710000,107.967017,0.045853,0.000000,108.012870,1.628592,0.196263,4.062442,297.672427,0.096038,0.096037,0.049999,101325.000000,1.529522,0.525772,1,0
20.720000,107.966915,0.044723,0.000000,108.011638,1.628592,0.196263,4.064404,297.674430,0.096092,0.096091,0.049999,101325.000000,1.534802,0.530136,1,0
20.730000,107.966809,0.043615,0.000000,108.010425,1.628592,0.196263,4.066367,297.676433,0.096145,0.096145,0.049999,101325.000000,1.540123,0.533826,1,0
20.740000,107.966700,0.042533,0.000000,108.009233,1.628592,0.196263,4.068330,297.678437,0.096198,0.096197,0.049999,101325.000000,1.545477,0.536835,1,0
20.750000,107.966587,0.041477,0.000000,108.008064,1.628592,0.196263,4.070292,297.680440,0.096250,0.096249,0.049999,101325.000000,1.550857,0.539160,1,0
20.760000,107.966470,0.040446,0.000000,108.006916,1.628593,0.196263,4.072255,297.682443,0.096302,0.096301,0.049999,101325.000000,1.556258,0.540794,1,0
20.770000,107.966349,0.039439,0.000000,108.005788,1.628593,0.196263,4.074217,297.684446,0.096352,0.096351,0.049999,101325.000000,1.561671,0.541736,1,0
20.780000,107.966224,0.038457,0.000000,108.004681,1.628593,0.196263,4.076180,297.686449,0.096402,0.096401,0.049999,101325.000000,1.567090,0.541983,1,0
20.790000,107.966096,0.037498,0.000000,108.003594,1.628593,0.196263,4.078143,297.688452,0.096451,0.096450,0.049999,101325.000000,1.572509,0.541534,1,0
20.800000,107.965964,0.036563,0.000000,108.002527,1.628593,0.196263,4.080105,297.690455,0.096500,0.096499,0.049999,101325.000000,1.577919,0.540389,1,0
20.810000,107.965828,0.035650,0.000000,108.001478,1.628593,0.196263,4.082068,297.692458,0.096547,0.096547,0.049999,101325.000000,1.583314,0.538548,1,0
20.820000,107.965688,0.034760,0.000000,108.000448,1.628593,0.196263,4.084031,297.694461,0.096595,0.096594,0.049999,101325.000000,1.588688,0.536014,1,0
20.830000,107.965545,0.033891,0.000000,107.999436,1.628593,0.196263,4.085993,297.696463,0.096641,0.096640,0.049999,101325.000000,1.594032,0.532790,1,0
20.840000,107.965398,0.033044,0.000000,107.998442,1.628593,0.196263,4.087956,297.698466,0.096687,0.096686,0.049999,101325.000000,1.599341,0.528880,1,0
20.850000,107.965247,0.032217,0.000000,107.997465,1.628593,0.196263,4.089919,297.700469,0.096732,0.096731,0.049999,101325.000000,1.604608,0.524289,1,0
20.860000,107.965093,0.031411,0.000000,107.996504,1.628593,0.196263,4.091881,297.702471,0.096777,0.096776,0.049999,101325.000000,1.609825,0.519024,1,0
20.870000,107.964935,0.030625,0.000000,107.995560,1.628592,0.196263,4.093844,297.704474,0.096821,0.096820,0.049999,101325.000000,1.614986,0.513093,1,0
20.880000,107.964774,0.029858,0.000000,107.994631,1.628592,0.196263,4.095806,297.706476,0.096864,0.096864,0.049999,101325.000000,1.620084,0.506502,1,0
20.890000,107.964609,0.029108,0.000000,107.993716,1.628592,0.196263,4.097769,297.708479,0.096907,0.096906,0.049999,101325.000000,1.625114,0.499262,1,0
20.900000,107.964440,0.028375,0.000000,107.992815,1.628592,0.196263,4.099732,297.710481,0.096949,0.096948,0.049999,101325.000000,1.630068,0.491384,1,0
20.910000,107.964268,0.027661,0.000000,107.991929,1.628592,0.196263,4.101694,297.712484,0.096990,0.096990,0.049999,101325.000000,1.634939,0.482879,1,0
20.920000,107.964093,0.026965,0.000000,107.991057,1.628591,0.196263,4.103657,297.714486,0.097031,0.097031,0.049999,101325.000000,1.639723,0.473760,1,0
20.930000,107.963914,0.026285,0.000000,107.990199,1.628591,0.196263,4.105620,297.716488,0.097072,0.097071,0.049999,101325.000000,1.644413,0.464039,1,0
20.940000,107.963732,0.025622,0.000000,107.989354,1.628590,0.196263,4.107582,297.718490,0.097112,0.097111,0.049999,101325.000000,1.649002,0.453732,1,0
20.950000,107.963547,0.024976,0.000000,107.988522,1.628590,0.196263,4.109545,297.720493,0.097151,0.097150,0.049999,101325.000000,1.653485,0.442854,1,0
20.960000,107.963358,0.024345,0.000000,107.987703,1.628590,0.196263,4.111507,297.722495,0.097190,0.097189,0.049999,101325.000000,1.657857,0.431420,1,0
20.970000,107.963167,0.023730,0.000000,107.986897,1.628589,0.196263,4.113470,297.724497,0.097228,0.097227,0.049999,101325.000000,1.662112,0.419448,1,0
20.980000,107.962972,0.023130,0.000000,107.986102,1.628588,0.196263,4.115433,297.726499,0.097265,0.097265,0.049999,101325.000000,1.666244,0.406955,1,0
20.990000,107.962775,0.022545,0.000000,107.985320,1.628588,0.196263,4.117395,297.728501,0.097303,0.097302,0.049999,101325.000000,1.670249,0.393961,1,0
21.000000,107.962574,0.021975,0.000000,107.984549,1.628587,0.196263,4.119358,297.730503,0.097339,0.097339,0.049999,101325.000000,1.674122,0.380482,1,0
21.010000,107.962371,0.021418,0.000000,107.983789,1.628586,0.196263,4.121321,297.732505,0.097376,0.097375,0.049999,101325.000000,1.677857,0.366540,1,0
21.020000,107.962165,0.020876,0.000000,107.983041,1.628586,0.196263,4.123283,297.734506,0.097412,0.097411,0.049999,101325.000000,1.681451,0.352154,1,0
21.030000,107.961956,0.020347,0.000000,107.982303,1.628585,0.196263,4.125246,297.736508,0.097447,0.097446,0.049999,101325.000000,1.684899,0.337346,1,0
21.040000,107.961745,0.019831,0.000000,107.981576,1.628584,0.196263,4.127208,297.738510,0.097482,0.097481,0.049999,101325.000000,1.688196,0.322137,1,0
21.050000,107.961531,0.019329,0.000000,107.980860,1.628583,0.196263,4.129171,297.740511,0.097516,0.097515,0.049999,101325.000000,1.691340,0.306548,1,0
21.060000,107.961315,0.018839,0.000000,107.980154,1.628582,0.196263,4.131134,297.742513,0.097550,0.097549,0.049999,101325.000000,1.694326,0.290601,1,0
21.070000,107.961097,0.018362,0.000000,107.979458,1.628581,0.196263,4.133096,297.744515,0.097583,0.097582,0.049999,101325.000000,1.697151,0.274318,1,0
21.080000,107.960876,0.017896,0.000000,107.978772,1.628580,0.196263,4.135059,297.746516,0.097616,0.097615,0.049999,101325.000000,1.699811,0.257723,1,0
21.090000,107.960653,0.017443,0.000000,107.978096,1.628579,0.196263,4.137022,297.748518,0.097648,0.097648,0.049999,101325.000000,1.702304,0.240839,1,0
21.100000,107.960429,0.017000,0.000000,107.977429,1.628578,0.196263,4.138984,297.750519,0.097680,0.097680,0.049999,101325.000000,1.704627,0.223687,1,0
21.110000,107.960313,0.016569,0.000000,107.976882,1.628578,0.196263,4.140947,297.752520,0.097712,0.097711,0.049999,101325.000000,1.706777,0.206293,1,0
21.120000,107.960211,0.016149,0.000000,107.976360,1.628577,0.196263,4.142909,297.754521,0.097743,0.097742,0.049999,101325.000000,1.708752,0.188678,1,0
21.130000,107.960113,0.015740,0.000000,107.975853,1.628577,0.196263,4.144872,297.756522,0.097773,0.097773,0.049999,101325.000000,1.710550,0.170866,1,0
21.140000,107.960019,0.015341,0.000000,107.975360,1.628577,0.196263,4.146835,297.758523,0.097804,0.097803,0.049999,101325.000000,1.712169,0.152882,1,0
21.150000,107.959929,0.014952,0.000000,107.974880,1.628576,0.196263,4.148797,297.760524,0.097834,0.097833,0.049999,101325.000000,1.713607,0.134747,1,0
21.160000,107.959842,0.014573,0.000000,107.974415,1.628576,0.196263,4.150760,297.762525,0.097863,0.097863,0.049999,101325.000000,1.714863,0.116486,1,0
21.170000,107.959760,0.014203,0.000000,107.973963,1.628576,0.196263,4.152723,297.764526,0.097892,0.097892,0.049999,101325.000000,1.715936,0.098122,1,0
21.180000,107.959682,0.013843,0.000000,107.973525,1.628576,0.196263,4.154685,297.766527,0.097921,0.097920,0.049999,101325.000000,1.716825,0.079678,1,0
21.190000,107.959608,0.013492,0.000000,107.973100,1.628575,0.196263,4.156648,297.768527,0.097949,0.097949,0.049999,101325.000000,1.717529,0.061176,1,0
21.200000,107.959538,0.013150,0.000000,107.972688,1.628575,0.196263,4.158610,297.770528,0.097977,0.097977,0.049999,101325.000000,1.718048,0.042641,1,0
21.210000,107.959473,0.012818,0.000000,107.972291,1.628575,0.196263,4.160573,297.772529,0.098005,0.098004,0.049999,101325.000000,1.718382,0.024094,1,0
21.220000,107.959413,0.012494,0.000000,107.971906,1.628575,0.196263,4.162536,297.774529,0.098032,0.098032,0.049999,101325.000000,1.718530,0.005558,1,0
21.230000,107.959357,0.012178,0.000000,107.971535,1.628574,0.196263,4.164498,297.776530,0.098059,0.098058,0.049999,101325.000000,1.718493,-0.012945,1,0
21.240000,107.959307,0.011870,0.000000,107.971177,1.628574,0.196263,4.166461,297.778530,0.098085,0.098085,0.049999,101325.000000,1.718271,-0.031392,1,0
21.250000,107.959261,0.011570,0.000000,107.970832,1.628574,0.196263,4.168424,297.780530,0.098111,0.098111,0.049999,101325.000000,1.717865,-0.049763,1,0
21.260000,107.959221,0.011278,0.000000,107.970500,1.628574,0.196263,4.170386,297.782530,0.098137,0.098136,0.049999,101325.000000,1.717276,-0.068036,1,0
21.270000,107.959187,0.010994,0.000000,107.970180,1.628573,0.196263,4.172349,297.784531,0.098162,0.098162,0.049999,101325.000000,1.716505,-0.086189,1,0
21.280000,107.959157,0.010717,0.000000,107.969874,1.628573,0.196263,4.174311,297.786531,0.098187,0.098187,0.049999,101325.000000,1.715553,-0.104202,1,0
21.290000,107.959134,0.010447,0.000000,107.969580,1.628573,0.196263,4.176274,297.788531,0.098212,0.098211,0.049999,101325.000000,1.714421,-0.122054,1,0
21.300000,107.959116,0.010184,0.000000,107.969300,1.628573,0.196263,4.178237,297.790531,0.098236,0.098236,0.049999,101325.000000,1.713112,-0.139724,1,0
21.310000,107.959104,0.009928,0.000000,107.969032,1.628573,0.196263,4.180199,297.792531,0.098260,0.098260,0.049999,101325.000000,1.711627,-0.157194,1,0
21.320000,107.959098,0.009678,0.000000,107.968776,1.628572,0.196263,4.182162,297.794531,0.098284,0.098284,0.049999,101325.000000,1.709969,-0.174442,1,0
21.330000,107.959098,0.009435,0.000000,107.968533,1.628572,0.196263,4.184125,297.796530,0.098307,0.098307,0.049999,101325.000000,1.708139,-0.191450,1,0
21.340000,107.959105,0.009198,0.000000,107.968303,1.628572,0.196263,4.186087,297.798530,0.098330,0.098330,0.049999,101325.000000,1.706141,-0.208199,1,0
21.350000,107.959118,0.008968,0.000000,107.968086,1.628572,0.196263,4.188050,297.800530,0.098353,0.098353,0.049999,101325.000000,1.703976,-0.224669,1,0
21.360000,107.959137,0.008743,0.000000,107.967880,1.628572,0.196263,4.190012,297.802530,0.098376,0.098375,0.049999,101325.000000,1.701648,-0.240842,1,0
21.370000,107.959163,0.008524,0.000000,107.967688,1.628571,0.196263,4.191975,297.804529,0.098398,0.098398,0.049999,101325.000000,1.699161,-0.256700,1,0
21.380000,107.959196,0.008311,0.000000,107.967508,1.628571,0.196263,4.193938,297.806529,0.098420,0.098419,0.049999,101325.000000,1.696516,-0.272224,1,0
21.390000,107.959236,0.008104,0.000000,107.967340,1.628571,0.196263,4.195900,297.808528,0.098441,0.098441,0.049999,101325.000000,1.693717,-0.287399,1,0
21.400000,107.959283,0.007902,0.000000,107.967185,1.628571,0.196263,4.197863,297.810527,0.098463,0.098462,0.049999,101325.000000,1.690769,-0.302205,1,0
21.410000,107.959337,0.007705,0.000000,107.967042,1.628571,0.196263,4.199826,297.812527,0.098484,0.098483,0.049999,101325.000000,1.687674,-0.316626,1,0
21.420000,107.959398,0.007513,0.000000,107.966912,1.628571,0.196263,4.201788,297.814526,0.098504,0.098504,0.049999,101325.000000,1.684438,-0.330645,1,0
21.430000,107.959467,0.007327,0.000000,107.966794,1.628571,0.196263,4.203751,297.816525,0.098525,0.098525,0.049999,101325.000000,1.681063,-0.344246,1,0
21.440000,107.959543,0.007145,0.000000,107.966688,1.628571,0.196263,4.205713,297.818524,0.098545,0.098545,0.049999,101325.000000,1.677554,-0.357414,1,0
21.450000,107.959627,0.006968,0.000000,107.966595,1.628571,0.196263,4.207676,297.820523,0.098565,0.098565,0.049999,101325.000000,1.673916,-0.370131,1,0
21.460000,107.959719,0.006795,0.000000,107.966514,1.628571,0.196263,4.209639,297.822522,0.098585,0.098584,0.049999,101325.000000,1.670153,-0.382383,1,0
21.470000,107.959818,0.006627,0.000000,107.966445,1.628571,0.196263,4.211601,297.824521,0.098604,0.098604,0.049999,101325.000000,1.666270,-0.394156,1,0
21.480000,107.959925,0.006464,0.000000,107.966389,1.628571,0.196263,4.213564,297.826520,0.098623,0.098623,0.049999,101325.000000,1.662272,-0.405434,1,0
21.490000,107.960041,0.006304,0.000000,107.966345,1.628571,0.196263,4.215527,297.828519,0.098642,0.098642,0.049999,101325.000000,1.658163,-0.416204,1,0
21.500000,107.960164,0.006149,0.000000,107.966313,1.628571,0.196263,4.217489,297.830518,0.098661,0.098661,0.049999,101325.000000,1.653949,-0.426452,1,0
21.510000,107.960296,0.005995,0.000000,107.966292,1.628571,0.196263,4.219452,297.832516,0.098679,0.098679,0.049999,96756.964067,1.649636,-0.436165,1,0
21.520000,107.960437,0.885257,0.000000,108.845693,1.628571,0.196263,4.221415,297.834515,0.098697,0.098697,0.049420,92451.606184,1.645228,-0.445330,1,0
21.530000,107.960586,0.585613,0.000000,108.546199,1.628571,0.196263,4.223377,297.836513,0.098715,0.098715,0.048600,88423.913812,1.640731,-0.453936,1,0
21.540000,107.960743,1.477118,0.000000,109.437861,1.628571,0.196263,4.225340,297.838512,0.098733,0.098732,0.047680,84655.979464,1.636151,-0.461971,1,0
21.550000,107.960909,0.601091,0.000000,108.562000,1.628571,0.196263,4.227302,297.840510,0.098750,0.098750,0.046717,81131.050562,1.631493,-0.469424,1,0
21.560000,107.961084,0.264507,0.000000,108.225591,1.628571,0.196263,4.229265,297.842509,0.098767,0.098767,0.045735,77833.454953,1.626764,-0.476286,1,0
21.570000,107.961268,0.759628,0.000000,108.720896,1.628571,0.196263,4.231228,297.844507,0.098784,0.098784,0.044744,74748.531227,1.621970,-0.482546,1,0
21.580000,107.961461,0.912957,0.000000,108.874418,1.628571,0.196263,4.233190,297.846505,0.098801,0.098800,0.043748,71862.563532,1.617115,-0.488196,1,0
21.590000,107.961663,0.985681,0.000000,108.947343,1.628572,0.196263,4.235153,297.848503,0.098817,0.098817,0.042750,69162.720596,1.612208,-0.493227,1,0
21.600000,107.961874,1.076510,0.000000,109.038384,1.628572,0.196263,4.237116,297.850501,0.098833,0.098833,0.041751,66636.998671,1.607253,-0.497633,1,0
21.610000,107.962094,1.062018,0.000000,109.024113,1.628572,0.196263,4.239078,297.852499,0.098849,0.098849,0.040751,64274.168167,1.602257,-0.501407,1,0
21.620000,107.962324,1.091447,0.000000,109.053771,1.628572,0.196263,4.241041,297.854497,0.098865,0.098865,0.039751,62063.723726,1.597227,-0.504543,1,0
21.630000,107.962563,1.095970,0.000000,109.058534,1.628573,0.196263,4.243003,297.856495,0.098880,0.098880,0.038751,59995.837512,1.592168,-0.507037,1,0
21.640000,107.962812,1.101374,0.000000,109.064187,1.628573,0.196263,4.244966,297.858493,0.098896,0.098895,0.037751,58061.315514,1.587088,-0.508884,1,0
21.650000,107.963071,1.105066,0.000000,109.068137,1.628573,0.196263,4.246929,297.860491,0.098911,0.098911,0.036752,56251.556673,1.581993,-0.510082,1,0
21.660000,107.963339,1.089907,0.000000,109.053246,1.628574,0.196263,4.248891,297.862488,0.098926,0.098925,0.035752,54558.514635,1.576888,-0.510627,1,0
21.670000,107.963617,1.104500,0.000000,109.068117,1.628574,0.196263,4.250854,297.864486,0.098940,0.098940,0.034752,52974.661983,1.571782,-0.510520,1,0
21.680000,107.963905,1.104433,0.000000,109.068338,1.628575,0.196263,4.252817,297.866483,0.098955,0.098955,0.033752,51492.956764,1.566680,-0.509759,1,0
21.690000,107.964202,1.103512,0.000000,109.067715,1.628575,0.196263,4.254779,297.868481,0.098969,0.098969,0.032752,50106.811182,1.561589,-0.508346,1,0
21.700000,107.964510,1.031696,0.000000,108.996206,1.628576,0.196263,4.256742,297.870478,0.098983,0.098983,0.031752,48810.062307,1.556515,-0.506282,1,0
21.710000,107.964828,1.064257,0.000000,109.029085,1.628576,0.196263,4.258704,297.872475,0.098997,0.098997,0.030752,47596.944677,1.551465,-0.503568,1,0
21.720000,107.965156,1.088825,0.000000,109.053981,1.628577,0.196263,4.260667,297.874473,0.099011,0.099011,0.029752,46462.064661,1.546446,-0.500210,1,0
21.730000,107.965494,1.101304,0.000000,109.066798,1.628578,0.196263,4.262630,297.876470,0.099024,0.099024,0.028752,45400.376478,1.541463,-0.496212,1,0
21.740000,107.965836,1.095519,0.000000,109.061355,1.628578,0.196263,4.264592,297.878467,0.099038,0.099038,0.027752,44407.159768,1.536524,-0.491579,1,0
21.750000,107.965978,1.099526,0.000000,109.065504,1.628578,0.196263,4.266555,297.880464,0.099051,0.099051,0.026752,43477.998597,1.531634,-0.486316,1,0
21.760000,107.966120,1.117259,0.000000,109.083378,1.628578,0.196263,4.268518,297.882461,0.099064,0.099064,0.025752,42608.761832,1.526799,-0.480433,1,0
21.770000,107.966260,1.094479,0.000000,109.060739,1.628578,0.196263,4.270480,297.884458,0.099077,0.099076,0.024752,41795.584766,1.522027,-0.473937,1,0
21.780000,107.966400,1.047755,0.000000,109.014155,1.628578,0.196263,4.272443,297.886455,0.099089,0.099089,0.023752,41034.851941,1.517323,-0.466837,1,0
21.790000,107.966538,1.032722,0.000000,108.999260,1.628578,0.196263,4.274405,297.888452,0.099102,0.099102,0.022752,40323.181070,1.512692,-0.459144,1,0
21.800000,107.966675,1.068289,0.000000,109.034964,1.628579,0.196263,4.276368,297.890449,0.099114,0.099114,0.021751,39657.407999,1.508142,-0.450868,1,0
21.810000,107.966810,1.054791,0.000000,109.021602,1.628579,0.196263,4.278331,297.892446,0.099126,0.099126,0.020752,39034.572640,1.503677,-0.442022,1,0
21.820000,107.966944,1.079606,0.000000,109.046550,1.628579,0.196263,4.280293,297.894443,0.099138,0.099138,0.019752,38451.905812,1.499303,-0.432618,1,0
21.830000,107.967076,1.032794,0.000000,108.999870,1.628579,0.196263,4.282256,297.896439,0.099150,0.099150,0.018752,37906.816924,1.495026,-0.422670,1,0
21.840000,107.967205,1.041538,0.000000,109.008744,1.628579,0.196263,4.284219,297.898436,0.099162,0.099161,0.017752,37396.882461,1.490852,-0.412192,1,0
21.850000,107.967333,1.044115,0.000000,109.011448,1.628579,0.196263,4.286181,297.900433,0.099173,0.099173,0.016752,36919.835210,1.486784,-0.401200,1,0
21.860000,107.967458,1.023638,0.000000,108.991097,1.628579,0.196263,4.288144,297.902429,0.099184,0.099184,0.015752,36473.554174,1.482829,-0.389709,1,0
21.870000,107.967581,1.101184,0.000000,109.068764,1.628579,0.196263,4.290106,297.904426,0.099195,0.099195,0.014751,36056.055148,1.478992,-0.377736,1,0
21.880000,107.967701,1.047657,0.000000,109.015357,1.628579,0.196263,4.292069,297.906422,0.099206,0.099206,0.013752,35665.481893,1.475276,-0.365297,1,0
21.890000,107.967818,1.066523,0.000000,109.034341,1.628579,0.196263,4.294032,297.908418,0.099217,0.099217,0.012752,35300.097884,1.471687,-0.352412,1,0
21.900000,107.967931,1.069948,0.000000,109.037880,1.628579,0.196263,4.295994,297.910415,0.099228,0.099228,0.011752,34958.278592,1.468230,-0.339097,1,0
21.910000,107.968042,1.094984,0.000000,109.063027,1.628579,0.196263,4.297957,297.912411,0.099239,0.099238,0.010752,34638.504257,1.464907,-0.325373,1,0
21.920000,107.968149,1.066047,0.000000,109.034196,1.628579,0.196263,4.299920,297.914407,0.099249,0.099249,0.009752,34339.353132,1.461723,-0.311258,1,0
21.930000,107.968253,1.055148,0.000000,109.023401,1.628579,0.196263,4.301882,297.916403,0.099259,0.099259,0.008752,34059.495166,1.458683,-0.296773,1,0
21.940000,107.968353,1.067982,0.000000,109.036335,1.628579,0.196263,4.303845,297.918399,0.099269,0.099269,0.007752,33797.686083,1.455789,-0.281937,1,0
21.950000,107.968448,1.041913,0.000000,109.010361,1.628579,0.196263,4.305807,297.920395,0.099279,0.099279,0.006752,33552.761858,1.453046,-0.266772,1,0
21.960000,107.968540,1.058762,0.000000,109.027301,1.628579,0.196263,4.307770,297.922391,0.099289,0.099289,0.005752,33323.633534,1.450455,-0.251298,1,0
21.970000,107.968627,1.043437,0.000000,109.012063,1.628579,0.196263,4.309733,297.924387,0.099299,0.099299,0.004752,33109.282387,1.448021,-0.235536,1,0
21.980000,107.968709,1.087078,0.000000,109.055787,1.628579,0.196263,4.311695,297.926382,0.099309,0.099308,0.003751,32908.755391,1.445745,-0.219509,1,0
21.990000,107.968787,1.101705,0.000000,109.070492,1.628579,0.196263,4.313658,297.928378,0.099318,0.099318,0.002752,32721.160986,1.443631,-0.203237,1,0
22.000000,107.968860,1.103113,0.000000,109.071973,1.628579,0.196263,4.315621,297.930374,0.099327,0.099327,0.001752,32545.665110,1.441681,-0.186743,1,0
22.010000,107.968927,1.095379,0.000000,109.064306,1.628579,0.196263,4.317583,297.932369,0.099337,0.099336,0.000752,32381.487492,1.439897,-0.170048,1,0
22.020000,107.968989,0.004211,0.000000,107.973200,1.628579,0.196263,4.319546,297.934365,0.099346,0.099345,0.000316,32227.898184,1.438281,-0.153175,1,0
22.030000,107.969046,0.001767,0.000000,107.970813,1.628579,0.196263,4.321508,297.936360,0.099355,0.099354,0.000135,32084.378621,1.436835,-0.136145,1,0
22.040000,107.969097,0.009963,0.000000,107.979060,1.628579,0.196263,4.323471,297.938356,0.099363,0.099363,0.000056,31949.992455,1.435559,-0.118981,1,0
22.050000,107.969141,0.007685,0.000000,107.976826,1.628579,0.196263,4.325434,297.940351,0.099372,0.099372,0.000024,31824.224698,1.434455,-0.101705,1,0
22.060000,107.969180,0.004777,0.000000,107.973957,1.628579,0.196263,4.327396,297.942346,0.099381,0.099381,0.000010,31706.575616,1.433525,-0.084339,1,0
22.070000,107.969212,0.003222,0.000000,107.972434,1.628579,0.196263,4.329359,297.944341,0.099389,0.099389,0.000004,31596.517635,1.432769,-0.066905,1,0
22.080000,107.969238,0.002456,0.000000,107.971694,1.628579,0.196263,4.331322,297.946337,0.099398,0.099397,0.000002,31493.558118,1.432187,-0.049424,1,0
22.090000,107.969256,0.002008,0.000000,107.971265,1.628579,0.196263,4.333284,297.948332,0.099406,0.099406,0.000001,31397.190798,1.431781,-0.031918,1,0
22.100000,107.969268,0.001764,0.000000,107.971032,1.628579,0.196263,4.335247,297.950327,0.099414,0.099414,-0.000000,31307.063244,1.431549,-0.014409,1,0
22.110000,107.969272,0.001658,0.000000,107.970930,1.628579,0.196263,4.337209,297.952322,0.099422,0.099422,-0.000000,31224.620114,1.431493,0.003082,1,0
22.120000,107.969269,0.001593,0.000000,107.970862,1.628579,0.196263,4.339172,297.954316,0.099430,0.099430,-0.000000,31147.728025,1.431611,0.020534,1,0
22.130000,107.969258,0.001546,0.000000,107.970804,1.628578,0.196263,4.341135,297.956311,0.099437,0.099437,-0.000000,31075.562111,1.431903,0.037926,1,0
22.140000,107.969239,0.001507,0.000000,107.970746,1.628578,0.196263,4.343097,297.958306,0.099445,0.099445,-0.000000,31007.066400,1.432369,0.055237,1,0
22.150000,107.969211,0.001474,0.000000,107.970686,1.628578,0.196263,4.345060,297.960301,0.099453,0.099453,-0.000001,30942.265788,1.433008,0.072447,1,0
22.160000,107.969176,0.001447,0.000000,107.970623,1.628578,0.196263,4.347023,297.962295,0.099460,0.099460,-0.000001,30881.511667,1.433818,0.089535,1,0
22.170000,107.969132,0.001423,0.000000,107.970555,1.628578,0.196263,4.348985,297.964290,0.099468,0.099467,-0.000001,30824.461157,1.434798,0.106482,1,0
22.180000,107.969079,0.001400,0.000000,107.970478,1.628578,0.196263,4.350948,297.966284,0.099475,0.099475,-0.000001,30770.727174,1.435947,0.123269,1,0
22.190000,107.969016,0.001376,0.000000,107.970393,1.628578,0.196263,4.352911,297.968279,0.099482,0.099482,-0.000001,30720.450496,1.437263,0.139875,1,0
22.200000,107.968945,0.001353,0.000000,107.970298,1.628578,0.196263,4.354873,297.970273,0.099489,0.099489,-0.000001,30673.631123,1.438744,0.156282,1,0
22.210000,107.968864,0.001330,0.000000,107.970194,1.628577,0.196263,4.356836,297.972268,0.099496,0.099496,-0.000001,30629.262831,1.440388,0.172471,1,0
22.220000,107.968773,0.001308,0.000000,107.970081,1.628577,0.196263,4.358798,297.974262,0.099503,0.099503,-0.000001,30587.893303,1.442192,0.188424,1,0
22.230000,107.968672,0.001287,0.000000,107.969959,1.628577,0.196263,4.360761,297.976256,0.099510,0.099510,-0.000001,30549.523399,1.444155,0.204122,1,0
22.240000,107.968561,0.001266,0.000000,107.969826,1.628577,0.196263,4.362724,297.978250,0.099517,0.099516,-0.000001,30513.488909,1.446274,0.219548,1,0
22.250000,107.968439,0.001245,0.000000,107.969684,1.628577,0.196263,4.364686,297.980244,0.099523,0.099523,-0.000001,30479.558773,1.448545,0.234683,1,0
22.260000,107.968306,0.001226,0.000000,107.969532,1.628576,0.196263,4.366649,297.982238,0.099530,0.099530,-0.000001,30448.070784,1.450967,0.249511,1,0
22.270000,107.968163,0.001207,0.000000,107.969369,1.628576,0.196263,4.368612,297.984232,0.099536,0.099536,-0.000001,30418.857696,1.453535,0.264015,1,0
22.280000,107.968008,0.001188,0.000000,107.969196,1.628576,0.196263,4.370574,297.986226,0.099542,0.099542,-0.000001,30391.099309,1.456246,0.278178,1,0
22.290000,107.967842,0.001170,0.000000,107.969012,1.628576,0.196263,4.372537,297.988220,0.099549,0.099549,-0.000001,30365.300820,1.459097,0.291983,1,0
22.300000,107.967663,0.001153,0.000000,107.968816,1.628575,0.196263,4.374499,297.990214,0.099555,0.099555,-0.000001,30341.462231,1.462084,0.305416,1,0
22.310000,107.967473,0.001136,0.000000,107.968609,1.628575,0.196263,4.376462,297.992208,0.099561,0.099561,-0.000001,30319.174871,1.465204,0.318459,1,0
22.320000,107.967271,0.001119,0.000000,107.968390,1.628575,0.196263,4.378425,297.994201,0.099567,0.099567,-0.000001,30298.366849,1.468452,0.331099,1,0
22.330000,107.967056,0.001103,0.000000,107.968159,1.628574,0.196263,4.380387,297.996195,0.099573,0.099573,-0.000001,30279.012581,1.471825,0.343319,1,0
22.340000,107.966828,0.001088,0.000000,107.967916,1.628574,0.196263,4.382350,297.998188,0.099579,0.099579,-0.000001,30261.014598,1.475317,0.355105,1,0
22.350000,107.966588,0.001072,0.000000,107.967660,1.628574,0.196263,4.384313,298.000182,0.099585,0.099584,-0.000001,30244.275430,1.478925,0.366444,1,0
22.360000,107.966334,0.001058,0.000000,107.967391,1.628573,0.196263,4.386275,298.002175,0.099590,0.099590,-0.000001,30228.697608,1.482644,0.377321,1,0
22.370000,107.966066,0.001043,0.000000,107.967109,1.628573,0.196263,4.388238,298.004168,0.099596,0.099596,-0.000001,30214.183663,1.486470,0.387723,1,0
22.380000,107.965825,0.001029,0.000000,107.966854,1.628572,0.196263,4.390200,298.006162,0.099601,0.099601,-0.000001,30200.709358,1.490397,0.397637,1,0
22.390000,107.965794,0.001016,0.000000,107.966810,1.628572,0.196263,4.392163,298.008155,0.099607,0.099607,-0.000001,30188.139034,1.494421,0.407051,1,0
22.400000,107.965763,0.001002,0.000000,107.966766,1.628572,0.196263,4.394126,298.010148,0.099612,0.099612,-0.000001,30176.379391,1.498537,0.415952,1,0
22.410000,107.965733,0.000989,0.000000,107.966722,1.628572,0.196263,4.396088,298.012141,0.099617,0.099617,-0.000001,30165.338082,1.502739,0.424330,1,0
22.420000,107.965703,0.000977,0.000000,107.966680,1.628572,0.196263,4.398051,298.014134,0.099623,0.099623,-0.000001,30154.922761,1.507022,0.432172,1,0
22.430000,107.965673,0.000965,0.000000,107.966637,1.628572,0.196263,4.400014,298.016127,0.099628,0.099628,-0.000001,30145.041080,1.511380,0.439470,1,0
22.440000,107.965643,0.000953,0.000000,107.966595,1.628572,0.196263,4.401976,298.018120,0.099633,0.099633,-0.000001,30136.023223,1.515809,0.446213,1,0
22.450000,107.965613,0.000941,0.000000,107.966554,1.628572,0.196263,4.403939,298.020113,0.099638,0.099638,-0.000001,30127.630779,1.520303,0.452391,1,0
22.460000,107.965584,0.000930,0.000000,107.966514,1.628572,0.196263,4.405901,298.022106,0.099643,0.099643,-0.000001,30119.746706,1.524855,0.457997,1,0
22.470000,107.965555,0.000919,0.000000,107.966474,1.628572,0.196263,4.407864,298.024099,0.099648,0.099648,-0.000001,30112.309323,1.529461,0.463022,1,0
22.480000,107.965527,0.000909,0.000000,107.966435,1.628572,0.196263,4.409827,298.026091,0.099653,0.099653,-0.000001,30105.256946,1.534114,0.467460,1,0
22.490000,107.965499,0.000898,0.000000,107.966397,1.628572,0.196263,4.411789,298.028084,0.099657,0.099657,-0.000001,30098.527891,1.538808,0.471304,1,0
22.500000,107.965472,0.000888,0.000000,107.966360,1.628572,0.196263,4.413752,298.030076,0.099662,0.099662,-0.000001,30092.344133,1.543538,0.474549,1,0
22.510000,107.965446,0.000878,0.000000,107.966324,1.628572,0.196263,4.415715,298.032069,0.099667,0.099667,-0.000001,30086.620578,1.548297,0.477188,1,0
22.520000,107.965420,0.000869,0.000000,107.966289,1.628572,0.196263,4.417677,298.034061,0.099671,0.099671,-0.000001,30081.240181,1.553080,0.479219,1,0
22.530000,107.965395,0.000860,0.000000,107.966255,1.628572,0.196263,4.419640,298.036054,0.099676,0.099676,-0.000001,30076.167330,1.557880,0.480639,1,0
22.540000,107.965371,0.000851,0.000000,107.966222,1.628572,0.196263,4.421602,298.038046,0.099680,0.099680,-0.000001,30071.366414,1.562691,0.481444,1,0
22.550000,107.965348,0.000842,0.000000,107.966190,1.628572,0.196263,4.423565,298.040038,0.099685,0.099684,-0.000001,30066.801822,1.567506,0.481633,1,0
22.560000,107.965326,0.000833,0.000000,107.966159,1.628572,0.196263,4.425528,298.042030,0.099689,0.099689,-0.000001,30062.562147,1.572321,0.481206,1,0
22.570000,107.965305,0.000825,0.000000,107.966130,1.628572,0.196263,4.427490,298.044022,0.099693,0.099693,-0.000001,30058.645925,1.577129,0.480162,1,0
22.580000,107.965285,0.000817,0.000000,107.966102,1.628572,0.196263,4.429453,298.046015,0.099697,0.099697,-0.000001,30054.968735,1.581922,0.478504,1,0
22.590000,107.965266,0.000809,0.000000,107.966075,1.628572,0.196263,4.431416,298.048007,0.099701,0.099701,-0.000001,30051.509131,1.586697,0.476232,1,0
22.600000,107.965248,0.000801,0.000000,107.966050,1.628572,0.196263,4.433378,298.049998,0.099706,0.099705,-0.000001,30048.245669,1.591445,0.473350,1,0
22.610000,107.965232,0.000794,0.000000,107.966026,1.628572,0.196263,4.435341,298.051990,0.099710,0.099710,-0.000001,30045.156901,1.596162,0.469862,1,0
22.620000,107.965217,0.000787,0.000000,107.966004,1.628572,0.196263,4.437303,298.053982,0.099714,0.099713,-0.000001,30042.271036,1.600840,0.465773,1,0
22.630000,107.965204,0.000780,0.000000,107.965983,1.628572,0.196263,4.439266,298.055974,0.099717,0.099717,-0.000001,30039.607184,1.605475,0.461088,1,0
22.640000,107.965191,0.000773,0.000000,107.965964,1.628572,0.196263,4.441229,298.057966,0.099721,0.099721,-0.000001,30037.109550,1.610060,0.455813,1,0
22.650000,107.965181,0.000766,0.000000,107.965947,1.628572,0.196263,4.443191,298.059957,0.099725,0.099725,-0.000001,30034.764032,1.614590,0.449958,1,0
22.660000,107.965172,0.000760,0.000000,107.965932,1.628572,0.196263,4.445154,298.061949,0.099729,0.099729,-0.000001,30032.556527,1.619058,0.443528,1,0
22.670000,107.965165,0.000753,0.000000,107.965918,1.628572,0.196263,4.447117,298.063940,0.099733,0.099733,-0.000001,30030.472932,1.623458,0.436535,1,0
22.680000,107.965159,0.000747,0.000000,107.965906,1.628572,0.196263,4.449079,298.065932,0.099736,0.099736,-0.000001,30028.513961,1.627786,0.428988,1,0
22.690000,107.965155,0.000741,0.000000,107.965896,1.628572,0.196263,4.451042,298.067923,0.099740,0.099740,-0.000001,30026.694995,1.632036,0.420898,1,0
22.700000,107.965153,0.000736,0.000000,107.965889,1.628572,0.196263,4.453004,298.069914,0.099743,0.099743,-0.000001,30024.988786,1.636203,0.412277,1,0
22.710000,107.965153,0.000730,0.000000,107.965883,1.628572,0.196263,4.454967,298.071906,0.099747,0.099747,-0.000001,30023.388420,1.640280,0.403136,1,0
22.720000,107.965155,0.000724,0.000000,107.965879,1.628573,0.196263,4.456930,298.073897,0.099750,0.099750,-0.000001,30021.887634,1.644264,0.393491,1,0
22.730000,107.965159,0.000719,0.000000,107.965878,1.628573,0.196263,4.458892,298.075888,0.099754,0.099754,-0.000001,30020.480817,1.648148,0.383354,1,0
22.740000,107.965165,0.000714,0.000000,107.965879,1.628573,0.196263,4.460855,298.077879,0.099757,0.099757,-0.000001,30019.161902,1.651929,0.372740,1,0
22.750000,107.965173,0.000709,0.000000,107.965882,1.628573,0.196263,4.462818,298.079870,0.099760,0.099760,-0.000001,30017.922150,1.655601,0.361664,1,0
22.760000,107.965184,0.000704,0.000000,107.965887,1.628573,0.196263,4.464780,298.081861,0.099764,0.099764,-0.000001,30016.759824,1.659161,0.350143,1,0
22.770000,107.965196,0.000699,0.000000,107.965895,1.628573,0.196263,4.466743,298.083852,0.099767,0.099767,-0.000001,30015.671069,1.662603,0.338193,1,0
22.780000,107.965211,0.000694,0.000000,107.965906,1.628573,0.196263,4.468705,298.085843,0.099770,0.099770,-0.000001,30014.652601,1.665923,0.325831,1,0
22.790000,107.965229,0.000690,0.000000,107.965919,1.628574,0.196263,4.470668,298.087834,0.099773,0.099773,-0.000001,30013.701712,1.669118,0.313074,1,0
22.800000,107.965249,0.000685,0.000000,107.965934,1.628574,0.196263,4.472631,298.089824,0.099776,0.099776,-0.000001,30012.814434,1.672183,0.299941,1,0
22.810000,107.965271,0.000681,0.000000,107.965952,1.628574,0.196263,4.474593,298.091815,0.099779,0.099779,-0.000001,30011.969425,1.675116,0.286451,1,0
22.820000,107.965296,0.000677,0.000000,107.965973,1.628574,0.196263,4.476556,298.093806,0.099783,0.099782,-0.000001,30011.174120,1.677911,0.272621,1,0
22.830000,107.965324,0.000673,0.000000,107.965997,1.628574,0.196263,4.478519,298.095796,0.099785,0.099785,-0.000001,30010.424955,1.680567,0.258471,1,0
22.840000,107.965354,0.000669,0.000000,107.966023,1.628575,0.196263,4.480481,298.097787,0.099788,0.099788,-0.000001,30009.718651,1.683079,0.244022,1,0
22.850000,107.965387,0.000665,0.000000,107.966053,1.628575,0.196263,4.482444,298.099777,0.099791,0.099791,-0.000001,30009.052209,1.685446,0.229292,1,0
22.860000,107.965423,0.000661,0.000000,107.966085,1.628575,0.196263,4.484406,298.101767,0.099794,0.099794,-0.000001,30008.422914,1.687664,0.214301,1,0
22.870000,107.965462,0.000658,0.000000,107.966120,1.628575,0.196263,4.486369,298.103758,0.099797,0.099797,-0.000001,30007.828330,1.689731,0.199071,1,0
22.880000,107.965504,0.000654,0.000000,107.966159,1.628576,0.196263,4.488332,298.105748,0.099800,0.099800,-0.000001,30007.266306,1.691645,0.183621,1,0
22.890000,107.965549,0.000651,0.000000,107.966200,1.628576,0.196263,4.490294,298.107738,0.099803,0.099802,-0.000001,30006.734970,1.693403,0.167972,1,0
22.900000,107.965597,0.000647,0.000000,107.966245,1.628576,0.196263,4.492257,298.109728,0.099805,0.099805,-0.000001,30006.232733,1.695004,0.152144,1,0
22.910000,107.965648,0.000644,0.000000,107.966293,1.628577,0.196263,4.494220,298.111718,0.099808,0.099808,-0.000001,30005.758288,1.696445,0.136159,1,0
22.920000,107.965703,0.000641,0.000000,107.966344,1.628577,0.196263,4.496182,298.113708,0.099810,0.099810,-0.000001,30005.310611,1.697726,0.120036,1,0
22.930000,107.965760,0.000638,0.000000,107.966398,1.628577,0.196263,4.498145,298.115698,0.099813,0.099813,-0.000001,30004.924752,1.698845,0.103797,1,0
22.940000,107.965821,0.000635,0.000000,107.966456,1.628578,0.196263,4.500108,298.117688,0.099816,0.099816,-0.000001,30004.574569,1.699802,0.087462,1,0
22.950000,107.965885,0.000632,0.000000,107.966517,1.628578,0.196263,4.502070,298.119678,0.099818,0.099818,-0.000001,30004.252716,1.700594,0.071053,1,0
22.960000,107.965953,0.000629,0.000000,107.966582,1.628578,0.196263,4.504033,298.121668,0.099821,0.099821,-0.000001,30003.957530,1.701222,0.054589,1,0
22.970000,107.966024,0.000626,0.000000,107.966651,1.628579,0.196263,4.505995,298.123658,0.099823,0.099823,-0.000001,30003.687347,1.701686,0.038091,1,0
22.980000,107.966099,0.000624,0.000000,107.966723,1.628579,0.196263,4.507958,298.125647,0.099826,0.099825,-0.000001,30003.440506,1.701984,0.021579,1,0
22.990000,107.966177,0.000621,0.000000,107.966798,1.628579,0.196263,4.509921,298.127637,0.099828,0.099828,-0.000001,30003.215343,1.702117,0.005073,1,0
23.000000,107.966259,0.000619,0.000000,107.966878,1.628580,0.196263,4.511883,298.129626,0.099830,0.099830,-0.000001,30003.010194,1.702085,-0.011406,1,0
23.010000,107.966345,0.000616,0.000000,107.966961,1.628580,0.196263,4.513846,298.131616,0.099833,0.099833,-0.000001,30002.823397,1.701889,-0.027838,1,0
23.020000,107.966408,0.000614,0.000000,107.967022,1.628581,0.196263,4.515809,298.133605,0.099835,0.099835,-0.000001,30002.653288,1.701529,-0.044205,1,0
23.030000,107.966404,0.000611,0.000000,107.967016,1.628581,0.196263,4.517771,298.135594,0.099837,0.099837,-0.000001,30002.498205,1.701005,-0.060486,1,0
23.040000,107.966400,0.000609,0.000000,107.967009,1.628581,0.196263,4.519734,298.137584,0.099839,0.099839,-0.000001,30002.356485,1.700319,-0.076662,1,0
23.050000,107.966395,0.000607,0.000000,107.967002,1.628581,0.196263,4.521696,298.139573,0.099842,0.099842,-0.000001,30002.197649,1.699472,-0.092714,1,0
23.060000,107.966389,0.000605,0.000000,107.966994,1.628582,0.196263,4.523659,298.141562,0.099844,0.099844,-0.000001,30002.030201,1.698465,-0.108623,1,0
23.070000,107.966383,0.000603,0.000000,107.966986,1.628582,0.196263,4.525622,298.143551,0.099846,0.099846,-0.000001,30001.872834,1.697299,-0.124372,1,0
23.080000,107.966376,0.000601,0.000000,107.966977,1.628582,0.196263,4.527584,298.145540,0.099848,0.099848,-0.000001,30001.725547,1.695977,-0.139941,1,0
23.090000,107.966369,0.000599,0.000000,107.966967,1.628582,0.196263,4.529547,298.147529,0.099850,0.099850,-0.000001,30001.588340,1.694500,-0.155313,1,0
23.100000,107.966360,0.000597,0.000000,107.966957,1.628582,0.196263,4.531510,298.149518,0.099852,0.099852,-0.000001,30001.461215,1.692870,-0.170470,1,0
23.110000,107.966351,0.000595,0.000000,107.966946,1.628582,0.196263,4.533472,298.151507,0.099854,0.099854,-0.000001,30001.344169,1.691090,-0.185396,1,0
23.120000,107.966342,0.000593,0.000000,107.966935,1.628583,0.196263,4.535435,298.153496,0.099856,0.099856,-0.000001,30001.237205,1.689161,-0.200072,1,0
23.130000,107.966332,0.000591,0.000000,107.966923,1.628583,0.196263,4.537397,298.155485,0.099858,0.099858,-0.000001,30001.140320,1.687088,-0.214482,1,0
23.140000,107.966321,0.000589,0.000000,107.966910,1.628583,0.196263,4.539360,298.157473,0.099860,0.099860,-0.000001,30001.053517,1.684871,-0.228612,1,0
23.150000,107.966310,0.000588,0.000000,107.966897,1.628583,0.196263,4.541323,298.159462,0.099862,0.099862,-0.000001,30000.976794,1.682515,-0.242444,1,0
23.160000,107.966298,0.000586,0.000000,107.966884,1.628583,0.196263,4.543285,298.161450,0.099864,0.099864,-0.000001,30000.910151,1.680023,-0.255962,1,0
23.170000,107.966285,0.000585,0.000000,107.966870,1.628583,0.196263,4.545248,298.163439,0.099866,0.099866,-0.000001,30000.864627,1.677396,-0.269147,1,0
23.180000,107.966272,0.000583,0.000000,107.966855,1.628583,0.196263,4.547211,298.165427,0.099867,0.099867,-0.000001,30000.842541,1.674640,-0.281986,1,0
23.190000,107.966258,0.000582,0.000000,107.966840,1.628583,0.196263,4.549173,298.167416,0.099868,0.099868,-0.000001,30000.820455,1.671757,-0.294465,1,0
23.200000,107.966244,0.000581,0.000000,107.966825,1.628583,0.196263,4.551136,298.169404,0.099870,0.099870,-0.000001,30000.798369,1.668751,-0.306569,1,0
23.210000,107.966229,0.000580,0.000000,107.966809,1.628584,0.196263,4.553098,298.171392,0.099871,0.099871,-0.000001,30000.776283,1.665626,-0.318283,1,0
23.220000,107.966214,0.000579,0.000000,107.966793,1.628584,0.196263,4.555061,298.173381,0.099873,0.099873,-0.000001,30000.754197,1.662386,-0.329594,1,0
23.230000,107.966198,0.000578,0.000000,107.966776,1.628584,0.196263,4.557024,298.175369,0.099874,0.099874,-0.000001,30000.732111,1.659035,-0.340487,1,0
23.240000,107.966182,0.000577,0.000000,107.966759,1.628584,0.196263,4.558986,298.177357,0.099875,0.099875,-0.000001,30000.710025,1.655577,-0.350950,1,0
23.250000,107.966165,0.000576,0.000000,107.966741,1.628584,0.196263,4.560949,298.179345,0.099877,0.099877,-0.000001,30000.687939,1.652017,-0.360969,1,0
23.260000,107.966148,0.000575,0.000000,107.966723,1.628584,0.196263,4.562912,298.181333,0.099878,0.099878,-0.000001,30000.665853,1.648359,-0.370532,1,0
23.270000,107.966131,0.000573,0.000000,107.966704,1.628584,0.196263,4.564874,298.183321,0.099880,0.099879,-0.000001,30000.643767,1.644608,-0.379627,1,0
23.280000,107.966113,0.000572,0.000000,107.966685,1.628584,0.196263,4.566837,298.185309,0.099881,0.099881,-0.000001,30000.621680,1.640768,-0.388241,1,0
23.290000,107.966095,0.000571,0.000000,107.966666,1.628584,0.196263,4.568799,298.187296,0.099882,0.099882,-0.000001,30000.599594,1.636845,-0.396364,1,0
23.300000,107.966076,0.000570,0.000000,107.966647,1.628584,0.196263,4.570762,298.189284,0.099884,0.099884,-0.000001,30000.577508,1.632842,-0.403987,1,0
23.310000,107.966058,0.000569,0.000000,107.966627,1.628584,0.196263,4.572725,298.191272,0.099885,0.099885,-0.000001,30000.555422,1.628766,-0.411100,1,0
23.320000,107.966039,0.000568,0.000000,107.966607,1.628584,0.196263,4.574687,298.193259,0.099886,0.099886,-0.000001,30000.533336,1.624622,-0.417692,1,0
23.330000,107.966020,0.000567,0.000000,107.966587,1.628583,0.196263,4.576650,298.195247,0.099888,0.099888,-0.000001,30000.511250,1.620414,-0.423754,1,0
23.340000,107.966001,0.000566,0.000000,107.966567,1.628583,0.196263,4.578613,298.197234,0.099889,0.099889,-0.000001,30000.489164,1.616148,-0.429278,1,0
23.350000,107.965981,0.000565,0.000000,107.966547,1.628583,0.196263,4.580575,298.199222,0.099891,0.099891,-0.000001,30000.467078,1.611830,-0.434255,1,0
23.360000,107.965962,0.000564,0.000000,107.966527,1.628583,0.196263,4.582538,298.201209,0.099892,0.099892,-0.000001,30000.444992,1.607465,-0.438682,1,0
23.370000,107.965943,0.000564,0.000000,107.966506,1.628583,0.196263,4.584500,298.203197,0.099893,0.099893,-0.000001,30000.422906,1.603058,-0.442552,1,0
23.380000,107.965923,0.000563,0.000000,107.966486,1.628583,0.196263,4.586463,298.205184,0.099895,0.099895,-0.000001,30000.400820,1.598615,-0.445858,1,0
23.390000,107.965904,0.000562,0.000000,107.966466,1.628583,0.196263,4.588426,298.207171,0.099896,0.099896,-0.000001,30000.378733,1.594142,-0.448598,1,0
23.400000,107.965885,0.000561,0.000000,107.966446,1.628582,0.196263,4.590388,298.209158,0.099898,0.099898,-0.000001,30000.356647,1.589644,-0.450765,1,0
23.410000,107.965866,0.000560,0.000000,107.966426,1.628582,0.196263,4.592351,298.211145,0.099899,0.099899,-0.000001,30000.334561,1.585128,-0.452357,1,0
23.420000,107.965848,0.000559,0.000000,107.966407,1.628582,0.196263,4.594314,298.213132,0.099900,0.099900,-0.000001,30000.324146,1.580599,-0.453373,1,0
23.430000,107.965829,0.000559,0.000000,107.966388,1.628582,0.196263,4.596276,298.215119,0.099901,0.099901,-0.000001,30000.315759,1.576062,-0.453810,1,0
23.440000,107.965811,0.000558,0.000000,107.966369,1.628581,0.196263,4.598239,298.217106,0.099902,0.099902,-0.000001,30000.307373,1.571523,-0.453668,1,0
23.450000,107.965793,0.000557,0.000000,107.966351,1.628581,0.196263,4.600201,298.219093,0.099903,0.099903,-0.000001,30000.298986,1.566989,-0.452946,1,0
23.460000,107.965776,0.000557,0.000000,107.966333,1.628581,0.196263,4.602164,298.221080,0.099904,0.099904,-0.000001,30000.290599,1.562465,-0.451647,1,0
23.470000,107.965760,0.000556,0.000000,107.966316,1.628580,0.196263,4.604127,298.223066,0.099905,0.099905,-0.000001,30000.282212,1.557957,-0.449773,1,0
23.480000,107.965744,0.000555,0.000000,107.966299,1.628580,0.196263,4.606089,298.225053,0.099906,0.099906,-0.000001,30000.273826,1.553471,-0.447326,1,0
23.490000,107.965728,0.000555,0.000000,107.966283,1.628579,0.196263,4.608052,298.227040,0.099907,0.099907,-0.000001,30000.265439,1.549012,-0.444307,1,0
23.500000,107.965714,0.000554,0.000000,107.966268,1.628579,0.196263,4.610015,298.229026,0.099908,0.099908,-0.000001,30000.257052,1.544586,-0.440721,1,0
23.510000,107.965700,0.000554,0.000000,107.966253,1.628579,0.196263,4.611977,298.231013,0.099909,0.099909,-0.000001,30000.248665,1.540199,-0.436573,1,0
23.520000,107.965687,0.025504,0.000000,107.991191,1.628578,0.196263,4.613940,298.232999,0.099952,0.099938,-0.000001,30000.232628,1.535856,-0.431871,1,0
23.530000,107.965675,0.081179,0.000000,108.046854,1.628578,0.196263,4.615902,298.234986,0.100034,0.099993,-0.000001,30000.217625,1.531563,-0.426621,1,0
23.540000,107.965664,0.145262,0.000000,108.110927,1.628577,0.196263,4.617865,298.236972,0.100157,0.100076,-0.000001,30000.203590,1.527325,-0.420830,1,0
23.550000,107.965654,0.225542,0.000000,108.191196,1.628576,0.196263,4.619828,298.238958,0.100319,0.100184,-0.000001,30000.190460,1.523148,-0.414506,1,0
23.560000,107.965646,0.298634,0.000000,108.264280,1.628576,0.196263,4.621790,298.240944,0.100521,0.100319,-0.000001,30000.178176,1.519036,-0.407655,1,0
23.570000,107.965639,0.375257,0.000000,108.340895,1.628575,0.196263,4.623753,298.242930,0.100760,0.100479,-0.000001,30000.166685,1.514996,-0.400290,1,0
23.580000,107.965633,0.451974,0.000000,108.417607,1.628575,0.196263,4.625716,298.244917,0.101038,0.100664,-0.000001,30000.155935,1.511032,-0.392421,1,0
23.590000,107.965628,0.514182,0.000000,108.479810,1.628574,0.196263,4.627678,298.246903,0.101353,0.100874,-0.000001,30000.145879,1.507149,-0.384058,1,0
23.600000,107.965626,0.594485,0.000000,108.560110,1.628573,0.196263,4.629641,298.248889,0.101705,0.101109,-0.000001,30000.136470,1.503352,-0.375215,1,0
23.610000,107.965624,0.660346,0.000000,108.625971,1.628572,0.196263,4.631603,298.250874,0.102094,0.101368,-0.000001,30000.127669,1.499646,-0.365905,1,0
23.620000,107.965625,0.730345,0.000000,108.695970,1.628572,0.196263,4.633566,298.252860,0.102518,0.101652,-0.000001,30000.119435,1.496036,-0.356136,1,0
23.630000,107.965627,0.794658,0.000000,108.760286,1.628571,0.196263,4.635529,298.254846,0.102978,0.101958,-0.000001,30000.111733,1.492525,-0.345925,1,0
23.640000,107.965632,0.875208,0.000000,108.840840,1.628570,0.196263,4.637491,298.256832,0.103473,0.102288,-0.000001,30000.104527,1.489119,-0.335288,1,0
23.650000,107.965638,0.920930,0.000000,108.886568,1.628569,0.196263,4.639454,298.258817,0.104002,0.102641,-0.000001,30000.097785,1.485821,-0.324238,1,0
23.660000,107.965649,0.994638,0.000000,108.960287,1.628568,0.196263,4.641417,298.260803,0.104565,0.103017,-0.000001,30000.091479,1.482636,-0.312791,1,0
23.670000,107.965664,1.075018,0.000000,109.040682,1.628569,0.196263,4.643379,298.262789,0.105161,0.103415,-0.000001,30000.085579,1.479567,-0.300966,1,0
23.680000,107.965680,1.116149,0.000000,109.081829,1.628569,0.196263,4.645342,298.264774,0.105791,0.103835,-0.000001,30000.080060,1.476618,-0.288775,1,0
23.690000,107.965695,1.190835,0.000000,109.156530,1.628569,0.196263,4.647305,298.266760,0.106453,0.104276,-0.000001,30000.074897,1.473793,-0.276236,1,0
23.700000,107.965711,1.255057,0.000000,109.220768,1.628569,0.196263,4.649267,298.268745,0.107148,0.104739,-0.000001,30000.070066,1.471095,-0.263368,1,0
23.710000,107.965727,1.319790,0.000000,109.285517,1.628569,0.196263,4.651230,298.270730,0.107874,0.105224,-0.000001,30000.065547,1.468528,-0.250188,1,0
23.720000,107.965743,1.384233,0.000000,109.349975,1.628569,0.196263,4.653192,298.272715,0.108631,0.105729,-0.000001,30000.061320,1.466093,-0.236715,1,0
23.730000,107.965759,1.448417,0.000000,109.414175,1.628570,0.196263,4.655155,298.274701,0.109419,0.106254,-0.000001,30000.057365,1.463795,-0.222968,1,0
23.740000,107.965775,1.512309,0.000000,109.478084,1.628570,0.196263,4.657118,298.276686,0.110238,0.106800,-0.000001,30000.053666,1.461635,-0.208966,1,0
23.750000,107.965791,1.575909,0.000000,109.541700,1.628570,0.196263,4.659080,298.278671,0.111086,0.107366,-0.000001,30000.050205,1.459617,-0.194724,1,0
23.760000,107.965807,1.639217,0.000000,109.605023,1.628570,0.196263,4.661043,298.280656,0.111965,0.107952,-0.000001,30000.046967,1.457743,-0.180263,1,0
23.770000,107.965822,1.765604,0.000000,109.731426,1.628571,0.196263,4.663006,298.282641,0.112871,0.108557,-0.000001,30000.043938,1.456014,-0.165605,1,0
23.780000,107.965838,1.553713,0.000000,109.519551,1.628571,0.196263,4.664968,298.284626,0.113780,0.109181,-0.000001,30000.041104,1.454432,-0.150767,1,0
23.790000,107.965853,1.589633,0.000000,109.555486,1.628571,0.196263,4.666931,298.286611,0.114688,0.109824,-0.000001,30000.038453,1.453000,-0.135770,1,0
23.800000,107.965869,1.632855,0.000000,109.598724,1.628572,0.196263,4.668893,298.288595,0.115597,0.110486,-0.000001,30000.035973,1.451718,-0.120633,1,0
23.810000,107.965883,1.708755,0.000000,109.674639,1.628572,0.196263,4.670856,298.290580,0.116506,0.111166,-0.000001,30000.033653,1.450589,-0.105375,1,0
23.820000,107.965898,1.719538,0.000000,109.685436,1.628572,0.196263,4.672819,298.292565,0.117414,0.111864,-0.000001,30000.031483,1.449612,-0.090015,1,0
23.830000,107.965912,1.700322,0.000000,109.666234,1.628573,0.196263,4.674781,298.294549,0.118323,0.112581,-0.000001,30000.029452,1.448790,-0.074574,1,0
23.840000,107.965926,1.708249,0.000000,109.674175,1.628573,0.196263,4.676744,298.296534,0.119232,0.113315,-0.000001,30000.027553,1.448122,-0.059071,1,0
23.850000,107.965939,1.728780,0.000000,109.694719,1.628574,0.196263,4.678707,298.298518,0.120141,0.114066,-0.000001,30000.025776,1.447610,-0.043525,1,0
23.860000,107.965952,1.768336,0.000000,109.734288,1.628574,0.196263,4.680669,298.300503,0.121049,0.114834,-0.000001,30000.024114,1.447253,-0.027954,1,0
23.870000,107.965964,1.772510,0.000000,109.738473,1.628574,0.196263,4.682632,298.302487,0.121958,0.115620,-0.000001,30000.022558,1.447052,-0.012380,1,0
23.880000,107.965975,1.791421,0.000000,109.757396,1.628575,0.196263,4.684594,298.304472,0.122867,0.116422,-0.000001,30000.021104,1.447007,0.003179,1,0
23.890000,107.965986,1.848289,0.000000,109.814275,1.628575,0.196263,4.686557,298.306456,0.123776,0.117240,-0.000001,30000.019743,1.447117,0.018705,1,0
23.900000,107.965996,1.864828,0.000000,109.830824,1.628576,0.196263,4.688520,298.308440,0.124684,0.118075,-0.000001,30000.018469,1.447382,0.034179,1,0
23.910000,107.966005,1.866055,0.000000,109.832060,1.628576,0.196263,4.690482,298.310424,0.125593,0.118926,-0.000001,30000.017278,1.447802,0.049583,1,0
23.920000,107.966014,1.895390,0.000000,109.861404,1.628577,0.196263,4.692445,298.312408,0.126502,0.119793,-0.000001,30000.016164,1.448375,0.064899,1,0
23.930000,107.966021,2.031264,0.000000,109.997285,1.628577,0.196263,4.694408,298.314392,0.127410,0.120675,-0.000001,30000.015121,1.449100,0.080109,1,0
23.940000,107.966028,1.906484,0.000000,109.872512,1.628578,0.196263,4.696370,298.316376,0.128319,0.121572,-0.000001,30000.014146,1.449977,0.095193,1,0
23.950000,107.966033,1.850911,0.000000,109.816944,1.628578,0.196263,4.698333,298.318360,0.129228,0.122481,-0.000001,30000.013234,1.451004,0.110134,1,0
23.960000,107.966038,1.748064,0.000000,109.714102,1.628579,0.196263,4.700295,298.320344,0.130137,0.123390,-0.000001,30000.012380,1.452180,0.124915,1,0
23.970000,107.966042,1.870394,0.000000,109.836436,1.628579,0.196263,4.702258,298.322328,0.131045,0.124298,-0.000001,30000.011588,1.453503,0.139520,1,0
23.980000,107.966044,1.870394,0.000000,109.836438,1.628580,0.196263,4.704221,298.324312,0.131954,0.125207,-0.000001,30000.010849,1.454971,0.153932,1,0
23.990000,107.966045,1.870394,0.000000,109.836439,1.628580,0.196263,4.706183,298.326295,0.132863,0.126116,-0.000001,30000.010149,1.456582,0.168134,1,0
24.000000,107.966045,1.870394,0.000000,109.836439,1.628581,0.196263,4.708146,298.328279,0.133771,0.127025,-0.000001,30000.009494,1.458333,0.182108,1,0
24.010000,107.966044,1.870394,0.000000,109.836438,1.628582,0.196263,4.710109,298.330263,0.134680,0.127933,-0.000001,30000.008882,1.460224,0.195839,1,0
24.020000,107.966042,2.388196,0.000000,110.354238,1.628582,0.196263,4.712071,298.332246,0.135589,0.128842,0.000579,30000.008309,1.462250,0.209310,1,0
24.030000,107.966038,2.955760,0.000000,110.921798,1.628583,0.196263,4.714034,298.334230,0.136498,0.129751,0.001398,30000.007773,1.464409,0.222506,1,0
24.040000,107.966033,3.771795,0.000000,111.737828,1.628583,0.196263,4.715996,298.336213,0.137406,0.130659,0.002318,30000.007272,1.466699,0.235412,1,0
24.050000,107.966026,2.902599,0.000000,110.868625,1.628584,0.196263,4.717959,298.338196,0.138315,0.131568,0.003281,30000.006803,1.469117,0.248012,1,0
24.060000,107.966018,2.091950,0.000000,110.057967,1.628585,0.196263,4.719922,298.340180,0.139224,0.132477,0.004264,30000.006364,1.471659,0.260293,1,0
24.070000,107.966008,2.158595,0.000000,110.124603,1.628585,0.196263,4.721884,298.342163,0.140132,0.133386,0.005255,30000.005954,1.474322,0.272239,1,0
24.080000,107.965997,2.355241,0.000000,110.321238,1.628586,0.196263,4.723847,298.344146,0.141041,0.134294,0.006251,30000.005570,1.477103,0.283835,1,0
24.090000,107.965984,2.424075,0.000000,110.390058,1.628587,0.196263,4.725810,298.346129,0.141950,0.135197,0.007249,30000.005211,1.479998,0.295068,1,0
24.100000,107.965969,2.376620,0.000000,110.342589,1.628588,0.196263,4.727772,298.348112,0.142859,0.136088,0.008248,30000.004874,1.483003,0.305925,1,0
24.110000,107.965953,2.382521,0.000000,110.348474,1.628588,0.196263,4.729735,298.350095,0.143767,0.136966,0.009248,30000.004560,1.486115,0.316393,1,0
24.120000,107.965935,2.366467,0.000000,110.332402,1.628589,0.196263,4.731697,298.352078,0.144676,0.137832,0.010247,30000.004266,1.489330,0.326457,1,0
24.130000,107.965915,2.341939,0.000000,110.307854,1.628590,0.196263,4.733660,298.354061,0.145585,0.138686,0.011247,30000.003991,1.492643,0.336108,1,0
24.140000,107.965893,2.381463,0.000000,110.347356,1.628590,0.196263,4.735623,298.356044,0.146494,0.139528,0.012247,30000.003734,1.496051,0.345332,1,0
24.150000,107.965869,2.367742,0.000000,110.333612,1.628591,0.196263,4.737585,298.358026,0.147402,0.140359,0.013247,30000.003493,1.499549,0.354118,1,0
24.160000,107.965844,2.350491,0.000000,110.316335,1.628592,0.196263,4.739548,298.360009,0.148311,0.141179,0.014247,30000.003267,1.503132,0.362456,1,0
24.170000,107.965816,2.322197,0.000000,110.288013,1.628593,0.196263,4.741511,298.361992,0.149220,0.141987,0.015247,30000.003057,1.506797,0.370333,1,0
24.180000,107.965786,2.289139,0.000000,110.254925,1.628594,0.196263,4.743473,298.363974,0.150128,0.142784,0.016247,30000.002860,1.510537,0.377740,1,0
24.190000,107.965755,2.327221,0.000000,110.292976,1.628594,0.196263,4.745436,298.365957,0.151037,0.143570,0.017247,30000.002675,1.514350,0.384669,1,0
24.200000,107.965721,2.293451,0.000000,110.259172,1.628595,0.196263,4.747398,298.367939,0.151946,0.144345,0.018247,30000.002503,1.518230,0.391110,1,0
24.210000,107.965685,2.267528,0.000000,110.233213,1.628596,0.196263,4.749361,298.369922,0.152855,0.145110,0.019247,30000.002341,1.522171,0.397055,1,0
24.220000,107.965647,2.236891,0.000000,110.202537,1.628597,0.196263,4.751324,298.371904,0.153763,0.145864,0.020247,30000.002190,1.526170,0.402496,1,0
24.230000,107.965607,2.263422,0.000000,110.229028,1.628598,0.196263,4.753286,298.373886,0.154672,0.146608,0.021247,30000.002049,1.530220,0.407425,1,0
24.240000,107.965564,2.245711,0.000000,110.211275,1.628598,0.196263,4.755249,298.375869,0.155581,0.147342,0.022247,30000.001917,1.534317,0.411836,1,0
24.250000,107.965519,2.179397,0.000000,110.144916,1.628599,0.196263,4.757212,298.377851,0.156489,0.148065,0.023247,30000.001793,1.538455,0.415723,1,0
24.260000,107.965472,2.242145,0.000000,110.207617,1.628600,0.196263,4.759174,298.379833,0.157398,0.148778,0.024247,30000.001678,1.542630,0.419081,1,0
24.270000,107.965423,2.219260,0.000000,110.184682,1.628601,0.196263,4.761137,298.381815,0.158307,0.149482,0.025247,30000.001569,1.546836,0.421906,1,0
24.280000,107.965371,2.207015,0.000000,110.172385,1.628602,0.196263,4.763099,298.383797,0.159216,0.150176,0.026247,30000.001468,1.551067,0.424193,1,0
24.290000,107.965316,2.181081,0.000000,110.146397,1.628603,0.196263,4.765062,298.385779,0.160124,0.150861,0.027247,30000.001373,1.555319,0.425939,1,0
24.300000,107.965262,2.185362,0.000000,110.150624,1.628603,0.196263,4.767025,298.387761,0.161033,0.151536,0.028247,30000.001285,1.559585,0.427142,1,0
24.310000,107.965209,2.129177,0.000000,110.094386,1.628603,0.196263,4.768987,298.389743,0.161942,0.152202,0.029247,30000.001202,1.563860,0.427799,1,0
24.320000,107.965154,2.162664,0.000000,110.127818,1.628604,0.196263,4.770950,298.391725,0.162850,0.152858,0.030247,30000.001125,1.568140,0.427910,1,0
24.330000,107.965098,2.096107,0.000000,110.061205,1.628604,0.196263,4.772913,298.393706,0.163759,0.153506,0.031247,30000.001052,1.572418,0.427475,1,0
24.340000,107.965041,2.099253,0.000000,110.064295,1.628604,0.196263,4.774875,298.395688,0.164668,0.154144,0.032247,30000.000984,1.576688,0.426494,1,0
24.350000,107.964983,2.145463,0.000000,110.110447,1.628605,0.196263,4.776838,298.397670,0.165577,0.154774,0.033247,30000.000921,1.580946,0.424968,1,0
24.360000,107.964924,2.129236,0.000000,110.094160,1.628605,0.196263,4.778800,298.399651,0.166485,0.155396,0.034247,30000.000861,1.585187,0.422900,1,0
24.370000,107.964865,2.118387,0.000000,110.083252,1.628605,0.196263,4.780763,298.401633,0.167394,0.156008,0.035247,30000.000806,1.589403,0.420292,1,0
24.380000,107.964804,2.093913,0.000000,110.058717,1.628605,0.196263,4.782726,298.403614,0.168303,0.156613,0.036247,30000.000754,1.593591,0.417148,1,0
24.390000,107.964743,2.099472,0.000000,110.064215,1.628605,0.196263,4.784688,298.405595,0.169211,0.157209,0.037247,30000.000705,1.597745,0.413471,1,0
24.400000,107.964680,2.103589,0.000000,110.068270,1.628605,0.196263,4.786651,298.407577,0.170120,0.157796,0.038247,30000.000660,1.601859,0.409268,1,0
24.410000,107.964617,2.031586,0.000000,109.996203,1.628606,0.196263,4.788614,298.409558,0.171029,0.158376,0.039247,30000.000617,1.605929,0.404544,1,0
24.420000,107.964554,2.075603,0.000000,110.040157,1.628606,0.196263,4.790576,298.411539,0.171938,0.158948,0.040247,30000.000577,1.609949,0.399306,1,0
24.430000,107.964490,2.045989,0.000000,110.010480,1.628606,0.196263,4.792539,298.413520,0.172846,0.159512,0.041247,30000.000540,1.613914,0.393562,1,0
24.440000,107.964426,2.104965,0.000000,110.069391,1.628606,0.196263,4.794502,298.415502,0.173755,0.160068,0.042247,30000.000505,1.617819,0.387321,1,0
24.450000,107.964361,2.064869,0.000000,110.029230,1.628606,0.196263,4.796464,298.417483,0.174664,0.160616,0.043247,30000.000473,1.621659,0.380588,1,0
24.460000,107.964296,1.993192,0.000000,109.957488,1.628606,0.196263,4.798427,298.419464,0.175573,0.161157,0.044247,30000.000442,1.625429,0.373375,1,0
24.470000,107.964231,2.021192,0.000000,109.985423,1.628605,0.196263,4.800389,298.421445,0.176481,0.161691,0.045247,30000.000414,1.629125,0.365693,1,0
24.480000,107.964166,2.042362,0.000000,110.006528,1.628605,0.196263,4.802352,298.423425,0.177390,0.162217,0.046247,30000.000387,1.632742,0.357553,1,0
24.490000,107.964100,2.015006,0.000000,109.979106,1.628605,0.196263,4.804315,298.425406,0.178299,0.162736,0.047247,30000.000362,1.636275,0.348966,1,0
24.500000,107.964035,1.994090,0.000000,109.958126,1.628605,0.196263,4.806277,298.427387,0.179207,0.163248,0.048247,30000.000339,1.639720,0.339947,1,0
24.510000,107.963970,1.977645,0.000000,109.941615,1.628605,0.196263,4.808240,298.429368,0.180116,0.163753,0.049247,30000.000317,1.643072,0.330505,1,0
24.520000,107.963906,1.609229,0.000000,109.573134,1.628604,0.196263,4.810203,298.431348,0.181025,0.164250,0.049683,30000.000296,1.646328,0.320652,1,0
24.530000,107.963841,1.474232,0.000000,109.438074,1.628604,0.196263,4.812165,298.433329,0.181934,0.164741,0.049864,30000.000277,1.649484,0.310406,1,0
24.540000,107.963778,1.405343,0.000000,109.369121,1.628604,0.196263,4.814128,298.435309,0.182842,0.165225,0.049942,30000.000259,1.652535,0.299780,1,0
24.550000,107.963715,1.378211,0.000000,109.341926,1.628603,0.196263,4.816090,298.437290,0.183751,0.165703,0.049975,30000.000243,1.655478,0.288791,1,0
24.560000,107.963652,1.344835,0.000000,109.308487,1.628603,0.196263,4.818053,298.439270,0.184659,0.166174,0.049989,30000.000227,1.658309,0.277453,1,0
24.570000,107.963591,1.318579,0.000000,109.282169,1.628603,0.196263,4.820016,298.441251,0.185556,0.166638,0.049995,30000.000212,1.661026,0.265783,1,0
24.580000,107.963530,1.296160,0.000000,109.259690,1.628602,0.196263,4.821978,298.443231,0.186438,0.167095,0.049997,30000.000199,1.663623,0.253792,1,0
24.590000,107.963471,1.275098,0.000000,109.238569,1.628602,0.196263,4.823941,298.445211,0.187305,0.167543,0.049998,30000.000187,1.666100,0.241501,1,0
24.600000,107.963412,1.254572,0.000000,109.217984,1.628601,0.196263,4.825904,298.447192,0.188161,0.167986,0.049999,30000.000175,1.668452,0.228927,1,0
24.610000,107.963356,1.234558,0.000000,109.197913,1.628600,0.196263,4.827866,298.449172,0.189002,0.168421,0.049999,30000.000164,1.670676,0.216086,1,0
24.620000,107.963300,1.215198,0.000000,109.178499,1.628600,0.196263,4.829829,298.451152,0.189821,0.168845,0.049999,30000.000155,1.672772,0.202997,1,0
24.630000,107.963246,1.196068,0.000000,109.159314,1.628599,0.196263,4.831791,298.453132,0.190635,0.169266,0.049999,30000.000145,1.674735,0.189678,1,0
24.640000,107.963194,1.177191,0.000000,109.140385,1.628598,0.196263,4.833754,298.455112,0.191440,0.169683,0.049999,30000.000136,1.676564,0.176143,1,0
24.650000,107.963144,1.158860,0.000000,109.122004,1.628597,0.196263,4.835717,298.457092,0.192226,0.170089,0.049999,30000.000129,1.678256,0.162412,1,0
24.660000,107.963096,1.140599,0.000000,109.103695,1.628597,0.196263,4.837679,298.459072,0.193012,0.170496,0.049999,30000.000121,1.679810,0.148504,1,0
24.670000,107.963050,1.122871,0.000000,109.085922,1.628596,0.196263,4.839642,298.461051,0.193778,0.170892,0.049999,30000.000114,1.681224,0.134437,1,0
24.680000,107.963007,1.105356,0.000000,109.068363,1.628595,0.196263,4.841605,298.463031,0.194537,0.171285,0.049999,30000.000107,1.682497,0.120228,1,0
24.690000,107.962966,1.087965,0.000000,109.050931,1.628594,0.196263,4.843567,298.465011,0.195294,0.171676,0.049999,30000.000100,1.683628,0.105897,1,0
24.700000,107.962928,1.070934,0.000000,109.033862,1.628593,0.196263,4.845530,298.466990,0.196037,0.172061,0.049999,30000.000094,1.684614,0.091461,1,0
24.710000,107.962892,1.054143,0.000000,109.017036,1.628591,0.196263,4.847492,298.468970,0.196773,0.172442,0.049999,30000.000088,1.685456,0.076939,1,0
24.720000,107.962860,1.037590,0.000000,109.000450,1.628590,0.196263,4.849455,298.470949,0.197501,0.172819,0.049999,30000.000082,1.686151,0.062349,1,0
24.730000,107.962830,1.021272,0.000000,108.984102,1.628589,0.196263,4.851418,298.472929,0.198221,0.173191,0.049999,30000.000077,1.686701,0.047710,1,0
24.740000,107.962805,1.005201,0.000000,108.968006,1.628588,0.196263,4.853380,298.474908,0.198932,0.173559,0.049999,30000.000072,1.687104,0.033039,1,0
24.750000,107.962782,0.989433,0.000000,108.952215,1.628586,0.196263,4.855343,298.476888,0.199633,0.173922,0.049999,30000.000067,1.687361,0.018354,1,0
24.760000,107.962763,0.973920,0.000000,108.936684,1.628585,0.196263,4.857306,298.478867,0.200324,0.174279,0.049999,30000.000063,1.687471,0.003673,1,0
24.770000,107.962749,0.958661,0.000000,108.921409,1.628583,0.196263,4.859268,298.480846,0.201006,0.174632,0.049999,30000.000059,1.687433,-0.010984,1,0
24.780000,107.962738,0.943652,0.000000,108.906390,1.628582,0.196263,4.861231,298.482825,0.201679,0.174980,0.049999,30000.000055,1.687250,-0.025601,1,0
24.790000,107.962731,0.928892,0.000000,108.891623,1.628580,0.196263,4.863193,298.484805,0.202343,0.175324,0.049999,30000.000051,1.686920,-0.040160,1,0
24.800000,107.962729,0.914367,0.000000,108.877096,1.628579,0.196263,4.865156,298.486784,0.202999,0.175663,0.049999,30000.000048,1.686446,-0.054644,1,0
24.810000,107.962732,0.900084,0.000000,108.862816,1.628577,0.196263,4.867119,298.488763,0.203645,0.175997,0.049999,30000.000045,1.685827,-0.069037,1,0
24.820000,107.962740,0.886041,0.000000,108.848781,1.628575,0.196263,4.869081,298.490742,0.204282,0.176327,0.049999,30000.000042,1.685065,-0.083320,1,0
24.830000,107.962752,0.872237,0.000000,108.834989,1.628573,0.196263,4.871044,298.492721,0.204911,0.176652,0.049999,30000.000039,1.684160,-0.097476,1,0
24.840000,107.962770,0.858659,0.000000,108.821430,1.628571,0.196263,4.873007,298.494699,0.205531,0.176973,0.049999,30000.000036,1.683115,-0.111488,1,0
24.850000,107.962794,0.845260,0.000000,108.808054,1.628569,0.196263,4.874969,298.496678,0.206144,0.177290,0.049999,30000.000034,1.681930,-0.125340,1,0
24.860000,107.962823,0.832074,0.000000,108.794897,1.628567,0.196263,4.876932,298.498657,0.206749,0.177604,0.049999,30000.000031,1.680608,-0.139017,1,0
24.870000,107.962858,0.819100,0.000000,108.781958,1.628565,0.196263,4.878894,298.500636,0.207346,0.177912,0.049999,30000.000029,1.679150,-0.152502,1,0
24.880000,107.962899,0.806335,0.000000,108.769234,1.628563,0.196263,4.880857,298.502614,0.207935,0.178217,0.049999,30000.000027,1.677558,-0.165779,1,0
24.890000,107.962947,0.793779,0.000000,108.756726,1.628561,0.196263,4.882820,298.504593,0.208516,0.178518,0.049999,30000.000025,1.675834,-0.178834,1,0
24.900000,107.963001,0.781431,0.000000,108.744433,1.628558,0.196263,4.884782,298.506571,0.209089,0.178814,0.049999,30000.000023,1.673982,-0.191649,1,0
24.910000,107.963063,0.769289,0.000000,108.732351,1.628556,0.196263,4.886745,298.508550,0.209653,0.179106,0.049999,30000.000021,1.672002,-0.204210,1,0
24.920000,107.963131,0.757351,0.000000,108.720482,1.628553,0.196263,4.888708,298.510528,0.210210,0.179394,0.049999,30000.000020,1.669898,-0.216504,1,0
24.930000,107.963207,0.745617,0.000000,108.708823,1.628551,0.196263,4.890670,298.512506,0.210758,0.179678,0.049999,30000.000018,1.667672,-0.228514,1,0
24.940000,107.963271,0.734075,0.000000,108.697346,1.628550,0.196263,4.892633,298.514485,0.211299,0.179958,0.049999,30000.000017,1.665328,-0.240227,1,0
24.950000,107.963329,0.722644,0.000000,108.685973,1.628549,0.196263,4.894595,298.516463,0.211835,0.180235,0.049999,30000.000015,1.662868,-0.251631,1,0
24.960000,107.963388,0.711397,0.000000,108.674785,1.628549,0.196263,4.896558,298.518441,0.212363,0.180509,0.049999,30000.000014,1.660296,-0.262709,1,0
24.970000,107.963450,0.700331,0.000000,108.663781,1.628548,0.196263,4.898521,298.520419,0.212885,0.180778,0.049999,30000.000013,1.657615,-0.273450,1,0
24.980000,107.963513,0.689446,0.000000,108.652959,1.628548,0.196263,4.900483,298.522397,0.213399,0.181044,0.049999,30000.000012,1.654828,-0.283840,1,0
24.990000,107.963578,0.678741,0.000000,108.642320,1.628548,0.196263,4.902446,298.524375,0.213905,0.181306,0.049999,30000.000011,1.651939,-0.293868,1,0
25.000000,107.963645,0.668215,0.000000,108.631860,1.628547,0.196263,4.904409,298.526353,0.214404,0.181564,0.049999,30000.000010,1.648951,-0.303520,1,0
25.010000,107.963714,0.657867,0.000000,108.621580,1.628547,0.196263,4.906371,298.528330,0.214895,0.181819,0.049999,30000.000009,1.645869,-0.312786,1,0
25.020000,107.963784,0.647695,0.000000,108.611479,1.628547,0.196263,4.908334,298.530308,0.215380,0.182069,0.049999,30000.000008,1.642697,-0.321654,1,0
25.030000,107.963856,0.637699,0.000000,108.601555,1.628546,0.196263,4.910297,298.532286,0.215856,0.182316,0.049999,30000.000008,1.639437,-0.330113,1,0
25.040000,107.963929,0.627872,0.000000,108.591801,1.628546,0.196263,4.912259,298.534263,0.216326,0.182559,0.049999,30000.000007,1.636095,-0.338153,1,0
25.050000,107.964003,0.618099,0.000000,108.582102,1.628546,0.196263,4.914222,298.536241,0.216793,0.182800,0.049999,30000.000006,1.632675,-0.345763,1,0
25.060000,107.964079,0.608478,0.000000,108.572556,1.628546,0.196263,4.916184,298.538218,0.217253,0.183039,0.049999,30000.000006,1.629181,-0.352934,1,0
25.070000,107.964155,0.599007,0.000000,108.563163,1.628546,0.196263,4.918147,298.540196,0.217707,0.183273,0.049999,30000.000005,1.625618,-0.359657,1,0
25.080000,107.964233,0.589687,0.000000,108.553920,1.628545,0.196263,4.920110,298.542173,0.218155,0.183505,0.049999,30000.000005,1.621989,-0.365923,1,0
25.090000,107.964312,0.580517,0.000000,108.544828,1.628545,0.196263,4.922072,298.544150,0.218595,0.183733,0.049999,30000.000004,1.618300,-0.371725,1,0
25.100000,107.964391,0.571495,0.000000,108.535886,1.628545,0.196263,4.924035,298.546128,0.219030,0.183958,0.049999,30000.000004,1.614556,-0.377055,1,0
25.110000,107.964471,0.562622,0.000000,108.527093,1.628545,0.196263,4.925998,298.548105,0.219458,0.184179,0.049999,30000.000004,1.610760,-0.381906,1,0
25.120000,107.964552,0.553897,0.000000,108.518448,1.628545,0.196263,4.927960,298.550082,0.219879,0.184397,0.049999,30000.000003,1.606919,-0.386272,1,0
25.130000,107.964633,0.545318,0.000000,108.509951,1.628545,0.196263,4.929923,298.552059,0.220294,0.184612,0.049999,30000.000003,1.603036,-0.390147,1,0
25.140000,107.964714,0.536886,0.000000,108.501601,1.628545,0.196263,4.931885,298.554036,0.220702,0.184823,0.049999,30000.000003,1.599117,-0.393525,1,0
25.150000,107.964796,0.528486,0.000000,108.493282,1.628545,0.196263,4.933848,298.556013,0.221109,0.185033,0.049999,30000.000002,1.595167,-0.396402,1,0
25.160000,107.964878,0.520211,0.000000,108.485089,1.628546,0.196263,4.935811,298.557990,0.221509,0.185241,0.049999,30000.000002,1.591190,-0.398776,1,0
25.170000,107.964960,0.512062,0.000000,108.477022,1.628546,0.196263,4.937773,298.559966,0.221904,0.185445,0.049999,30000.000002,1.587192,-0.400641,1,0
25.180000,107.965042,0.504037,0.000000,108.469079,1.628546,0.196263,4.939736,298.561943,0.222294,0.185647,0.049999,30000.000002,1.583179,-0.401997,1,0
25.190000,107.965124,0.496137,0.000000,108.461261,1.628546,0.196263,4.941699,298.563920,0.222677,0.185845,0.049999,30000.000001,1.579154,-0.402840,1,0
25.200000,107.965205,0.488361,0.000000,108.453566,1.628546,0.196263,4.943661,298.565896,0.223055,0.186041,0.049999,30000.000001,1.575123,-0.403170,1,0
25.210000,107.965286,0.480709,0.000000,108.445995,1.628547,0.196263,4.945624,298.567873,0.223428,0.186233,0.049999,30000.000001,1.571092,-0.402987,1,0
25.220000,107.965366,0.473180,0.000000,108.438546,1.628547,0.196263,4.947586,298.569849,0.223794,0.186423,0.049999,30000.000001,1.567065,-0.402290,1,0
25.230000,107.965446,0.465774,0.000000,108.431220,1.628547,0.196263,4.949549,298.571826,0.224155,0.186610,0.049999,30000.000001,1.563047,-0.401081,1,0
25.240000,107.965525,0.458491,0.000000,108.424016,1.628548,0.196263,4.951512,298.573802,0.224510,0.186794,0.049999,30000.000001,1.559045,-0.399362,1,0
25.250000,107.965603,0.451272,0.000000,108.416875,1.628548,0.196263,4.953474,298.575779,0.224862,0.186976,0.049999,30000.000001,1.555062,-0.397135,1,0
25.260000,107.965679,0.444155,0.000000,108.409835,1.628549,0.196263,4.955437,298.577755,0.225209,0.187155,0.049999,30000.000001,1.551104,-0.394403,1,0
25.270000,107.965755,0.437142,0.000000,108.402897,1.628549,0.196263,4.957400,298.579731,0.225551,0.187332,0.049999,30000.000001,1.547175,-0.391169,1,0
25.280000,107.965829,0.430230,0.000000,108.396059,1.628550,0.196263,4.959362,298.581707,0.225889,0.187507,0.049999,30000.000001,1.543282,-0.387438,1,0
25.290000,107.965902,0.423418,0.000000,108.389320,1.628550,0.196263,4.961325,298.583683,0.226221,0.187679,0.049999,30000.000001,1.539428,-0.383216,1,0
25.300000,107.965973,0.416704,0.000000,108.382677,1.628551,0.196263,4.963287,298.585659,0.226549,0.187848,0.049999,30000.000001,1.535619,-0.378508,1,0
25.310000,107.966042,0.410087,0.000000,108.376129,1.628552,0.196263,4.965250,298.587635,0.226872,0.188016,0.049999,30000.000001,1.531859,-0.373323,1,0
25.320000,107.966110,0.403565,0.000000,108.369674,1.628552,0.196263,4.967213,298.589611,0.227190,0.188180,0.049999,30000.000001,1.528154,-0.367666,1,0
25.330000,107.966175,0.397136,0.000000,108.363311,1.628553,0.196263,4.969175,298.591587,0.227504,0.188343,0.049999,30000.000001,1.524507,-0.361544,1,0
25.340000,107.966238,0.390799,0.000000,108.357037,1.628554,0.196263,4.971138,298.593563,0.227813,0.188503,0.049999,30000.000001,1.520924,-0.354967,1,0
25.350000,107.966299,0.384553,0.000000,108.350851,1.628555,0.196263,4.973101,298.595538,0.228118,0.188661,0.049999,30000.000001,1.517409,-0.347945,1,0
25.360000,107.966357,0.378395,0.000000,108.344752,1.628556,0.196263,4.975063,298.597514,0.228419,0.188816,0.049999,30000.000001,1.513967,-0.340487,1,0
25.370000,107.966413,0.372324,0.000000,108.338737,1.628556,0.196263,4.977026,298.599489,0.228715,0.188970,0.049999,30000.000001,1.510601,-0.332605,1,0
25.380000,107.966466,0.366339,0.000000,108.332805,1.628557,0.196263,4.978988,298.601465,0.229007,0.189121,0.049999,30000.000001,1.507316,-0.324307,1,0
25.390000,107.966516,0.360438,0.000000,108.326954,1.628558,0.196263,4.980951,298.603440,0.229295,0.189270,0.049999,30000.000001,1.504115,-0.315606,1,0
25.400000,107.966562,0.354620,0.000000,108.321183,1.628559,0.196263,4.982914,298.605416,0.229579,0.189417,0.049999,30000.000001,1.501003,-0.306514,1,0
25.410000,107.966606,0.348884,0.000000,108.315490,1.628560,0.196263,4.984876,298.607391,0.229858,0.189561,0.049999,30000.000001,1.497984,-0.297044,1,0
25.420000,107.966646,0.343227,0.000000,108.309873,1.628561,0.196263,4.986839,298.609366,0.230134,0.189704,0.049999,30000.000001,1.495062,-0.287210,1,0
25.430000,107.966683,0.337648,0.000000,108.304331,1.628563,0.196263,4.988802,298.611341,0.230406,0.189845,0.049999,30000.000001,1.492240,-0.277027,1,0
25.440000,107.966716,0.332147,0.000000,108.298863,1.628564,0.196263,4.990764,298.613317,0.230674,0.189983,0.049999,30000.000001,1.489521,-0.266503,1,0
25.450000,107.966745,0.326723,0.000000,108.293468,1.628565,0.196263,4.992727,298.615292,0.230938,0.190120,0.049999,30000.000001,1.486909,-0.255657,1,0
25.460000,107.966770,0.321374,0.000000,108.288143,1.628566,0.196263,4.994689,298.617267,0.231199,0.190255,0.049999,30000.000001,1.484406,-0.244503,1,0
25.470000,107.966790,0.316098,0.000000,108.282888,1.628568,0.196263,4.996652,298.619242,0.231455,0.190388,0.049999,30000.000001,1.482017,-0.233057,1,0
25.480000,107.966807,0.310893,0.000000,108.277700,1.628569,0.196263,4.998615,298.621216,0.231708,0.190519,0.049999,30000.000001,1.479744,-0.221337,1,0
25.490000,107.966819,0.305760,0.000000,108.272579,1.628570,0.196263,5.000577,298.623191,0.231958,0.190648,0.049999,30000.000001,1.477589,-0.209356,1,0
25.500000,107.966826,0.300695,0.000000,108.267521,1.628572,0.196263,5.002540,298.625166,0.232204,0.190775,0.049999,30000.000001,1.475555,-0.197127,1,0
25.510000,107.966828,0.295699,0.000000,108.262527,1.628573,0.196263,5.004503,298.627141,0.232447,0.190901,0.049999,30000.000001,1.473645,-0.184670,1,0
25.520000,107.966826,0.290769,0.000000,108.257594,1.628575,0.196263,5.006465,298.629115,0.232686,0.191025,0.049999,30000.000001,1.471860,-0.172002,1,0
25.530000,107.966818,0.285904,0.000000,108.252722,1.628576,0.196263,5.008428,298.631090,0.232922,0.191147,0.049999,30000.000001,1.470203,-0.159141,1,0
25.540000,107.966804,0.281104,0.000000,108.247908,1.628578,0.196263,5.010390,298.633064,0.233155,0.191268,0.049999,30000.000001,1.468676,-0.146104,1,0
25.550000,107.966786,0.276366,0.000000,108.243152,1.628580,0.196263,5.012353,298.635039,0.233385,0.191387,0.049999,30000.000002,1.467280,-0.132906,1,0
25.560000,107.966761,0.271690,0.000000,108.238451,1.628581,0.196263,5.014316,298.637013,0.233611,0.191504,0.049999,30000.000002,1.466017,-0.119561,1,0
25.570000,107.966731,0.267074,0.000000,108.233805,1.628583,0.196263,5.016278,298.638987,0.233835,0.191620,0.049999,30000.000002,1.464887,-0.106091,1,0
25.580000,107.966723,0.262518,0.000000,108.229241,1.628584,0.196263,5.018241,298.640962,0.234055,0.191734,0.049999,30000.000002,1.463893,-0.092513,1,0
25.590000,107.966721,0.258019,0.000000,108.224740,1.628585,0.196263,5.020204,298.642936,0.234273,0.191846,0.049999,30000.000002,1.463036,-0.078846,1,0
25.600000,107.966716,0.253578,0.000000,108.220294,1.628585,0.196263,5.022166,298.644910,0.234488,0.191957,0.049999,30000.000002,1.462316,-0.065108,1,0
25.610000,107.966710,0.249192,0.000000,108.215902,1.628586,0.196263,5.024129,298.646884,0.234700,0.192067,0.049999,30000.000001,1.461733,-0.051310,1,0
25.620000,107.966701,0.244860,0.000000,108.211561,1.628586,0.196263,5.026091,298.648858,0.234909,0.192176,0.049999,30000.000001,1.461289,-0.037471,1,0
25.630000,107.966691,0.240582,0.000000,108.207273,1.628587,0.196263,5.028054,298.650832,0.235115,0.192282,0.049999,30000.000001,1.460983,-0.023611,1,0
25.640000,107.966678,0.236356,0.000000,108.203034,1.628587,0.196263,5.030017,298.652806,0.235319,0.192388,0.049999,30000.000001,1.460816,-0.009748,1,0
25.650000,107.966663,0.232215,0.000000,108.198878,1.628588,0.196263,5.031979,298.654780,0.235519,0.192492,0.049999,30000.000001,1.460788,0.004101,1,0
25.660000,107.966647,0.228142,0.000000,108.194789,1.628589,0.196263,5.033942,298.656754,0.235716,0.192593,0.049999,30000.000001,1.460898,0.017919,1,0
25.670000,107.966628,0.224125,0.000000,108.190753,1.628589,0.196263,5.035905,298.658728,0.235910,0.192694,0.049999,30000.000001,1.461146,0.031695,1,0
25.680000,107.966608,0.220162,0.000000,108.186770,1.628590,0.196263,5.037867,298.660701,0.236101,0.192793,0.049999,30000.000001,1.461532,0.045407,1,0
25.690000,107.966585,0.216253,0.000000,108.182838,1.628590,0.196263,5.039830,298.662675,0.236290,0.192891,0.049999,30000.000001,1.462054,0.059040,1,0
25.700000,107.966561,0.212396,0.000000,108.178957,1.628590,0.196263,5.041792,298.664649,0.236476,0.192987,0.049999,30000.000001,1.462712,0.072576,1,0
25.710000,107.966535,0.208591,0.000000,108.175126,1.628591,0.196263,5.043755,298.666622,0.236660,0.193082,0.049999,30000.000001,1.463505,0.085998,1,0
25.720000,107.966508,0.204837,0.000000,108.171344,1.628591,0.196263,5.045718,298.668595,0.236841,0.193176,0.049999,30000.000001,1.464432,0.099292,1,0
25.730000,107.966478,0.201132,0.000000,108.167611,1.628592,0.196263,5.047680,298.670569,0.237020,0.193269,0.049999,30000.000001,1.465491,0.112443,1,0
25.740000,107.966447,0.197477,0.000000,108.163925,1.628592,0.196263,5.049643,298.672542,0.237196,0.193360,0.049999,30000.000001,1.466681,0.125434,1,0
25.750000,107.966415,0.193870,0.000000,108.160285,1.628592,0.196263,5.051606,298.674515,0.237370,0.193450,0.049999,30000.000001,1.467999,0.138250,1,0
25.760000,107.966381,0.190311,0.000000,108.156692,1.628593,0.196263,5.053568,298.676489,0.237542,0.193539,0.049999,30000.000001,1.469445,0.150876,1,0
25.770000,107.966346,0.186798,0.000000,108.153143,1.628593,0.196263,5.055531,298.678462,0.237711,0.193627,0.049999,30000.000001,1.471017,0.163296,1,0
25.780000,107.966309,0.183331,0.000000,108.149639,1.628593,0.196263,5.057494,298.680435,0.237879,0.193714,0.049999,30000.000001,1.472711,0.175497,1,0
25.790000,107.966271,0.179908,0.000000,108.146179,1.628594,0.196263,5.059456,298.682408,0.238044,0.193799,0.049999,30000.000001,1.474526,0.187464,1,0
25.800000,107.966232,0.176530,0.000000,108.142761,1.628594,0.196263,5.061419,298.684381,0.238207,0.193884,0.049999,30000.000001,1.476460,0.199183,1,0
25.810000,107.966191,0.173195,0.000000,108.139386,1.628594,0.196263,5.063381,298.686354,0.238368,0.193967,0.049999,30000.000001,1.478509,0.210640,1,0
25.820000,107.966150,0.169902,0.000000,108.136052,1.628594,0.196263,5.065344,298.688327,0.238527,0.194049,0.049999,30000.000001,1.480672,0.221822,1,0
25.830000,107.966107,0.166651,0.000000,108.132759,1.628594,0.196263,5.067307,298.690299,0.238685,0.194131,0.049999,30000.000001,1.482945,0.232716,1,0
25.840000,107.966064,0.163441,0.000000,108.129505,1.628594,0.196263,5.069269,298.692272,0.238840,0.194211,0.049999,30000.000001,1.485325,0.243309,1,0
25.850000,107.966020,0.160301,0.000000,108.126321,1.628594,0.196263,5.071232,298.694245,0.238992,0.194290,0.049999,30000.000001,1.487810,0.253587,1,0
25.860000,107.965975,0.157224,0.000000,108.123199,1.628594,0.196263,5.073195,298.696217,0.239142,0.194368,0.049999,30000.000001,1.490396,0.263539,1,0
25.870000,107.965930,0.154192,0.000000,108.120122,1.628594,0.196263,5.075157,298.698190,0.239289,0.194444,0.049999,30000.000001,1.493080,0.273153,1,0
25.880000,107.965884,0.151205,0.000000,108.117089,1.628594,0.196263,5.077120,298.700162,0.239434,0.194519,0.049999,30000.000001,1.495858,0.282417,1,0
25.890000,107.965838,0.148262,0.000000,108.114099,1.628594,0.196263,5.079082,298.702135,0.239578,0.194594,0.049999,30000.000001,1.498727,0.291320,1,0
25.900000,107.965791,0.145362,0.000000,108.111152,1.628594,0.196263,5.081045,298.704107,0.239719,0.194667,0.049999,30000.000001,1.501684,0.299852,1,0
25.910000,107.965744,0.142504,0.000000,108.108248,1.628594,0.196263,5.083008,298.706080,0.239859,0.194739,0.049999,30000.000001,1.504723,0.308002,1,0
25.920000,107.965697,0.139688,0.000000,108.105386,1.628594,0.196263,5.084970,298.708052,0.239996,0.194810,0.049999,30000.000001,1.507842,0.315759,1,0
25.930000,107.965650,0.136914,0.000000,108.102565,1.628594,0.196263,5.086933,298.710024,0.240132,0.194881,0.049999,30000.000001,1.511037,0.323114,1,0
25.940000,107.965604,0.134181,0.000000,108.099785,1.628593,0.196263,5.088896,298.711996,0.240266,0.194950,0.049999,30000.000000,1.514303,0.330058,1,0
25.950000,107.965557,0.131488,0.000000,108.097045,1.628593,0.196263,5.090858,298.713968,0.240398,0.195019,0.049999,30000.000000,1.517637,0.336582,1,0
25.960000,107.965511,0.128834,0.000000,108.094346,1.628593,0.196263,5.092821,298.715940,0.240529,0.195086,0.049999,30000.000000,1.521034,0.342678,1,0
25.970000,107.965466,0.126220,0.000000,108.091686,1.628592,0.196263,5.094783,298.717912,0.240657,0.195153,0.049999,30000.000000,1.524489,0.348339,1,0
25.980000,107.965421,0.123644,0.000000,108.089065,1.628592,0.196263,5.096746,298.719884,0.240784,0.195219,0.049999,30000.000000,1.527999,0.353556,1,0
25.990000,107.965377,0.121106,0.000000,108.086483,1.628591,0.196263,5.098709,298.721856,0.240910,0.195284,0.049999,30000.000000,1.531559,0.358324,1,0
26.000000,107.965334,0.118606,0.000000,108.083940,1.628591,0.196263,5.100671,298.723828,0.241034,0.195348,0.049999,30000.000000,1.535165,0.362635,1,0
26.010000,107.965292,0.116142,0.000000,108.081434,1.628590,0.196263,5.102634,298.725799,0.241156,0.195411,0.049999,30000.000000,1.538811,0.366486,1,0
26.020000,107.965252,0.888343,0.000000,108.853594,1.628590,0.196263,5.104597,298.727771,0.241209,0.195420,0.049420,30000.000000,1.542493,0.369870,1,0
26.030000,107.965212,0.634135,0.000000,108.599348,1.628589,0.196263,5.106559,298.729742,0.241192,0.195373,0.048600,30000.000000,1.546207,0.372783,1,0
26.040000,107.965175,1.565133,0.000000,109.530308,1.628588,0.196263,5.108522,298.731714,0.241108,0.195272,0.047680,30000.000000,1.549948,0.375221,1,0
26.050000,107.965139,0.931947,0.000000,108.897086,1.628588,0.196263,5.110484,298.733685,0.240955,0.195118,0.046717,30000.000000,1.553710,0.377181,1,0
26.060000,107.965105,0.760515,0.000000,108.725620,1.628587,0.196263,5.112447,298.735657,0.240737,0.194910,0.045735,30000.000000,1.557490,0.378661,1,0
26.070000,107.965073,1.379854,0.000000,109.344927,1.628586,0.196263,5.114410,298.737628,0.240452,0.194651,0.044744,30000.000000,1.561282,0.379659,1,0
26.080000,107.965043,1.785459,0.000000,109.750502,1.628585,0.196263,5.116372,298.739599,0.240103,0.194340,0.043748,30000.000000,1.565082,0.380173,1,0
26.090000,107.965015,2.012459,0.000000,109.977475,1.628584,0.196263,5.118335,298.741571,0.239690,0.193979,0.042750,30000.000000,1.568884,0.380202,1,0
26.100000,107.964990,2.182079,0.000000,110.147070,1.628583,0.196263,5.120298,298.743542,0.239213,0.193567,0.041751,30000.000000,1.572685,0.379747,1,0
26.110000,107.964968,2.311274,0.000000,110.276242,1.628582,0.196263,5.122260,298.745513,0.238675,0.193106,0.040751,30000.000000,1.576478,0.378808,1,0
26.120000,107.964949,2.568922,0.000000,110.533871,1.628581,0.196263,5.124223,298.747484,0.238075,0.192597,0.039751,30000.000000,1.580259,0.377388,1,0
26.130000,107.964933,2.725906,0.000000,110.690839,1.628579,0.196263,5.126185,298.749455,0.237415,0.192039,0.038751,30000.000000,1.584024,0.375486,1,0
26.140000,107.964920,2.862280,0.000000,110.827201,1.628578,0.196263,5.128148,298.751426,0.236694,0.191434,0.037751,30000.000000,1.587768,0.373107,1,0
26.150000,107.964911,2.986782,0.000000,110.951693,1.628577,0.196263,5.130111,298.753397,0.235916,0.190782,0.036751,30000.000000,1.591485,0.370253,1,0
26.160000,107.964905,3.196156,0.000000,111.161062,1.628575,0.196263,5.132073,298.755367,0.235079,0.190085,0.035751,30000.000000,1.595172,0.366929,1,0
26.170000,107.964904,3.365092,0.000000,111.329996,1.628574,0.196263,5.134036,298.757338,0.234185,0.189342,0.034752,30000.000000,1.598823,0.363140,1,0
26.180000,107.964906,2.978360,0.000000,110.943266,1.628572,0.196263,5.135999,298.759309,0.233276,0.188554,0.033752,30000.000000,1.602433,0.358891,1,0
26.190000,107.964913,3.090792,0.000000,111.055706,1.628571,0.196263,5.137961,298.761279,0.232367,0.187722,0.032752,30000.000000,1.605999,0.354187,1,0
26.200000,107.964925,3.208557,0.000000,111.173482,1.628569,0.196263,5.139924,298.763250,0.231458,0.186847,0.031752,30000.000000,1.609515,0.349035,1,0
26.210000,107.964941,2.701449,0.000000,110.666390,1.628568,0.196263,5.141886,298.765220,0.230550,0.185938,0.030752,30000.000000,1.612978,0.343443,1,0
26.220000,107.964952,2.939963,0.000000,110.904915,1.628567,0.196263,5.143849,298.767191,0.229641,0.185029,0.029752,30000.000000,1.616383,0.337419,1,0
26.230000,107.964962,2.903119,0.000000,110.868081,1.628567,0.196263,5.145812,298.769161,0.228732,0.184120,0.028752,30000.000000,1.619725,0.330971,1,0
26.240000,107.964974,2.919921,0.000000,110.884895,1.628567,0.196263,5.147774,298.771132,0.227823,0.183212,0.027752,30000.000000,1.623001,0.324108,1,0
26.250000,107.964987,2.898210,0.000000,110.863197,1.628567,0.196263,5.149737,298.773102,0.226915,0.182303,0.026752,30000.000000,1.626206,0.316840,1,0
26.260000,107.965000,2.936915,0.000000,110.901915,1.628568,0.196263,5.151700,298.775072,0.226006,0.181394,0.025752,30000.000000,1.629337,0.309177,1,0
26.270000,107.965014,2.965584,0.000000,110.930598,1.628568,0.196263,5.153662,298.777042,0.225097,0.180486,0.024752,30000.000000,1.632388,0.301130,1,0
26.280000,107.965029,2.941159,0.000000,110.906188,1.628568,0.196263,5.155625,298.779012,0.224189,0.179577,0.023752,30000.000000,1.635358,0.292711,1,0
26.290000,107.965045,2.905887,0.000000,110.870932,1.628568,0.196263,5.157587,298.780982,0.223280,0.178668,0.022752,30000.000000,1.638241,0.283932,1,0
26.300000,107.965061,2.938080,0.000000,110.903141,1.628568,0.196263,5.159550,298.782952,0.222371,0.177759,0.021752,30000.000000,1.641035,0.274803,1,0
26.310000,107.965078,2.912786,0.000000,110.877865,1.628568,0.196263,5.161513,298.784922,0.221462,0.176851,0.020752,30000.000000,1.643736,0.265338,1,0
26.320000,107.965096,2.946893,0.000000,110.911989,1.628568,0.196263,5.163475,298.786892,0.220554,0.175942,0.019752,30000.000000,1.646341,0.255550,1,0
26.330000,107.965114,2.974300,0.000000,110.939414,1.628568,0.196263,5.165438,298.788862,0.219645,0.175033,0.018752,30000.000000,1.648846,0.245454,1,0
26.340000,107.965133,2.969849,0.000000,110.934982,1.628569,0.196263,5.167401,298.790832,0.218736,0.174125,0.017752,30000.000000,1.651248,0.235062,1,0
26.350000,107.965152,2.970092,0.000000,110.935244,1.628569,0.196263,5.169363,298.792801,0.217828,0.173216,0.016752,30000.000000,1.653546,0.224390,1,0
26.360000,107.965171,2.964600,0.000000,110.929771,1.628569,0.196263,5.171326,298.794771,0.216919,0.172307,0.015752,30000.000000,1.655735,0.213451,1,0
26.370000,107.965191,2.916014,0.000000,110.881206,1.628569,0.196263,5.173288,298.796741,0.216010,0.171398,0.014752,30000.000000,1.657814,0.202260,1,0
26.380000,107.965212,2.958385,0.000000,110.923597,1.628570,0.196263,5.175251,298.798710,0.215101,0.170490,0.013752,30000.000000,1.659779,0.190832,1,0
26.390000,107.965232,2.921829,0.000000,110.887062,1.628570,0.196263,5.177214,298.800680,0.214193,0.169581,0.012752,30000.000000,1.661629,0.179183,1,0
26.400000,107.965253,2.905343,0.000000,110.870596,1.628570,0.196263,5.179176,298.802649,0.213284,0.168672,0.011752,30000.000000,1.663362,0.167329,1,0
26.410000,107.965274,2.954463,0.000000,110.919737,1.628571,0.196263,5.181139,298.804618,0.212375,0.167764,0.010752,30000.000000,1.664975,0.155285,1,0
26.420000,107.965295,2.962878,0.000000,110.928173,1.628571,0.196263,5.183102,298.806588,0.211467,0.166855,0.009752,30000.000000,1.666466,0.143067,1,0
26.430000,107.965317,2.910879,0.000000,110.876196,1.628571,0.196263,5.185064,298.808557,0.210558,0.165946,0.008752,30000.000000,1.667835,0.130690,1,0
26.440000,107.965338,2.912429,0.000000,110.877767,1.628572,0.196263,5.187027,298.810526,0.209649,0.165037,0.007752,30000.000000,1.669079,0.118172,1,0
26.450000,107.965359,2.898107,0.000000,110.863466,1.628572,0.196263,5.188990,298.812495,0.208740,0.164129,0.006752,30000.000000,1.670197,0.105527,1,0
26.460000,107.965381,2.906364,0.000000,110.871745,1.628572,0.196263,5.190952,298.814464,0.207832,0.163220,0.005752,30000.000000,1.671189,0.092773,1,0
26.470000,107.965402,2.929443,0.000000,110.894844,1.628573,0.196263,5.192915,298.816433,0.206923,0.162311,0.004752,30000.000000,1.672052,0.079926,1,0
26.480000,107.965423,2.911188,0.000000,110.876611,1.628573,0.196263,5.194877,298.818402,0.206014,0.161402,0.003752,30000.000000,1.672786,0.067002,1,0
26.490000,107.965443,2.952668,0.000000,110.918111,1.628574,0.196263,5.196840,298.820371,0.205106,0.160494,0.002752,30000.000000,1.673391,0.054018,1,0
26.500000,107.965464,2.931091,0.000000,110.896555,1.628574,0.196263,5.198803,298.822340,0.204197,0.159585,0.001752,30000.000000,1.673866,0.040989,1,0
26.510000,107.965484,2.937400,0.000000,110.902883,1.628575,0.196263,5.200765,298.824308,0.203288,0.158676,0.000752,34599.964293,1.674210,0.027932,1,0
26.520000,107.965504,1.874363,0.000000,109.839866,1.628575,0.196263,5.202728,298.826277,0.202379,0.157768,0.000316,38903.263019,1.674424,0.014863,1,0
26.530000,107.965523,1.873728,0.000000,109.839250,1.628576,0.196263,5.204691,298.828246,0.201471,0.156859,0.000133,42929.029037,1.674507,0.001799,1,0
26.540000,107.965542,1.878529,0.000000,109.844071,1.628576,0.196263,5.206653,298.830214,0.200562,0.155950,0.000057,46686.798337,1.674460,-0.011245,1,0
26.550000,107.965560,1.876278,0.000000,109.841838,1.628577,0.196263,5.208616,298.832183,0.199653,0.155041,0.000024,50208.717431,1.674282,-0.024253,1,0
26.560000,107.965577,1.873165,0.000000,109.838742,1.628577,0.196263,5.210578,298.834151,0.198744,0.154133,0.000009,53506.446917,1.673974,-0.037208,1,0
26.570000,107.965594,1.871489,0.000000,109.837084,1.628578,0.196263,5.212541,298.836120,0.197836,0.153224,0.000003,56591.956654,1.673538,-0.050096,1,0
26.580000,107.965610,1.870863,0.000000,109.836473,1.628578,0.196263,5.214504,298.838088,0.196927,0.152315,0.000001,59477.407370,1.672972,-0.062900,1,0
26.590000,107.965626,1.870660,0.000000,109.836286,1.628579,0.196263,5.216466,298.840056,0.196018,0.151407,0.000000,62176.111263,1.672280,-0.075605,1,0
26.600000,107.965640,1.870605,0.000000,109.836246,1.628580,0.196263,5.218429,298.842024,0.195110,0.150498,0.000000,64700.592878,1.671460,-0.088196,1,0
26.610000,107.965654,1.870508,0.000000,109.836162,1.628580,0.196263,5.220392,298.843993,0.194201,0.149589,-0.000000,67053.568555,1.670516,-0.100658,1,0
26.620000,107.965667,1.870445,0.000000,109.836112,1.628581,0.196263,5.222354,298.845961,0.193292,0.148680,-0.000000,69247.114362,1.669447,-0.112976,1,0
26.630000,107.965678,1.870415,0.000000,109.836093,1.628582,0.196263,5.224317,298.847929,0.192383,0.147772,-0.000000,71315.365566,1.668256,-0.125135,1,0
26.640000,107.965689,1.870401,0.000000,109.836091,1.628582,0.196263,5.226279,298.849897,0.191475,0.146863,-0.000000,73252.403886,1.666945,-0.137122,1,0
26.650000,107.965699,1.870396,0.000000,109.836094,1.628583,0.196263,5.228242,298.851865,0.190566,0.145954,-0.000001,75065.976226,1.665514,-0.148920,1,0
26.660000,107.965707,1.870395,0.000000,109.836102,1.628584,0.196263,5.230205,298.853832,0.189657,0.145046,-0.000001,76764.191179,1.663967,-0.160518,1,0
26.670000,107.965714,1.870395,0.000000,109.836109,1.628585,0.196263,5.232167,298.855800,0.188749,0.144137,-0.000001,78352.329954,1.662304,-0.171900,1,0
26.680000,107.965720,1.870395,0.000000,109.836114,1.628585,0.196263,5.234130,298.857768,0.187840,0.143228,-0.000001,79837.452589,1.660529,-0.183054,1,0
26.690000,107.965724,1.870395,0.000000,109.836118,1.628586,0.196263,5.236093,298.859736,0.186931,0.142319,-0.000001,81226.275365,1.658644,-0.193966,1,0
26.700000,107.965727,1.870394,0.000000,109.836121,1.628587,0.196263,5.238055,298.861703,0.186022,0.141411,-0.000001,82524.812270,1.656650,-0.204624,1,0
26.710000,107.965728,1.870394,0.000000,109.836123,1.628588,0.196263,5.240018,298.863671,0.185114,0.140502,-0.000001,83738.028452,1.654552,-0.215014,1,0
26.720000,107.965728,1.870395,0.000000,109.836123,1.628589,0.196263,5.241980,298.865638,0.184205,0.139593,-0.000001,84871.616230,1.652351,-0.225124,1,0
26.730000,107.965726,1.870395,0.000000,109.836121,1.628589,0.196263,5.243943,298.867606,0.183296,0.138685,-0.000001,85931.540099,1.650050,-0.234943,1,0
26.740000,107.965723,1.870395,0.000000,109.836118,1.628590,0.196263,5.245906,298.869573,0.182388,0.137776,-0.000001,86923.376069,1.647653,-0.244458,1,0
26.750000,107.965718,1.870394,0.000000,109.836112,1.628591,0.196263,5.247868,298.871541,0.181479,0.136867,-0.000001,87850.628647,1.645162,-0.253658,1,0
26.760000,107.965711,1.870394,0.000000,109.836105,1.628592,0.196263,5.249831,298.873508,0.180570,0.135958,-0.000001,88718.066042,1.642580,-0.262532,1,0
26.770000,107.965702,1.870394,0.000000,109.836096,1.628593,0.196263,5.251794,298.875475,0.179661,0.135050,-0.000001,89530.588199,1.639912,-0.271070,1,0
26.780000,107.965692,1.870394,0.000000,109.836086,1.628594,0.196263,5.253756,298.877442,0.178753,0.134141,-0.000001,90289.794090,1.637160,-0.279261,1,0
26.790000,107.965679,1.870394,0.000000,109.836073,1.628595,0.196263,5.255719,298.879409,0.177844,0.133232,-0.000001,91000.686581,1.634328,-0.287094,1,0
26.800000,107.965665,1.870394,0.000000,109.836059,1.628596,0.196263,5.257681,298.881376,0.176935,0.132323,-0.000001,91666.082230,1.631419,-0.294561,1,0
26.810000,107.965648,1.870394,0.000000,109.836042,1.628597,0.196263,5.259644,298.883343,0.176026,0.131415,-0.000001,92288.163078,1.628438,-0.301652,1,0
26.820000,107.965629,1.870394,0.000000,109.836023,1.628598,0.196263,5.261607,298.885310,0.175118,0.130506,-0.000001,92870.766138,1.625387,-0.308359,1,0
26.830000,107.965608,1.870394,0.000000,109.836002,1.628599,0.196263,5.263569,298.887277,0.174209,0.129597,-0.000001,93415.782475,1.622272,-0.314673,1,0
26.840000,107.965585,1.870394,0.000000,109.835979,1.628600,0.196263,5.265532,298.889244,0.173300,0.128689,-0.000001,93925.692438,1.619095,-0.320586,1,0
26.850000,107.965559,1.870394,0.000000,109.835954,1.628601,0.196263,5.267495,298.891211,0.172392,0.127780,-0.000001,94402.817424,1.615861,-0.326091,1,0
26.860000,107.965528,1.870394,0.000000,109.835922,1.628601,0.196263,5.269457,298.893177,0.171483,0.126871,-0.000001,94849.301960,1.612574,-0.331181,1,0
26.870000,107.965495,1.870394,0.000000,109.835889,1.628601,0.196263,5.271420,298.895144,0.170574,0.125962,-0.000001,95267.009285,1.609239,-0.335849,1,0
26.880000,107.965461,1.870394,0.000000,109.835856,1.628602,0.196263,5.273382,298.897111,0.169665,0.125054,-0.000001,95657.875423,1.605858,-0.340091,1,0
26.890000,107.965426,1.870394,0.000000,109.835820,1.628602,0.196263,5.275345,298.899077,0.168757,0.124145,-0.000001,96023.775359,1.602438,-0.343899,1,0
26.900000,107.965390,1.870394,0.000000,109.835784,1.628603,0.196263,5.277308,298.901044,0.167848,0.123236,-0.000001,96366.273903,1.598982,-0.347270,1,0
26.910000,107.965352,1.870394,0.000000,109.835746,1.628603,0.196263,5.279270,298.903010,0.166939,0.122328,-0.000001,96686.883891,1.595494,-0.350200,1,0
26.920000,107.965314,1.870394,0.000000,109.835708,1.628603,0.196263,5.281233,298.904976,0.166031,0.121419,-0.000001,96986.995374,1.591979,-0.352683,1,0
26.930000,107.965274,1.870394,0.000000,109.835668,1.628603,0.196263,5.283196,298.906943,0.165122,0.120510,-0.000001,97267.918321,1.588441,-0.354718,1,0
26.940000,107.965233,1.870394,0.000000,109.835627,1.628604,0.196263,5.285158,298.908909,0.164213,0.119601,-0.000001,97530.914111,1.584886,-0.356301,1,0
26.950000,107.965191,1.870394,0.000000,109.835585,1.628604,0.196263,5.287121,298.910875,0.163304,0.118693,-0.000001,97776.990180,1.581316,-0.357431,1,0
26.960000,107.965149,1.870394,0.000000,109.835543,1.628604,0.196263,5.289083,298.912841,0.162396,0.117784,-0.000001,98007.092583,1.577738,-0.358107,1,0
26.970000,107.965105,1.870394,0.000000,109.835499,1.628604,0.196263,5.291046,298.914807,0.161487,0.116875,-0.000001,98222.050664,1.574156,-0.358327,1,0
26.980000,107.965061,1.870394,0.000000,109.835455,1.628605,0.196263,5.293009,298.916773,0.160578,0.115967,-0.000001,98422.655952,1.570573,-0.358091,1,0
26.990000,107.965015,1.870394,0.000000,109.835410,1.628605,0.196263,5.294971,298.918739,0.159670,0.115058,-0.000001,98611.075621,1.566995,-0.357400,1,0
27.000000,107.964970,1.870394,0.000000,109.835364,1.628605,0.196263,5.296934,298.920705,0.158761,0.114149,-0.000001,98787.319905,1.563426,-0.356255,1,0
27.010000,107.964923,1.870394,0.000000,109.835317,1.628605,0.196263,5.298897,298.922671,0.157852,0.113240,-0.000001,98952.094116,1.559871,-0.354657,0,0
27.020000,107.964876,1.870394,0.000000,109.835270,1.628605,0.196263,5.300859,298.924637,0.156943,0.112332,-0.000001,99106.025756,1.556334,-0.352609,0,0
27.030000,107.964828,1.870394,0.000000,109.835222,1.628605,0.196263,5.302822,298.926602,0.156035,0.111423,-0.000001,99249.664514,1.552820,-0.350114,0,0
27.040000,107.964780,1.870394,0.000000,109.835174,1.628605,0.196263,5.304784,298.928568,0.155126,0.110514,-0.000001,99384.295868,1.549333,-0.347177,0,0
27.050000,107.964732,1.870394,0.000000,109.835126,1.628605,0.196263,5.306747,298.930534,0.154217,0.109605,-0.000001,99510.343757,1.545878,-0.343798,0,0
27.060000,107.964683,1.870394,0.000000,109.835077,1.628605,0.196263,5.308710,298.932499,0.153309,0.108697,-0.000001,99628.171531,1.542459,-0.339985,0,0
27.070000,107.964634,1.870394,0.000000,109.835028,1.628605,0.196263,5.310672,298.934465,0.152400,0.107788,-0.000001,99738.237356,1.539080,-0.335743,0,0
27.080000,107.964585,1.870394,0.000000,109.834979,1.628605,0.196263,5.312635,298.936430,0.151491,0.106879,-0.000001,99840.943125,1.535745,-0.331078,0,0
27.090000,107.964536,1.870394,0.000000,109.834930,1.628605,0.196263,5.314598,298.938395,0.150582,0.105971,-0.000001,99937.008753,1.532459,-0.325996,0,0
27.100000,107.964487,1.870394,0.000000,109.834881,1.628605,0.196263,5.316560,298.940361,0.149674,0.105062,-0.000001,100027.079636,1.529226,-0.320505,0,0
27.110000,107.964438,1.870394,0.000000,109.834832,1.628605,0.196263,5.318523,298.942326,0.148765,0.104153,-0.000001,100111.294093,1.526050,-0.314610,0,0
27.120000,107.964389,1.870394,0.000000,109.834783,1.628604,0.196263,5.320485,298.944291,0.147856,0.103244,-0.000001,100189.991784,1.522935,-0.308323,0,0
27.130000,107.964341,1.870394,0.000000,109.834735,1.628604,0.196263,5.322448,298.946256,0.146947,0.102336,-0.000001,100263.472501,1.519885,-0.301650,0,0
27.140000,107.964292,1.870394,0.000000,109.834687,1.628604,0.196263,5.324411,298.948221,0.146039,0.101427,-0.000001,100332.103223,1.516904,-0.294602,0,0
27.150000,107.964245,1.870394,0.000000,109.834639,1.628604,0.196263,5.326373,298.950186,0.145130,0.100518,-0.000001,100396.511948,1.513994,-0.287188,0,0
27.160000,107.964198,1.870394,0.000000,109.834592,1.628603,0.196263,5.328336,298.952151,0.144221,0.099610,-0.000001,100456.749608,1.511161,-0.279419,0,0
27.170000,107.964152,1.870394,0.000000,109.834546,1.628603,0.196263,5.330299,298.954116,0.143313,0.098701,-0.000001,100513.059339,1.508407,-0.271304,0,0
27.180000,107.964107,1.870394,0.000000,109.834501,1.628602,0.196263,5.332261,298.956081,0.142404,0.097792,-0.000001,100565.655056,1.505736,-0.262856,0,0
27.190000,107.964062,1.870394,0.000000,109.834456,1.628602,0.196263,5.334224,298.958046,0.141495,0.096883,-0.000001,100614.721449,1.503152,-0.254085,0,0
27.200000,107.964019,1.870394,0.000000,109.834413,1.628601,0.196263,5.336187,298.960011,0.140586,0.095975,-0.000001,100660.720682,1.500656,-0.245006,0,0
27.210000,107.963977,1.870394,0.000000,109.834371,1.628601,0.196263,5.338149,298.961975,0.139678,0.095066,-0.000001,100703.723619,1.498253,-0.235629,0,0
27.220000,107.963936,1.870394,0.000000,109.834330,1.628600,0.196263,5.340112,298.963940,0.138769,0.094157,-0.000001,100743.915177,1.495944,-0.225966,0,0
27.230000,107.963897,1.870394,0.000000,109.834291,1.628600,0.196263,5.342074,298.965904,0.137860,0.093249,-0.000001,100781.472734,1.493734,-0.216032,0,0
27.240000,107.963859,1.870394,0.000000,109.834253,1.628599,0.196263,5.344037,298.967869,0.136952,0.092340,-0.000001,100816.563451,1.491625,-0.205840,0,0
27.250000,107.963823,1.870394,0.000000,109.834217,1.628598,0.196263,5.346000,298.969833,0.136043,0.091431,-0.000001,100849.353963,1.489619,-0.195403,0,0
27.260000,107.963789,1.870394,0.000000,109.834183,1.628597,0.196263,5.347962,298.971798,0.135134,0.090522,-0.000001,100879.998481,1.487718,-0.184737,0,0
27.270000,107.963757,1.870394,0.000000,109.834151,1.628597,0.196263,5.349925,298.973762,0.134225,0.089614,-0.000001,100908.643233,1.485925,-0.173854,0,0
27.280000,107.963726,1.870394,0.000000,109.834120,1.628596,0.196263,5.351888,298.975726,0.133317,0.088705,-0.000001,100935.432859,1.484242,-0.162770,0,0
27.290000,107.963699,1.870394,0.000000,109.834093,1.628595,0.196263,5.353850,298.977690,0.132408,0.087796,-0.000001,100960.509574,1.482671,-0.151498,0,0
27.300000,107.963673,1.870394,0.000000,109.834067,1.628594,0.196263,5.355813,298.979655,0.131499,0.086888,-0.000001,100983.944235,1.481213,-0.140054,0,0
27.310000,107.963650,1.870394,0.000000,109.834044,1.628593,0.196263,5.357775,298.981619,0.130591,0.085979,-0.000001,101005.761167,1.479871,-0.128453,0,0
27.320000,107.963630,1.870394,0.000000,109.834024,1.628592,0.196263,5.359738,298.983583,0.129682,0.085070,-0.000001,101026.112588,1.478645,-0.116711,0,0
27.330000,107.963613,1.870394,0.000000,109.834007,1.628591,0.196263,5.361701,298.985547,0.128773,0.084161,-0.000001,101045.083299,1.477537,-0.104842,0,0
27.340000,107.963599,1.870394,0.000000,109.833993,1.628589,0.196263,5.363663,298.987511,0.127864,0.083253,-0.000001,101062.751601,1.476549,-0.092861,0,0
27.350000,107.963588,1.870394,0.000000,109.833982,1.628588,0.196263,5.365626,298.989474,0.126956,0.082344,-0.000001,101079.189883,1.475681,-0.080784,0,0
27.360000,107.963580,1.870394,0.000000,109.833974,1.628587,0.196263,5.367589,298.991438,0.126047,0.081435,-0.000001,101094.465209,1.474934,-0.068627,0,0
27.370000,107.963576,1.870394,0.000000,109.833970,1.628586,0.196263,5.369551,298.993402,0.125138,0.080526,-0.000001,101108.639902,1.474309,-0.056404,0,0
27.380000,107.963576,1.870394,0.000000,109.833970,1.628584,0.196263,5.371514,298.995366,0.124229,0.079618,-0.000001,101121.772132,1.473806,-0.044132,0,0
27.390000,107.963579,1.870394,0.000000,109.833973,1.628583,0.196263,5.373476,298.997329,0.123321,0.078709,-0.000001,101133.916501,1.473427,-0.031826,0,0
27.400000,107.963587,1.870394,0.000000,109.833981,1.628581,0.196263,5.375439,298.999293,0.122412,0.077800,-0.000001,101145.124628,1.473170,-0.019500,0,0
27.410000,107.963599,1.870394,0.000000,109.833993,1.628580,0.196263,5.377402,299.001256,0.121503,0.076892,-0.000001,101155.966544,1.473037,-0.007171,0,0
27.420000,107.963615,1.870394,0.000000,109.834009,1.628578,0.196263,5.379364,299.003220,0.120595,0.075983,-0.000001,101166.207401,1.473028,0.005146,0,0
27.430000,107.963636,1.870394,0.000000,109.834030,1.628576,0.196263,5.381327,299.005183,0.119686,0.075074,-0.000001,101175.858512,1.473141,0.017436,0,0
27.440000,107.963662,1.870394,0.000000,109.834056,1.628574,0.196263,5.383290,299.007147,0.118777,0.074165,-0.000001,101184.977955,1.473376,0.029685,0,0
27.450000,107.963693,1.870394,0.000000,109.834087,1.628573,0.196263,5.385252,299.009110,0.117868,0.073257,-0.000001,101193.619925,1.473734,0.041877,0,0
27.460000,107.963730,1.870394,0.000000,109.834124,1.628571,0.196263,5.387215,299.011073,0.116960,0.072348,-0.000001,101201.834726,1.474214,0.053997,0,0
27.470000,107.963771,1.870394,0.000000,109.834165,1.628569,0.196263,5.389177,299.013036,0.116051,0.071439,-0.000001,101209.668775,1.474815,0.066030,0,0
27.480000,107.963819,1.870394,0.000000,109.834213,1.628567,0.196263,5.391140,299.014999,0.115142,0.070531,-0.000001,101217.164600,1.475535,0.077963,0,0
27.490000,107.963870,1.870394,0.000000,109.834264,1.628565,0.196263,5.393103,299.016962,0.114234,0.069622,-0.000001,101224.360842,1.476374,0.089780,0,0
27.500000,107.963915,1.870394,0.000000,109.834309,1.628565,0.196263,5.395065,299.018925,0.113325,0.068713,-0.000001,101231.292254,1.477330,0.101469,0,0
27.510000,107.963962,1.868827,0.000000,109.832788,1.628565,0.196263,5.397028,299.020888,0.112416,0.067806,-0.000001,101237.729060,1.478403,0.113013,0,0
27.520000,107.964010,1.863872,0.000000,109.827882,1.628564,0.196263,5.398991,299.022851,0.111507,0.066904,-0.000001,101243.300269,1.479590,0.124400,0,0
27.530000,107.964060,1.858126,0.000000,109.822185,1.628564,0.196263,5.400953,299.024814,0.110599,0.066003,-0.000001,101248.396450,1.480891,0.135616,0,0
27.540000,107.964111,1.851594,0.000000,109.815705,1.628564,0.196263,5.402916,299.026776,0.109690,0.065103,-0.000001,101253.017604,1.482303,0.146648,0,0
27.550000,107.964165,1.837062,0.000000,109.801226,1.628564,0.196263,5.404878,299.028739,0.108781,0.064214,-0.000001,101257.479944,1.483823,0.157483,0,0
27.560000,107.964219,1.815112,0.000000,109.779332,1.628564,0.196263,5.406841,299.030701,0.107873,0.063335,-0.000001,101261.765992,1.485452,0.168107,0,0
27.570000,107.964275,1.796227,0.000000,109.760503,1.628563,0.196263,5.408804,299.032664,0.106964,0.062472,-0.000001,101265.649367,1.487185,0.178508,0,0
27.580000,107.964333,1.784739,0.000000,109.749072,1.628563,0.196263,5.410766,299.034626,0.106055,0.061622,-0.000001,101269.322367,1.489021,0.188674,0,0
27.590000,107.964392,1.771645,0.000000,109.736037,1.628563,0.196263,5.412729,299.036589,0.105146,0.060787,-0.000001,101272.693583,1.490958,0.198592,0,0
27.600000,107.964452,1.758254,0.000000,109.722707,1.628563,0.196263,5.414692,299.038551,0.104238,0.059958,-0.000001,101275.946914,1.492993,0.208251,0,0
27.610000,107.964514,1.744982,0.000000,109.709496,1.628563,0.196263,5.416654,299.040513,0.103329,0.059145,-0.000001,101278.920498,1.495122,0.217639,0,0
27.620000,107.964576,1.732059,0.000000,109.696635,1.628563,0.196263,5.418617,299.042475,0.102420,0.058350,-0.000001,101281.629002,1.497345,0.226745,0,0
27.630000,107.964640,1.719494,0.000000,109.684134,1.628563,0.196263,5.420579,299.044437,0.101511,0.057573,-0.000001,101284.060050,1.499657,0.235558,0,0
27.640000,107.964705,1.706983,0.000000,109.671688,1.628563,0.196263,5.422542,299.046399,0.100603,0.056797,-0.000001,101286.491097,1.502055,0.244066,0,0
27.650000,107.964770,1.694613,0.000000,109.659383,1.628563,0.196263,5.424505,299.048361,0.099694,0.056025,-0.000001,101288.851700,1.504537,0.252261,0,0
27.660000,107.964837,1.682754,0.000000,109.647591,1.628563,0.196263,5.426467,299.050323,0.098785,0.055283,-0.000001,101290.841203,1.507099,0.260131,0,0
27.670000,107.964904,1.670944,0.000000,109.635848,1.628563,0.196263,5.428430,299.052285,0.097877,0.054540,-0.000001,101292.830707,1.509739,0.267668,0,0
27.680000,107.964972,1.659183,0.000000,109.624155,1.628563,0.196263,5.430393,299.054247,0.096968,0.053798,-0.000001,101294.820211,1.512452,0.274862,0,0
27.690000,107.965041,1.647897,0.000000,109.612938,1.628564,0.196263,5.432355,299.056208,0.096059,0.053083,-0.000001,101296.509618,1.515235,0.281705,0,0
27.700000,107.965110,1.636744,0.000000,109.601854,1.628564,0.196263,5.434318,299.058170,0.095150,0.052373,-0.000001,101298.137774,1.518085,0.288187,0,0
27.710000,107.965180,1.625635,0.000000,109.590815,1.628564,0.196263,5.436280,299.060132,0.094242,0.051663,-0.000001,101299.765930,1.520998,0.294301,0,0
27.720000,107.965250,1.614678,0.000000,109.579928,1.628564,0.196263,5.438243,299.062093,0.093333,0.050960,-0.000001,101301.331176,1.523970,0.300040,0,0
27.730000,107.965320,1.603956,0.000000,109.569277,1.628564,0.196263,5.440206,299.064055,0.092424,0.050270,-0.000001,101302.784699,1.526997,0.305396,0,0
27.740000,107.965391,1.593388,0.000000,109.558779,1.628565,0.196263,5.442168,299.066016,0.091516,0.049586,-0.000001,101304.172718,1.530077,0.310363,0,0
27.750000,107.965462,1.582973,0.000000,109.548435,1.628565,0.196263,5.444131,299.067977,0.090607,0.048910,-0.000001,101305.495233,1.533204,0.314934,0,0
27.760000,107.965533,1.572708,0.000000,109.538241,1.628565,0.196263,5.446094,299.069939,0.089698,0.048242,-0.000001,101306.752242,1.536374,0.319103,0,0
27.770000,107.965604,1.562593,0.000000,109.528198,1.628565,0.196263,5.448056,299.071900,0.088789,0.047580,-0.000001,101307.943748,1.539585,0.322866,0,0
27.780000,107.965675,1.552627,0.000000,109.518302,1.628566,0.196263,5.450019,299.073861,0.087881,0.046926,-0.000001,101309.069749,1.542831,0.326218,0,0
27.790000,107.965746,1.542858,0.000000,109.508604,1.628566,0.196263,5.451981,299.075822,0.086972,0.046282,-0.000001,101310.135065,1.546108,0.329154,0,0
27.800000,107.965817,1.533258,0.000000,109.499075,1.628567,0.196263,5.453944,299.077783,0.086063,0.045647,-0.000001,101311.137177,1.549412,0.331671,0,0
27.810000,107.965887,1.523818,0.000000,109.489705,1.628567,0.196263,5.455907,299.079744,0.085155,0.045021,-0.000001,101312.075308,1.552740,0.333765,0,0
27.820000,107.965957,1.514537,0.000000,109.480493,1.628567,0.196263,5.457869,299.081705,0.084246,0.044402,-0.000001,101312.949459,1.556087,0.335435,0,0
27.830000,107.966026,1.505413,0.000000,109.471438,1.628568,0.196263,5.459832,299.083666,0.083337,0.043792,-0.000001,101313.759628,1.559448,0.336677,0,0
27.840000,107.966095,1.496444,0.000000,109.462539,1.628568,0.196263,5.461795,299.085627,0.082428,0.043191,-0.000001,101314.505818,1.562819,0.337491,0,0
27.850000,107.966162,1.487628,0.000000,109.453790,1.628569,0.196263,5.463757,299.087587,0.081520,0.042597,-0.000001,101315.199042,1.566196,0.337875,0,0
27.860000,107.966230,1.478950,0.000000,109.445180,1.628570,0.196263,5.465720,299.089548,0.080611,0.042011,-0.000001,101315.887040,1.569575,0.337829,0,0
27.870000,107.966296,1.470420,0.000000,109.436716,1.628570,0.196263,5.467683,299.091509,0.079702,0.041432,-0.000001,101316.528437,1.572952,0.337354,0,0
27.880000,107.966361,1.462037,0.000000,109.428398,1.628571,0.196263,5.469645,299.093469,0.078794,0.040862,-0.000001,101317.123234,1.576321,0.336449,0,0
27.890000,107.966425,1.453800,0.000000,109.420225,1.628571,0.196263,5.471608,299.095429,0.077885,0.040300,-0.000001,101317.671430,1.579680,0.335117,0,0
27.900000,107.966488,1.445706,0.000000,109.412195,1.628572,0.196263,5.473570,299.097390,0.076976,0.039745,-0.000001,101318.173027,1.583022,0.333360,0,0
27.910000,107.966550,1.437756,0.000000,109.404306,1.628573,0.196263,5.475533,299.099350,0.076067,0.039199,-0.000001,101318.628022,1.586345,0.331180,0,0
27.920000,107.966610,1.429934,0.000000,109.396544,1.628573,0.196263,5.477496,299.101310,0.075159,0.038660,-0.000001,101319.062288,1.589645,0.328579,0,0
27.930000,107.966669,1.422235,0.000000,109.388904,1.628574,0.196263,5.479458,299.103271,0.074250,0.038127,-0.000001,101319.483591,1.592916,0.325563,0,0
27.940000,107.966726,1.414668,0.000000,109.381394,1.628575,0.196263,5.481421,299.105231,0.073341,0.037602,-0.000001,101319.871954,1.596155,0.322135,0,0
27.950000,107.966782,1.407233,0.000000,109.374015,1.628576,0.196263,5.483384,299.107191,0.072432,0.037085,-0.000001,101320.227377,1.599357,0.318300,0,0
27.960000,107.966836,1.399928,0.000000,109.366764,1.628577,0.196263,5.485346,299.109151,0.071524,0.036575,-0.000001,101320.549860,1.602520,0.314064,0,0
27.970000,107.966888,1.392753,0.000000,109.359641,1.628578,0.196263,5.487309,299.111111,0.070615,0.036072,-0.000001,101320.839988,1.605637,0.309431,0,0
27.980000,107.966938,1.385687,0.000000,109.352625,1.628578,0.196263,5.489271,299.113071,0.069706,0.035576,-0.000001,101321.125267,1.608707,0.304410,0,0
27.990000,107.966985,1.378743,0.000000,109.345728,1.628579,0.196263,5.491234,299.115030,0.068798,0.035087,-0.000001,101321.386362,1.611724,0.299006,0,0
28.000000,107.967031,1.371919,0.000000,109.338950,1.628580,0.196263,5.493197,299.116990,0.067889,0.034605,-0.000001,101321.623271,1.614686,0.293229,0,0
28.010000,107.967074,1.363816,0.000000,109.330891,1.628581,0.196263,5.495159,299.118950,0.066981,0.034129,-0.000001,101321.843499,1.617588,0.287086,0,0
28.020000,107.967115,1.353788,0.000000,109.320903,1.628582,0.196263,5.497122,299.120909,0.066075,0.033660,-0.000001,101322.050536,1.620426,0.280585,0,0
28.030000,107.967154,1.338125,0.000000,109.305279,1.628583,0.196263,5.499085,299.122869,0.065171,0.033198,-0.000001,101322.241157,1.623198,0.273734,0,0
28.040000,107.967190,1.300175,0.000000,109.267365,1.628584,0.196263,5.501047,299.124828,0.064278,0.032742,-0.000001,101322.419662,1.625900,0.266545,0,0
28.050000,107.967223,1.279975,0.000000,109.247198,1.628585,0.196263,5.503010,299.126788,0.063395,0.032292,-0.000001,101322.586520,1.628528,0.259027,0,0
28.060000,107.967253,1.264230,0.000000,109.231483,1.628587,0.196263,5.504972,299.128747,0.062524,0.031849,-0.000001,101322.742441,1.631079,0.251190,0,0
28.070000,107.967280,1.243393,0.000000,109.210673,1.628588,0.196263,5.506935,299.130706,0.061671,0.031414,-0.000001,101322.883998,1.633551,0.243046,0,0
28.080000,107.967305,1.223609,0.000000,109.190914,1.628589,0.196263,5.508898,299.132666,0.060837,0.030990,-0.000001,101323.011003,1.635939,0.234605,0,0
28.090000,107.967326,1.204246,0.000000,109.171572,1.628590,0.196263,5.510860,299.134625,0.060010,0.030569,-0.000001,101323.132830,1.638242,0.225878,0,0
28.100000,107.967344,1.185309,0.000000,109.152652,1.628591,0.196263,5.512823,299.136584,0.059199,0.030156,-0.000001,101323.244960,1.640455,0.216878,0,0
28.110000,107.967358,1.166614,0.000000,109.133973,1.628593,0.196263,5.514786,299.138543,0.058395,0.029746,-0.000001,101323.352392,1.642578,0.207618,0,0
28.120000,107.967370,1.148323,0.000000,109.115692,1.628594,0.196263,5.516748,299.140502,0.057605,0.029344,-0.000001,101323.451399,1.644607,0.198109,0,0
28.130000,107.967373,1.130268,0.000000,109.097641,1.628595,0.196263,5.518711,299.142461,0.056823,0.028946,-0.000001,101323.546136,1.646539,0.188365,0,0
28.140000,107.967364,1.112442,0.000000,109.079807,1.628596,0.196263,5.520673,299.144420,0.056047,0.028552,-0.000001,101323.637222,1.648373,0.178398,0,0
28.150000,107.967353,1.094921,0.000000,109.062274,1.628596,0.196263,5.522636,299.146379,0.055283,0.028162,-0.000001,101323.722908,1.650106,0.168221,0,0
28.160000,107.967338,1.077649,0.000000,109.044987,1.628597,0.196263,5.524599,299.148338,0.054526,0.027777,-0.000001,101323.804400,1.651736,0.157849,0,0
28.170000,107.967320,1.060624,0.000000,109.027944,1.628597,0.196263,5.526561,299.150297,0.053778,0.027396,-0.000001,101323.881699,1.653262,0.147295,0,0
28.180000,107.967300,1.043887,0.000000,109.011187,1.628598,0.196263,5.528524,299.152255,0.053040,0.027020,-0.000001,101323.954485,1.654681,0.136574,0,0
28.190000,107.967276,1.027443,0.000000,108.994719,1.628598,0.196263,5.530487,299.154214,0.052312,0.026650,-0.000001,101324.022716,1.655993,0.125698,0,0
28.200000,107.967250,1.011269,0.000000,108.978519,1.628599,0.196263,5.532449,299.156173,0.051593,0.026284,-0.000001,101324.086538,1.657195,0.114682,0,0
28.210000,107.967220,0.995363,0.000000,108.962584,1.628599,0.196263,5.534412,299.158131,0.050885,0.025923,-0.000001,101324.145950,1.658285,0.103541,0,0
28.220000,107.967188,0.979712,0.000000,108.946900,1.628600,0.196263,5.536374,299.160090,0.050185,0.025567,-0.000001,101324.202712,1.659264,0.092289,0,0
28.230000,107.967153,0.964313,0.000000,108.931465,1.628600,0.196263,5.538337,299.162048,0.049494,0.025216,-0.000001,101324.257169,1.660130,0.080940,0,0
28.240000,107.967115,0.949167,0.000000,108.916282,1.628601,0.196263,5.540300,299.164007,0.048813,0.024869,-0.000001,101324.308453,1.660883,0.069508,0,0
28.250000,107.967073,0.934274,0.000000,108.901347,1.628601,0.196263,5.542262,299.165965,0.048141,0.024526,-0.000001,101324.356565,1.661520,0.058009,0,0
28.260000,107.967029,0.919631,0.000000,108.886661,1.628602,0.196263,5.544225,299.167924,0.047478,0.024189,-0.000001,101324.401503,1.662042,0.046457,0,0
28.270000,107.966982,0.905237,0.000000,108.872220,1.628602,0.196263,5.546188,299.169882,0.046825,0.023856,-0.000001,101324.443269,1.662449,0.034867,0,0
28.280000,107.966933,0.891090,0.000000,108.858023,1.628603,0.196263,5.548150,299.171840,0.046180,0.023528,-0.000001,101324.481862,1.662739,0.023252,0,0
28.290000,107.966880,0.877188,0.000000,108.844068,1.628603,0.196263,5.550113,299.173798,0.045545,0.023205,-0.000001,101324.517282,1.662913,0.011627,0,0
28.300000,107.966824,0.863476,0.000000,108.830300,1.628603,0.196263,5.552075,299.175756,0.044917,0.022885,-0.000001,101324.552213,1.662971,0.000008,0,0
28.310000,107.966766,0.849949,0.000000,108.816715,1.628604,0.196263,5.554038,299.177715,0.044296,0.022569,-0.000001,101324.586814,1.662913,-0.011593,0,0
28.320000,107.966705,0.836641,0.000000,108.803346,1.628604,0.196263,5.556001,299.179673,0.043683,0.022257,-0.000001,101324.619327,1.662739,-0.023160,0,0
28.330000,107.966640,0.823551,0.000000,108.790192,1.628604,0.196263,5.557963,299.181631,0.043079,0.021949,-0.000001,101324.649751,1.662450,-0.034679,0,0
28.340000,107.966574,0.810677,0.000000,108.777251,1.628605,0.196263,5.559926,299.183588,0.042483,0.021646,-0.000001,101324.678088,1.662045,-0.046137,0,0
28.350000,107.966504,0.798018,0.000000,108.764522,1.628605,0.196263,5.561889,299.185546,0.041895,0.021347,-0.000001,101324.704337,1.661527,-0.057519,0,0
28.360000,107.966432,0.785572,0.000000,108.752004,1.628605,0.196263,5.563851,299.187504,0.041316,0.021052,-0.000001,101324.728498,1.660895,-0.068812,0,0
28.370000,107.966357,0.773338,0.000000,108.739695,1.628606,0.196263,5.565814,299.189462,0.040745,0.020761,-0.000001,101324.750570,1.660150,-0.080002,0,0
28.380000,107.966279,0.761314,0.000000,108.727594,1.628606,0.196263,5.567776,299.191419,0.040182,0.020475,-0.000001,101324.770555,1.659295,-0.091075,0,0
28.390000,107.966199,0.749500,0.000000,108.715699,1.628606,0.196263,5.569739,299.193377,0.039628,0.020193,-0.000001,101324.788452,1.658329,-0.102018,0,0
28.400000,107.966117,0.737892,0.000000,108.704009,1.628606,0.196263,5.571702,299.195335,0.039082,0.019915,-0.000001,101324.804261,1.657255,-0.112818,0,0
28.410000,107.966031,0.726456,0.000000,108.692487,1.628606,0.196263,5.573664,299.197292,0.038543,0.019640,-0.000001,101324.819285,1.656073,-0.123463,0,0
28.420000,107.965944,0.715111,0.000000,108.681055,1.628606,0.196263,5.575627,299.199250,0.038008,0.019368,-0.000001,101324.836371,1.654786,-0.133939,0,0
28.430000,107.965854,0.703949,0.000000,108.669803,1.628606,0.196263,5.577590,299.201207,0.037481,0.019099,-0.000001,101324.852220,1.653394,-0.144233,0,0
28.440000,107.965762,0.692967,0.000000,108.658729,1.628606,0.196263,5.579552,299.203164,0.036960,0.018834,-0.000001,101324.866829,1.651901,-0.154334,0,0
28.450000,107.965667,0.682165,0.000000,108.647833,1.628606,0.196263,5.581515,299.205122,0.036448,0.018573,-0.000001,101324.880201,1.650308,-0.164228,0,0
28.460000,107.965570,0.671543,0.000000,108.637113,1.628606,0.196263,5.583477,299.207079,0.035942,0.018316,-0.000001,101324.892333,1.648617,-0.173906,0,0
28.470000,107.965471,0.661097,0.000000,108.626569,1.628606,0.196263,5.585440,299.209036,0.035444,0.018063,-0.000001,101324.903228,1.646831,-0.183355,0,0
28.480000,107.965371,0.650829,0.000000,108.616200,1.628606,0.196263,5.587403,299.210993,0.034954,0.017813,-0.000001,101324.912884,1.644951,-0.192563,0,0
28.490000,107.965268,0.640737,0.000000,108.606005,1.628606,0.196263,5.589365,299.212950,0.034471,0.017567,-0.000001,101324.921301,1.642980,-0.201519,0,0
28.500000,107.965163,0.630820,0.000000,108.595982,1.628606,0.196263,5.591328,299.214907,0.033995,0.017325,-0.000001,101324.928480,1.640921,-0.210214,0,0
28.510000,107.965056,0.621076,0.000000,108.586132,1.628606,0.196263,5.593291,299.216864,0.033527,0.017087,-0.000001,101324.934421,1.638776,-0.218636,0,0
28.520000,107.964947,0.611506,0.000000,108.576453,1.628605,0.196263,5.595253,299.218821,0.033066,0.016852,-0.000001,101324.939123,1.636549,-0.226775,0,0
28.530000,107.964837,0.601959,0.000000,108.566796,1.628605,0.196263,5.597216,299.220778,0.032607,0.016618,-0.000001,101324.946325,1.634242,-0.234621,0,0
28.540000,107.964726,0.592553,0.000000,108.557279,1.628605,0.196263,5.599178,299.222735,0.032154,0.016388,-0.000001,101324.953084,1.631857,-0.242166,0,0
28.550000,107.964612,0.583295,0.000000,108.547907,1.628605,0.196263,5.601141,299.224692,0.031707,0.016160,-0.000001,101324.959242,1.629399,-0.249399,0,0
28.560000,107.964498,0.574182,0.000000,108.538680,1.628604,0.196263,5.603104,299.226648,0.031267,0.015936,-0.000001,101324.964799,1.626870,-0.256312,0,0
28.570000,107.964381,0.565215,0.000000,108.529597,1.628604,0.196263,5.605066,299.228605,0.030833,0.015715,-0.000001,101324.969756,1.624274,-0.262896,0,0
28.580000,107.964264,0.556393,0.000000,108.520657,1.628603,0.196263,5.607029,299.230562,0.030406,0.015498,-0.000001,101324.974111,1.621613,-0.269144,0,0
28.590000,107.964146,0.547715,0.000000,108.511861,1.628603,0.196263,5.608992,299.232518,0.029985,0.015283,-0.000001,101324.977866,1.618892,-0.275048,0,0
28.600000,107.964027,0.539182,0.000000,108.503208,1.628602,0.196263,5.610954,299.234475,0.029570,0.015072,-0.000001,101324.981020,1.616113,-0.280600,0,0
28.610000,107.963906,0.530791,0.000000,108.494697,1.628602,0.196263,5.612917,299.236431,0.029162,0.014864,-0.000001,101324.983574,1.613281,-0.285795,0,0
28.620000,107.963785,0.522543,0.000000,108.486328,1.628601,0.196263,5.614880,299.238388,0.028760,0.014660,-0.000001,101324.985526,1.610398,-0.290624,0,0
28.630000,107.963663,0.514436,0.000000,108.478100,1.628600,0.196263,5.616842,299.240344,0.028365,0.014458,-0.000001,101324.986878,1.607469,-0.295083,0,0
28.640000,107.963541,0.506384,0.000000,108.469925,1.628599,0.196263,5.618805,299.242300,0.027972,0.014259,-0.000001,101324.988952,1.604498,-0.299166,0,0
28.650000,107.963418,0.498407,0.000000,108.461826,1.628599,0.196263,5.620767,299.244256,0.027583,0.014061,-0.000001,101324.991432,1.601487,-0.302867,0,0
28.660000,107.963295,0.490550,0.000000,108.453845,1.628598,0.196263,5.622730,299.246213,0.027200,0.013865,-0.000001,101324.993653,1.598441,-0.306183,0,0
28.670000,107.963172,0.482811,0.000000,108.445983,1.628597,0.196263,5.624693,299.248169,0.026822,0.013673,-0.000001,101324.995615,1.595364,-0.309109,0,0
28.680000,107.963049,0.475191,0.000000,108.438240,1.628596,0.196263,5.626655,299.250125,0.026450,0.013483,-0.000001,101324.997320,1.592260,-0.311641,0,0
28.690000,107.962926,0.467690,0.000000,108.430615,1.628595,0.196263,5.628618,299.252081,0.026083,0.013297,-0.000001,101324.998766,1.589133,-0.313777,0,0
28.700000,107.962803,0.460306,0.000000,108.423109,1.628594,0.196263,5.630581,299.254037,0.025722,0.013113,-0.000001,101324.999953,1.585986,-0.315514,0,0
28.710000,107.962680,0.453040,0.000000,108.415720,1.628593,0.196263,5.632543,299.255993,0.025366,0.012932,-0.000001,101325.000883,1.582823,-0.316849,0,0
28.720000,107.962558,0.445891,0.000000,108.408450,1.628592,0.196263,5.634506,299.257949,0.025016,0.012753,-0.000001,101325.001554,1.579650,-0.317781,0,0
28.730000,107.962437,0.438859,0.000000,108.401296,1.628590,0.196263,5.636468,299.259904,0.024671,0.012578,-0.000001,101325.001966,1.576469,-0.318310,0,0
28.740000,107.962316,0.431944,0.000000,108.394261,1.628589,0.196263,5.638431,299.261860,0.024331,0.012405,-0.000001,101325.002120,1.573285,-0.318434,0,0
28.750000,107.962197,0.425123,0.000000,108.387320,1.628588,0.196263,5.640394,299.263816,0.023997,0.012234,-0.000001,101325.002155,1.570101,-0.318153,0,0
28.760000,107.962079,0.418363,0.000000,108.380442,1.628586,0.196263,5.642356,299.265772,0.023665,0.012066,-0.000001,101325.002278,1.566923,-0.317470,0,0
28.770000,107.961999,0.411701,0.000000,108.373700,1.628585,0.196263,5.644319,299.267727,0.023338,0.011899,-0.000001,101325.002259,1.563753,-0.316383,0,0
28.780000,107.961978,0.405135,0.000000,108.367113,1.628585,0.196263,5.646282,299.269682,0.023016,0.011735,-0.000001,101325.002108,1.560596,-0.314895,0,0
28.790000,107.961960,0.398664,0.000000,108.360624,1.628585,0.196263,5.648244,299.271638,0.022699,0.011574,-0.000001,101325.001834,1.557456,-0.313008,0,0
28.800000,107.961946,0.392286,0.000000,108.354232,1.628585,0.196263,5.650207,299.273593,0.022386,0.011414,-0.000001,101325.001446,1.554337,-0.310725,0,0
28.810000,107.961935,0.386000,0.000000,108.347935,1.628585,0.196263,5.652169,299.275548,0.022078,0.011257,-0.000001,101325.000954,1.551243,-0.308050,0,0
28.820000,107.961928,0.379804,0.000000,108.341732,1.628584,0.196263,5.654132,299.277503,0.021774,0.011102,-0.000001,101325.000366,1.548178,-0.304986,0,0
28.830000,107.961925,0.373697,0.000000,108.335622,1.628584,0.196263,5.656095,299.279458,0.021474,0.010950,-0.000001,101324.999692,1.545145,-0.301536,0,0
28.840000,107.961926,0.367677,0.000000,108.329603,1.628584,0.196263,5.658057,299.281413,0.021179,0.010800,-0.000001,101324.998941,1.542148,-0.297707,0,0
28.850000,107.961930,0.361743,0.000000,108.323673,1.628583,0.196263,5.660020,299.283368,0.020888,0.010651,-0.000001,101324.998123,1.539192,-0.293503,0,0
28.860000,107.961939,0.355894,0.000000,108.317833,1.628583,0.196263,5.661983,299.285323,0.020601,0.010505,-0.000001,101324.997247,1.536279,-0.288931,0,0
28.870000,107.961951,0.350128,0.000000,108.312079,1.628583,0.196263,5.663945,299.287278,0.020318,0.010361,-0.000001,101324.996321,1.533414,-0.283997,0,0
28.880000,107.961968,0.344443,0.000000,108.306411,1.628583,0.196263,5.665908,299.289232,0.020040,0.010219,-0.000001,101324.995355,1.530600,-0.278708,0,0
28.890000,107.961988,0.338839,0.000000,108.300827,1.628582,0.196263,5.667870,299.291187,0.019765,0.010080,-0.000001,101324.994359,1.527841,-0.273071,0,0
28.900000,107.962013,0.333313,0.000000,108.295327,1.628582,0.196263,5.669833,299.293141,0.019494,0.009942,-0.000001,101324.993342,1.525140,-0.267093,0,0
28.910000,107.962042,0.327866,0.000000,108.289908,1.628582,0.196263,5.671796,299.295096,0.019228,0.009806,-0.000001,101324.992312,1.522500,-0.260783,0,0
28.920000,107.962076,0.322494,0.000000,108.284570,1.628582,0.196263,5.673758,299.297050,0.018965,0.009672,-0.000001,101324.991280,1.519925,-0.254150,0,0
28.930000,107.962114,0.317198,0.000000,108.279312,1.628581,0.196263,5.675721,299.299005,0.018706,0.009540,-0.000001,101324.990253,1.517418,-0.247204,0,0
28.940000,107.962157,0.311975,0.000000,108.274132,1.628581,0.196263,5.677684,299.300959,0.018450,0.009410,-0.000001,101324.989243,1.514982,-0.239952,0,0
28.950000,107.962204,0.306824,0.000000,108.269028,1.628581,0.196263,5.679646,299.302913,0.018198,0.009282,-0.000001,101324.988257,1.512620,-0.232405,0,0
28.960000,107.962256,0.301745,0.000000,108.264001,1.628580,0.196263,5.681609,299.304868,0.017950,0.009155,-0.000001,101324.987305,1.510334,-0.224573,0,0
28.970000,107.962312,0.296736,0.000000,108.259048,1.628580,0.196263,5.683571,299.306822,0.017706,0.009031,-0.000001,101324.986396,1.508128,-0.216467,0,0
28.980000,107.962373,0.291798,0.000000,108.254171,1.628580,0.196263,5.685534,299.308776,0.017465,0.008908,-0.000001,101324.985408,1.506005,-0.208100,0,0
28.990000,107.962440,0.286929,0.000000,108.249368,1.628579,0.196263,5.687497,299.310730,0.017227,0.008787,-0.000001,101324.984407,1.503966,-0.199481,0,0
29.000000,107.962511,0.282126,0.000000,108.244637,1.628579,0.196263,5.689459,299.312684,0.016992,0.008668,-0.000001,101324.983449,1.502015,-0.190621,0,0
29.010000,107.962587,0.277389,0.000000,108.239976,1.628579,0.196263,5.691422,299.314638,0.016761,0.008550,-0.000001,101324.982541,1.500153,-0.181532,0,0
29.020000,107.962668,0.272716,0.000000,108.235384,1.628578,0.196263,5.693385,299.316591,0.016533,0.008434,-0.000001,101324.981693,1.498383,-0.172227,0,0
29.030000,107.962755,0.268106,0.000000,108.230860,1.628578,0.196263,5.695347,299.318545,0.016308,0.008319,-0.000001,101324.980910,1.496707,-0.162718,0,0
29.040000,107.962846,0.263557,0.000000,108.226404,1.628578,0.196263,5.697310,299.320499,0.016087,0.008206,-0.000001,101324.980203,1.495127,-0.153020,0,0
29.050000,107.962943,0.259069,0.000000,108.222013,1.628577,0.196263,5.699272,299.322452,0.015868,0.008095,-0.000001,101324.979577,1.493646,-0.143146,0,0
29.060000,107.963046,0.254641,0.000000,108.217687,1.628577,0.196263,5.701235,299.324406,0.015653,0.007985,-0.000001,101324.979042,1.492264,-0.133102,0,0
29.070000,107.963154,0.250271,0.000000,108.213425,1.628577,0.196263,5.703198,299.326359,0.015440,0.007877,-0.000001,101324.978605,1.490983,-0.122907,0,0
29.080000,107.963267,0.245958,0.000000,108.209225,1.628576,0.196263,5.705160,299.328313,0.015230,0.007770,-0.000001,101324.978273,1.489804,-0.112573,0,0
29.090000,107.963386,0.241701,0.000000,108.205087,1.628576,0.196263,5.707123,299.330266,0.015023,0.007664,-0.000001,101324.978056,1.488730,-0.102114,0,0
29.100000,107.963511,0.237499,0.000000,108.201010,1.628576,0.196263,5.709086,299.332219,0.014819,0.007560,-0.000001,101324.977960,1.487761,-0.091546,0,0
29.110000,107.963642,0.233350,0.000000,108.196992,1.628575,0.196263,5.711048,299.334173,0.014617,0.007458,-0.000001,101324.977994,1.486898,-0.080880,0,0
29.120000,107.963778,0.229255,0.000000,108.193033,1.628575,0.196263,5.713011,299.336126,0.014418,0.007356,-0.000001,101324.978165,1.486143,-0.070126,0,0
29.130000,107.963921,0.225210,0.000000,108.189131,1.628574,0.196263,5.714973,299.338079,0.014222,0.007256,-0.000001,101324.978481,1.485495,-0.059302,0,0
29.140000,107.964069,0.221217,0.000000,108.185286,1.628574,0.196263,5.716936,299.340032,0.014028,0.007157,-0.000001,101324.978951,1.484956,-0.048422,0,0
29.150000,107.964224,0.217273,0.000000,108.181497,1.628573,0.196263,5.718899,299.341985,0.013836,0.007060,-0.000001,101324.979582,1.484526,-0.037499,0,0
29.160000,107.964385,0.213377,0.000000,108.177762,1.628573,0.196263,5.720861,299.343938,0.013647,0.006963,-0.000001,101324.980381,1.484205,-0.026549,0,0
29.170000,107.964552,0.209529,0.000000,108.174081,1.628573,0.196263,5.722824,299.345891,0.013460,0.006868,-0.000001,101324.981358,1.483994,-0.015582,0,0
29.180000,107.964725,0.205746,0.000000,108.170471,1.628572,0.196263,5.724787,299.347843,0.013277,0.006775,-0.000001,101324.982105,1.483893,-0.004611,0,0
29.190000,107.964905,0.202047,0.000000,108.166952,1.628572,0.196263,5.726749,299.349796,0.013097,0.006683,-0.000001,101324.982205,1.483901,0.006347,0,0
29.200000,107.965092,0.198399,0.000000,108.163490,1.628571,0.196263,5.728712,299.351749,0.012920,0.006593,-0.000001,101324.982334,1.484019,0.017280,0,0
29.210000,107.965285,0.194801,0.000000,108.160086,1.628571,0.196263,5.730674,299.353701,0.012745,0.006504,-0.000001,101324.982493,1.484247,0.028174,0,0
29.220000,107.965485,0.191253,0.000000,108.156738,1.628570,0.196263,5.732637,299.355654,0.012572,0.006416,-0.000001,101324.982681,1.484583,0.039013,0,0
29.230000,107.965692,0.187754,0.000000,108.153446,1.628570,0.196263,5.734600,299.357606,0.012402,0.006329,-0.000001,101324.982898,1.485027,0.049789,0,0
29.240000,107.965905,0.184304,0.000000,108.150209,1.628569,0.196263,5.736562,299.359559,0.012234,0.006243,-0.000001,101324.983146,1.485578,0.060487,0,0
29.250000,107.966126,0.180900,0.000000,108.147026,1.628569,0.196263,5.738525,299.361511,0.012069,0.006159,-0.000001,101324.983425,1.486236,0.071094,0,0
29.260000,107.966354,0.177543,0.000000,108.143897,1.628568,0.196263,5.740488,299.363463,0.011905,0.006076,-0.000001,101324.983733,1.487000,0.081595,0,0
29.270000,107.966589,0.174232,0.000000,108.140821,1.628568,0.196263,5.742450,299.365415,0.011744,0.005994,-0.000001,101324.984073,1.487868,0.091979,0,0
29.280000,107.966831,0.170965,0.000000,108.137796,1.628567,0.196263,5.744413,299.367368,0.011585,0.005913,-0.000001,101324.984443,1.488839,0.102231,0,0
29.290000,107.967081,0.167743,0.000000,108.134824,1.628567,0.196263,5.746375,299.369320,0.011428,0.005833,-0.000001,101324.984845,1.489912,0.112342,0,0
29.300000,107.967338,0.164564,0.000000,108.131902,1.628566,0.196263,5.748338,299.371272,0.011273,0.005754,-0.000001,101324.985279,1.491086,0.122299,0,0
29.310000,107.967603,0.161428,0.000000,108.129031,1.628565,0.196263,5.750301,299.373223,0.011120,0.005676,-0.000001,101324.985744,1.492358,0.132089,0,0
29.320000,107.967875,0.158334,0.000000,108.126209,1.628565,0.196263,5.752263,299.375175,0.010969,0.005599,-0.000001,101324.986242,1.493727,0.141701,0,0
29.330000,107.968156,0.155281,0.000000,108.123437,1.628564,0.196263,5.754226,299.377127,0.010820,0.005523,-0.000001,101324.986772,1.495192,0.151122,0,0
29.340000,107.968444,0.152269,0.000000,108.120712,1.628564,0.196263,5.756189,299.379079,0.010673,0.005448,-0.000001,101324.987334,1.496749,0.160342,0,0
29.350000,107.968740,0.149296,0.000000,108.118036,1.628563,0.196263,5.758151,299.381030,0.010528,0.005374,-0.000001,101324.987929,1.498398,0.169350,0,0
29.360000,107.969044,0.146362,0.000000,108.115406,1.628562,0.196263,5.760114,299.382982,0.010384,0.005300,-0.000001,101324.988557,1.500136,0.178135,0,0
29.370000,107.969357,0.143466,0.000000,108.112823,1.628562,0.196263,5.762077,299.384934,0.010242,0.005228,-0.000001,101324.989219,1.501960,0.186687,0,0
29.380000,107.969677,0.140609,0.000000,108.110286,1.628561,0.196263,5.764039,299.386885,0.010102,0.005156,-0.000001,101324.989913,1.503869,0.194994,0,0
29.390000,107.970007,0.137838,0.000000,108.107844,1.628560,0.196263,5.766002,299.388836,0.009965,0.005087,-0.000001,101324.990390,1.505860,0.203048,0,0
29.400000,107.970344,0.135109,0.000000,108.105453,1.628560,0.196263,5.767964,299.390788,0.009830,0.005018,-0.000001,101324.990866,1.507929,0.210839,0,0
29.410000,107.970563,0.132422,0.000000,108.102985,1.628559,0.196263,5.769927,299.392739,0.009697,0.004950,-0.000001,101324.991338,1.510076,0.218356,0,0
29.420000,107.970669,0.129777,0.000000,108.100446,1.628559,0.196263,5.771890,299.394690,0.009566,0.004883,-0.000001,101324.991805,1.512296,0.225591,0,0
29.430000,107.970770,0.127172,0.000000,108.097942,1.628559,0.196263,5.773852,299.396642,0.009437,0.004817,-0.000001,101324.992266,1.514587,0.232536,0,0
29.440000,107.970867,0.124607,0.000000,108.095474,1.628559,0.196263,5.775815,299.398593,0.009309,0.004752,-0.000001,101324.992719,1.516946,0.239181,0,0
29.450000,107.970959,0.122082,0.000000,108.093042,1.628560,0.196263,5.777778,299.400544,0.009183,0.004688,-0.000001,101324.993162,1.519370,0.245520,0,0
29.460000,107.971047,0.119596,0.000000,108.090643,1.628560,0.196263,5.779740,299.402496,0.009059,0.004625,-0.000001,101324.993595,1.521855,0.251543,0,0
29.470000,107.971129,0.117149,0.000000,108.088278,1.628560,0.196263,5.781703,299.404447,0.008936,0.004562,-0.000001,101324.994016,1.524400,0.257244,0,0
29.480000,107.971206,0.114739,0.000000,108.085945,1.628560,0.196263,5.783665,299.406398,0.008815,0.004500,-0.000001,101324.994423,1.526999,0.262616,0,0
29.490000,107.971278,0.112367,0.000000,108.083645,1.628560,0.196263,5.785628,299.408349,0.008696,0.004440,-0.000001,101324.994816,1.529651,0.267652,0,0
29.500000,107.971344,0.110032,0.000000,108.081376,1.628560,0.196263,5.787591,299.410300,0.008578,0.004379,-0.000001,101324.995191,1.532351,0.272346,0,0
29.510000,107.971404,0.107733,0.000000,108.079137,1.628561,0.196263,5.789553,299.412251,0.008462,0.004320,-0.000001,101324.995549,1.535097,0.276692,0,0
29.520000,107.971458,0.105470,0.000000,108.076928,1.628561,0.196263,5.791516,299.414202,0.008347,0.004261,-0.000001,101324.995888,1.537884,0.280685,0,0
29.530000,107.971506,0.103243,0.000000,108.074749,1.628561,0.196263,5.793479,299.416152,0.008233,0.004204,-0.000001,101324.996205,1.540710,0.284320,0,0
29.540000,107.971548,0.101050,0.000000,108.072597,1.628561,0.196263,5.795441,299.418103,0.008121,0.004147,-0.000001,101324.996501,1.543570,0.287592,0,0
29.550000,107.971583,0.098891,0.000000,108.070474,1.628562,0.196263,5.797404,299.420054,0.008011,0.004090,-0.000001,101324.996773,1.546460,0.290497,0,0
29.560000,107.971612,0.096766,0.000000,108.068377,1.628562,0.196263,5.799366,299.422005,0.007902,0.004034,-0.000001,101324.997019,1.549378,0.293032,0,0
29.570000,107.971633,0.094674,0.000000,108.066307,1.628562,0.196263,5.801329,299.423955,0.007794,0.003979,-0.000001,101324.997239,1.552320,0.295194,0,0
29.580000,107.971648,0.092614,0.000000,108.064262,1.628563,0.196263,5.803292,299.425906,0.007687,0.003925,-0.000001,101324.997431,1.555281,0.296980,0,0
29.590000,107.971655,0.090607,0.000000,108.062262,1.628563,0.196263,5.805254,299.427856,0.007583,0.003872,-0.000001,101324.997682,1.558259,0.298388,0,0
29.600000,107.971655,0.088645,0.000000,108.060300,1.628563,0.196263,5.807217,299.429807,0.007480,0.003819,-0.000001,101324.997964,1.561248,0.299416,0,0
29.610000,107.971647,0.086719,0.000000,108.058366,1.628564,0.196263,5.809180,299.431757,0.007379,0.003768,-0.000001,101324.998235,1.564246,0.300064,0,0
29.620000,107.971632,0.084826,0.000000,108.056458,1.628564,0.196263,5.811142,299.433707,0.007279,0.003717,-0.000001,101324.998494,1.567248,0.300330,0,0
29.630000,107.971608,0.082968,0.000000,108.054576,1.628565,0.196263,5.813105,299.435658,0.007180,0.003666,-0.000001,101324.998739,1.570251,0.300214,0,0
29.640000,107.971576,0.081143,0.000000,108.052720,1.628565,0.196263,5.815067,299.437608,0.007083,0.003617,-0.000001,101324.998972,1.573251,0.299717,0,0
29.650000,107.971536,0.079352,0.000000,108.050888,1.628565,0.196263,5.817030,299.439558,0.006987,0.003568,-0.000001,101324.999190,1.576245,0.298840,0,0
29.660000,107.971487,0.077593,0.000000,108.049080,1.628566,0.196263,5.818993,299.441508,0.006893,0.003520,-0.000001,101324.999394,1.579227,0.297583,0,0
29.670000,107.971430,0.075867,0.000000,108.047296,1.628566,0.196263,5.820955,299.443458,0.006799,0.003472,-0.000001,101324.999583,1.582195,0.295950,0,0
29.680000,107.971363,0.074172,0.000000,108.045535,1.628567,0.196263,5.822918,299.445408,0.006707,0.003425,-0.000001,101324.999757,1.585145,0.293943,0,0
29.690000,107.971288,0.072508,0.000000,108.043796,1.628567,0.196263,5.824881,299.447358,0.006616,0.003379,-0.000001,101324.999914,1.588073,0.291563,0,0
29.700000,107.971203,0.070876,0.000000,108.042079,1.628568,0.196263,5.826843,299.449308,0.006527,0.003333,-0.000001,101325.000055,1.590975,0.288814,0,0
29.710000,107.971108,0.069274,0.000000,108.040382,1.628569,0.196263,5.828806,299.451258,0.006438,0.003288,-0.000001,101325.000180,1.593848,0.285701,0,0
29.720000,107.971004,0.067702,0.000000,108.038706,1.628569,0.196263,5.830768,299.453208,0.006351,0.003243,-0.000001,101325.000287,1.596688,0.282229,0,0
29.730000,107.970890,0.066160,0.000000,108.037050,1.628570,0.196263,5.832731,299.455158,0.006264,0.003199,-0.000001,101325.000375,1.599492,0.278401,0,0
29.740000,107.970766,0.064646,0.000000,108.035412,1.628570,0.196263,5.834694,299.457107,0.006179,0.003156,-0.000001,101325.000446,1.602255,0.274224,0,0
29.750000,107.970632,0.063162,0.000000,108.033793,1.628571,0.196263,5.836656,299.459057,0.006095,0.003113,-0.000001,101325.000497,1.604975,0.269702,0,0
29.760000,107.970487,0.061705,0.000000,108.032192,1.628572,0.196263,5.838619,299.461006,0.006012,0.003070,-0.000001,101325.000529,1.607648,0.264843,0,0
29.770000,107.970332,0.060277,0.000000,108.030608,1.628572,0.196263,5.840582,299.462956,0.005930,0.003028,-0.000001,101325.000541,1.610271,0.259653,0,0
29.780000,107.970165,0.058876,0.000000,108.029041,1.628573,0.196263,5.842544,299.464905,0.005849,0.002987,-0.000001,101325.000532,1.612840,0.254139,0,0
29.790000,107.969988,0.057504,0.000000,108.027492,1.628574,0.196263,5.844507,299.466855,0.005769,0.002946,-0.000001,101325.000531,1.615353,0.248310,0,0
29.800000,107.969800,0.056167,0.000000,108.025967,1.628574,0.196263,5.846469,299.468804,0.005691,0.002906,-0.000001,101325.000589,1.617805,0.242173,0,0
29.810000,107.969600,0.054857,0.000000,108.024457,1.628575,0.196263,5.848432,299.470754,0.005614,0.002867,-0.000001,101325.000640,1.620195,0.235736,0,0
29.820000,107.969389,0.053574,0.000000,108.022963,1.628576,0.196263,5.850395,299.472703,0.005538,0.002828,-0.000001,101325.000684,1.622519,0.229008,0,0
29.830000,107.969166,0.052317,0.000000,108.021483,1.628576,0.196263,5.852357,299.474652,0.005463,0.002790,-0.000001,101325.000721,1.624774,0.221999,0,0
29.840000,107.968931,0.051087,0.000000,108.020018,1.628577,0.196263,5.854320,299.476601,0.005389,0.002752,-0.000001,101325.000753,1.626958,0.214719,0,0
29.850000,107.968683,0.049882,0.000000,108.018566,1.628578,0.196263,5.856283,299.478550,0.005316,0.002715,-0.000001,101325.000778,1.629067,0.207177,0,0
29.860000,107.968424,0.048703,0.000000,108.017127,1.628579,0.196263,5.858245,299.480499,0.005244,0.002678,-0.000001,101325.000798,1.631100,0.199383,0,0
29.870000,107.968152,0.047548,0.000000,108.015700,1.628580,0.196263,5.860208,299.482448,0.005173,0.002642,-0.000001,101325.000812,1.633054,0.191347,0,0
29.880000,107.967868,0.046418,0.000000,108.014286,1.628580,0.196263,5.862170,299.484397,0.005102,0.002606,-0.000001,101325.000821,1.634926,0.183081,0,0
29.890000,107.967570,0.045312,0.000000,108.012883,1.628581,0.196263,5.864133,299.486346,0.005033,0.002571,-0.000001,101325.000824,1.636715,0.174597,0,0
29.900000,107.967260,0.044230,0.000000,108.011490,1.628582,0.196263,5.866096,299.488295,0.004965,0.002536,-0.000001,101325.000822,1.638417,0.165905,0,0
29.910000,107.966936,0.043172,0.000000,108.010108,1.628583,0.196263,5.868058,299.490244,0.004898,0.002501,-0.000001,101325.000815,1.640032,0.157016,0,0
29.920000,107.966599,0.042136,0.000000,108.008735,1.628584,0.196263,5.870021,299.492193,0.004831,0.002467,-0.000001,101325.000804,1.641557,0.147943,0,0
29.930000,107.966249,0.041123,0.000000,108.007371,1.628584,0.196263,5.871984,299.494141,0.004765,0.002434,-0.000001,101325.000788,1.642990,0.138698,0,0
29.940000,107.965884,0.040132,0.000000,108.006016,1.628585,0.196263,5.873946,299.496090,0.004701,0.002401,-0.000001,101325.000768,1.644330,0.129292,0,0
29.950000,107.965506,0.039163,0.000000,108.004669,1.628586,0.196263,5.875909,299.498039,0.004637,0.002368,-0.000001,101325.000744,1.645575,0.119739,0,0
29.960000,107.965114,0.038215,0.000000,108.003329,1.628587,0.196263,5.877871,299.499987,0.004573,0.002336,-0.000001,101325.000716,1.646724,0.110050,0,0
29.970000,107.964707,0.037288,0.000000,108.001996,1.628588,0.196263,5.879834,299.501936,0.004511,0.002304,-0.000001,101325.000684,1.647775,0.100238,0,0
29.980000,107.964286,0.036383,0.000000,108.000669,1.628589,0.196263,5.881797,299.503884,0.004450,0.002273,-0.000001,101325.000648,1.648728,0.090316,0,0
29.990000,107.963851,0.035497,0.000000,107.999348,1.628590,0.196263,5.883759,299.505833,0.004389,0.002242,-0.000001,101325.000610,1.649581,0.080297,0,0
30.000000,107.963400,0.034628,0.000000,107.998028,1.628591,0.196263,5.885722,299.507781,0.004329,0.002211,-0.000001,101325.000605,1.650334,0.070193,0,0
