time_s,power_W,I0_rms_A,I1_rms_A,label
0.000,0.36,0.008,0.038,idle
0.020,0.36,0.008,0.039,idle
0.040,0.39,0.008,0.040,idle
0.060,0.38,0.009,0.040,idle
0.080,0.38,0.008,0.047,idle
0.100,0.39,0.008,0.040,idle
0.120,0.42,0.009,0.037,idle
0.140,0.42,0.009,0.036,idle
0.160,0.40,0.008,0.040,idle
0.180,0.42,0.008,0.039,idle
0.200,0.45,0.008,0.043,idle
0.220,0.43,0.008,0.041,idle
0.240,0.47,0.008,0.041,idle
0.260,0.49,0.008,0.040,idle
0.280,0.53,0.008,0.041,idle
0.300,0.55,0.007,0.041,idle
0.320,0.56,0.007,0.042,idle
0.340,0.57,0.007,0.038,idle
0.360,0.59,0.007,0.044,idle
0.380,0.56,0.007,0.039,idle
0.400,0.59,0.008,0.038,idle
0.420,0.62,0.008,0.042,idle
0.440,0.60,0.008,0.040,idle
0.460,0.60,0.008,0.039,idle
0.480,0.56,0.008,0.040,idle
0.500,0.51,0.008,0.041,idle
0.520,0.39,0.008,0.043,idle
0.540,0.75,0.008,0.039,idle
0.560,1.14,0.007,0.040,idle
0.580,1.12,0.008,0.038,idle
0.600,0.95,0.008,0.041,idle
0.620,0.63,0.008,0.040,idle
0.640,0.60,0.008,0.041,idle
0.660,0.90,0.007,0.042,idle
0.680,0.94,0.008,0.036,idle
0.700,1.00,0.008,0.037,idle
0.720,0.90,0.007,0.040,idle
0.740,0.78,0.008,0.038,idle
0.760,0.84,0.007,0.037,idle
0.780,0.87,0.008,0.035,idle
0.800,0.79,0.008,0.040,idle
0.820,0.76,0.008,0.038,idle
0.840,0.69,0.008,0.039,idle
0.860,0.64,0.008,0.042,idle
0.880,0.68,0.008,0.037,idle
0.900,0.69,0.009,0.036,idle
0.920,0.67,0.009,0.045,idle
0.940,0.65,0.008,0.042,idle
0.960,0.67,0.008,0.038,idle
0.980,0.69,0.009,0.045,idle
1.000,0.72,0.008,0.076,idle
1.020,0.73,0.009,0.131,idle
1.040,0.73,0.010,0.120,idle
1.060,0.74,0.010,0.116,idle
1.080,0.71,0.008,0.072,idle
1.100,0.70,0.008,0.090,idle
1.120,0.64,0.008,0.116,idle
1.140,0.66,0.009,0.086,idle
1.160,0.70,0.009,0.066,idle
1.180,0.68,0.007,0.047,idle
1.200,0.65,0.008,0.044,idle
1.220,0.72,0.008,0.048,idle
1.240,0.69,0.008,0.041,idle
1.260,0.68,0.008,0.039,idle
1.280,0.64,0.008,0.042,idle
1.300,0.66,0.007,0.038,idle
1.320,0.70,0.008,0.045,idle
1.340,0.69,0.007,0.042,idle
1.360,0.63,0.007,0.038,idle
1.380,0.69,0.008,0.039,idle
1.400,0.72,0.008,0.039,idle
1.420,0.71,0.008,0.039,idle
1.440,0.73,0.008,0.040,idle
1.460,0.75,0.008,0.037,idle
1.480,0.82,0.007,0.032,idle
1.500,0.86,0.008,0.037,idle
1.520,0.97,0.007,0.040,idle
1.540,0.59,0.008,0.035,idle
1.560,0.22,0.007,0.036,idle
1.580,0.21,0.007,0.040,idle
1.600,0.36,0.008,0.039,idle
1.620,0.67,0.008,0.037,idle
1.640,0.72,0.008,0.036,idle
1.660,0.41,0.007,0.042,idle
1.680,0.37,0.007,0.041,idle
1.700,0.40,0.008,0.035,idle
1.720,0.43,0.008,0.033,idle
1.740,0.48,0.008,0.043,idle
1.760,0.44,0.008,0.038,idle
1.780,0.35,0.008,0.037,idle
1.800,0.43,0.007,0.038,idle
1.820,0.39,0.007,0.043,idle
1.840,0.44,0.008,0.039,idle
1.860,0.43,0.008,0.038,idle
1.880,0.42,0.008,0.037,idle
1.900,0.38,0.007,0.039,idle
1.920,0.36,0.008,0.038,idle
1.940,0.37,0.007,0.038,idle
1.960,0.37,0.007,0.038,idle
1.980,0.33,0.007,0.039,idle
2.000,0.35,0.007,0.039,idle
2.020,0.34,0.008,0.037,idle
2.040,0.32,0.008,0.037,idle
2.060,0.33,0.007,0.044,idle
2.080,0.34,0.008,0.040,idle
2.100,0.35,0.008,0.039,idle
2.120,0.36,0.007,0.041,idle
2.140,0.36,0.007,0.038,idle
2.160,0.35,0.007,0.037,idle
2.180,0.34,0.008,0.038,idle
2.200,0.36,0.007,0.034,idle
2.220,0.33,0.008,0.041,idle
2.240,0.31,0.008,0.040,idle
2.260,0.27,0.007,0.034,idle
2.280,0.29,0.008,0.040,idle
2.300,0.27,0.008,0.038,idle
2.320,0.23,0.008,0.039,idle
2.340,0.27,0.007,0.039,idle
2.360,0.36,0.007,0.036,idle
2.380,0.35,0.008,0.036,idle
2.400,0.31,0.008,0.037,idle
2.420,0.28,0.007,0.037,idle
2.440,0.27,0.007,0.037,idle
2.460,0.22,0.007,0.039,idle
2.480,0.16,0.007,0.038,idle
2.500,0.14,0.008,0.039,idle
2.520,0.11,0.008,0.035,idle
2.540,0.13,0.008,0.033,idle
2.560,0.15,0.007,0.035,idle
2.580,0.14,0.007,0.037,idle
2.600,0.18,0.007,0.039,idle
2.620,0.16,0.007,0.039,idle
2.640,0.10,0.008,0.036,idle
2.660,0.13,0.007,0.035,idle
2.680,0.12,0.007,0.037,idle
2.700,0.12,0.008,0.037,idle
2.720,0.15,0.008,0.040,idle
2.740,0.15,0.007,0.034,idle
2.760,0.11,0.008,0.040,idle
2.780,0.18,0.007,0.037,idle
2.800,0.13,0.007,0.036,idle
2.820,0.14,0.007,0.041,idle
2.840,0.13,0.008,0.040,idle
2.860,0.17,0.007,0.037,idle
2.880,0.16,0.007,0.041,idle
2.900,0.20,0.007,0.039,idle
2.920,0.24,0.008,0.038,idle
2.940,0.20,0.007,0.039,idle
2.960,0.22,0.007,0.037,idle
2.980,0.25,0.008,0.040,idle
3.000,0.21,0.007,0.038,idle
3.020,0.21,0.007,0.039,idle
3.040,0.21,0.007,0.040,idle
3.060,0.24,0.008,0.035,idle
3.080,0.25,0.007,0.037,idle
3.100,0.35,0.007,0.038,idle
3.120,0.56,0.007,0.034,idle
3.140,0.55,0.007,0.043,idle
3.160,0.36,0.007,0.037,idle
3.180,0.29,0.007,0.039,idle
3.200,0.19,0.007,0.041,idle
3.220,0.21,0.007,0.039,idle
3.240,0.29,0.007,0.040,idle
3.260,0.35,0.008,0.041,idle
3.280,0.44,0.008,0.038,idle
3.300,0.50,0.008,0.038,idle
3.320,0.50,0.007,0.039,idle
3.340,0.41,0.008,0.041,idle
3.360,0.25,0.008,0.037,idle
3.380,0.19,0.007,0.036,idle
3.400,0.26,0.007,0.042,idle
3.420,0.35,0.007,0.040,idle
3.440,0.34,0.007,0.039,idle
3.460,0.34,0.008,0.039,idle
3.480,0.36,0.007,0.034,idle
3.500,0.40,0.008,0.041,idle
3.520,0.39,0.007,0.038,idle
3.540,0.34,0.008,0.042,idle
3.560,0.30,0.008,0.036,idle
3.580,0.29,0.008,0.050,idle
3.600,0.28,0.007,0.059,idle
3.620,0.29,0.008,0.075,idle
3.640,0.33,0.007,0.061,idle
3.660,0.29,0.007,0.046,idle
3.680,0.29,0.008,0.055,idle
3.700,0.28,0.008,0.067,idle
3.720,0.27,0.008,0.048,idle
3.740,0.29,0.008,0.043,idle
3.760,0.31,0.007,0.044,idle
3.780,0.25,0.008,0.048,idle
3.800,0.29,0.008,0.045,idle
3.820,0.29,0.008,0.040,idle
3.840,0.28,0.007,0.053,idle
3.860,0.30,0.008,0.053,idle
3.880,0.31,0.008,0.044,idle
3.900,0.28,0.007,0.043,idle
3.920,0.24,0.007,0.042,idle
3.940,0.28,0.007,0.039,idle
3.960,0.24,0.007,0.041,idle
3.980,0.28,0.007,0.035,idle
4.000,0.32,0.007,0.037,idle
4.020,0.31,0.008,0.039,idle
4.040,0.32,0.008,0.039,idle
4.060,0.31,0.008,0.038,idle
4.080,0.29,0.008,0.034,idle
4.100,0.19,0.008,0.037,idle
4.120,-0.01,0.008,0.034,idle
4.140,-0.07,0.008,0.037,idle
4.160,0.13,0.008,0.039,idle
4.180,0.21,0.008,0.033,idle
4.200,0.30,0.008,0.037,idle
4.220,0.26,0.008,0.037,idle
4.240,0.18,0.007,0.037,idle
4.260,0.20,0.007,0.038,idle
4.280,0.09,0.007,0.040,idle
4.300,0.01,0.008,0.039,idle
4.320,0.04,0.008,0.037,idle
4.340,0.09,0.007,0.038,idle
4.360,0.21,0.007,0.033,idle
4.380,0.23,0.007,0.037,idle
4.400,0.19,0.007,0.037,idle
4.420,0.10,0.007,0.036,idle
4.440,0.14,0.008,0.037,idle
4.460,0.20,0.008,0.034,idle
4.480,0.21,0.007,0.037,idle
4.500,0.19,0.008,0.037,idle
4.520,0.24,0.008,0.039,idle
4.540,0.27,0.008,0.037,idle
4.560,0.28,0.008,0.036,idle
4.580,0.26,0.008,0.035,idle
4.600,0.26,0.008,0.039,idle
4.620,0.25,0.008,0.035,idle
4.640,0.21,0.008,0.036,idle
4.660,0.22,0.007,0.036,idle
4.680,0.22,0.008,0.041,idle
4.700,0.23,0.008,0.038,idle
4.720,0.24,0.008,0.040,idle
4.740,0.22,0.008,0.037,idle
4.760,0.19,0.008,0.037,idle
4.780,0.22,0.008,0.038,idle
4.800,0.25,0.008,0.040,idle
4.820,0.25,0.008,0.038,idle
4.840,0.28,0.008,0.035,idle
4.860,0.28,0.008,0.037,idle
4.880,0.26,0.008,0.035,idle
4.900,0.31,0.008,0.039,idle
4.920,0.36,0.008,0.034,idle
4.940,0.33,0.008,0.039,idle
4.960,0.34,0.008,0.036,idle
4.980,0.33,0.008,0.035,idle
5.000,0.33,0.008,0.041,idle
5.020,0.32,0.008,0.039,idle
5.040,0.31,0.007,0.037,idle
5.060,0.26,0.008,0.038,idle
5.080,0.34,0.008,0.039,idle
5.100,0.33,0.008,0.034,idle
5.120,0.35,0.008,0.038,idle
5.140,0.41,0.007,0.037,idle
5.160,0.37,0.007,0.032,idle
5.180,0.39,0.007,0.037,idle
5.200,0.42,0.008,0.037,idle
5.220,0.43,0.008,0.039,idle
5.240,0.43,0.008,0.038,idle
5.260,0.43,0.008,0.039,idle
5.280,0.43,0.007,0.034,idle
5.300,0.46,0.007,0.036,idle
5.320,0.43,0.008,0.041,idle
5.340,0.43,0.008,0.036,idle
5.360,0.41,0.008,0.035,idle
5.380,0.42,0.008,0.038,idle
5.400,0.37,0.008,0.035,idle
5.420,0.39,0.008,0.037,idle
5.440,0.39,0.008,0.034,idle
5.460,0.36,0.008,0.036,idle
5.480,0.37,0.007,0.036,idle
5.500,0.40,0.007,0.038,idle
5.520,0.41,0.007,0.037,idle
5.540,0.46,0.007,0.037,idle
5.560,0.50,0.007,0.040,idle
5.580,0.51,0.008,0.035,idle
5.600,0.54,0.008,0.038,idle
5.620,0.55,0.008,0.035,idle
5.640,0.58,0.008,0.035,idle
5.660,0.58,0.007,0.037,idle
5.680,0.57,0.007,0.041,idle
5.700,0.53,0.008,0.038,idle
5.720,0.51,0.007,0.037,idle
5.740,0.53,0.008,0.040,idle
5.760,0.52,0.008,0.038,idle
5.780,0.52,0.007,0.037,idle
5.800,0.45,0.008,0.041,idle
5.820,0.48,0.008,0.038,idle
5.840,0.44,0.007,0.037,idle
5.860,0.41,0.007,0.039,idle
5.880,0.42,0.008,0.035,idle
5.900,0.39,0.007,0.036,idle
5.920,0.39,0.007,0.035,idle
5.940,0.42,0.008,0.036,idle
5.960,0.46,0.007,0.039,idle
5.980,0.44,0.007,0.039,idle
6.000,0.36,0.007,0.039,idle
6.020,0.39,0.007,0.039,idle
6.040,0.39,0.008,0.036,idle
6.060,0.38,0.007,0.037,idle
6.080,0.31,0.008,0.036,idle
6.100,0.26,0.008,0.038,idle
6.120,-0.20,0.007,0.038,idle
6.140,-0.25,0.007,0.039,idle
6.160,0.03,0.007,0.039,idle
6.180,0.24,0.008,0.040,idle
6.200,0.35,0.008,0.039,idle
6.220,0.09,0.007,0.037,idle
6.240,-0.11,0.008,0.036,idle
6.260,-0.04,0.007,0.035,idle
6.280,-0.00,0.007,0.039,idle
6.300,0.05,0.007,0.040,idle
6.320,0.07,0.007,0.036,idle
6.340,-0.03,0.007,0.036,idle
6.360,-0.02,0.008,0.040,idle
6.380,0.04,0.008,0.034,idle
6.400,0.02,0.008,0.037,idle
6.420,0.07,0.008,0.039,idle
6.440,0.08,0.008,0.037,idle
6.460,0.07,0.007,0.040,idle
6.480,0.08,0.007,0.036,idle
6.500,0.04,0.007,0.036,idle
6.520,0.01,0.007,0.038,idle
6.540,-0.04,0.008,0.038,idle
6.560,-0.08,0.008,0.050,idle
6.580,-0.07,0.008,0.086,idle
6.600,-0.08,0.008,0.129,idle
6.620,-0.08,0.008,0.115,idle
6.640,-0.09,0.009,0.080,idle
6.660,-0.10,0.008,0.061,idle
6.680,-0.11,0.008,0.099,idle
6.700,-0.09,0.008,0.092,idle
6.720,-0.06,0.008,0.086,idle
6.740,-0.05,0.008,0.045,idle
6.760,0.00,0.008,0.039,idle
6.780,0.05,0.008,0.040,idle
6.800,0.04,0.007,0.048,idle
6.820,0.03,0.008,0.046,idle
6.840,0.07,0.008,0.037,idle
6.860,0.11,0.008,0.043,idle
6.880,0.17,0.008,0.037,idle
6.900,0.16,0.008,0.040,idle
6.920,0.15,0.007,0.038,idle
6.940,0.11,0.007,0.040,idle
6.960,0.10,0.008,0.039,idle
6.980,0.10,0.007,0.035,idle
7.000,0.07,0.007,0.040,idle
7.020,0.05,0.007,0.038,idle
7.040,0.04,0.008,0.039,idle
7.060,0.11,0.007,0.037,idle
7.080,0.15,0.008,0.038,idle
7.100,0.18,0.007,0.037,idle
7.120,0.64,0.007,0.037,idle
7.140,0.67,0.008,0.037,idle
7.160,0.43,0.008,0.035,idle
7.180,0.20,0.007,0.036,idle
7.200,0.04,0.008,0.037,idle
7.220,0.32,0.008,0.039,idle
7.240,0.50,0.008,0.033,idle
7.260,0.38,0.008,0.040,idle
7.280,0.33,0.008,0.036,idle
7.300,0.26,0.008,0.040,idle
7.320,0.27,0.008,0.038,idle
7.340,0.38,0.008,0.039,idle
7.360,0.39,0.008,0.039,idle
7.380,0.33,0.007,0.041,idle
7.400,0.34,0.007,0.039,idle
7.420,0.32,0.008,0.038,idle
7.440,0.32,0.007,0.041,idle
7.460,0.35,0.007,0.042,idle
7.480,0.34,0.007,0.039,idle
7.500,0.38,0.008,0.039,idle
7.520,0.39,0.008,0.038,idle
7.540,0.43,0.008,0.038,idle
7.560,0.46,0.008,0.034,idle
7.580,0.48,0.008,0.035,idle
7.600,0.48,0.008,0.039,idle
7.620,0.50,0.008,0.036,idle
7.640,0.48,0.008,0.038,idle
7.660,0.49,0.008,0.041,idle
7.680,0.50,0.007,0.037,idle
7.700,0.54,0.008,0.035,idle
7.720,0.53,0.007,0.038,idle
7.740,0.53,0.008,0.036,idle
7.760,0.55,0.008,0.042,idle
7.780,0.49,0.008,0.038,idle
7.800,0.53,0.008,0.042,idle
7.820,0.54,0.007,0.038,idle
7.840,0.56,0.008,0.038,idle
7.860,0.57,0.007,0.036,idle
7.880,0.58,0.007,0.040,idle
7.900,0.56,0.007,0.037,idle
7.920,0.57,0.007,0.039,idle
7.940,0.59,0.007,0.039,idle
7.960,0.57,0.008,0.036,idle
7.980,0.59,0.008,0.039,idle
8.000,-2.18,0.007,0.038,idle
8.020,-2.31,0.007,0.040,idle
8.040,-2.39,0.008,0.041,idle
8.060,-2.54,0.008,0.035,idle
8.080,-2.66,0.007,0.036,idle
8.100,-2.74,0.007,0.040,idle
8.120,-2.86,0.008,0.037,idle
8.140,-2.96,0.008,0.038,idle
8.160,-3.08,0.007,0.039,idle
8.180,-3.19,0.007,0.035,idle
8.200,-3.28,0.007,0.034,idle
8.220,-3.42,0.008,0.038,idle
8.240,-3.51,0.008,0.038,idle
8.260,-3.57,0.007,0.035,idle
8.280,-3.67,0.007,0.038,idle
8.300,-3.79,0.008,0.035,idle
8.320,-3.94,0.008,0.037,idle
8.340,-4.04,0.008,0.040,idle
8.360,-4.17,0.008,0.041,idle
8.380,-4.28,0.008,0.037,idle
8.400,-4.38,0.007,0.041,idle
8.420,-4.52,0.008,0.037,idle
8.440,-4.66,0.008,0.041,idle
8.460,-4.78,0.008,0.036,idle
8.480,-4.90,0.008,2.135,idle
8.500,-5.05,0.008,0.236,idle
8.520,-5.18,0.008,0.079,idle
8.540,-5.35,0.008,0.045,idle
8.560,-5.48,0.007,0.042,idle
8.580,-5.61,0.008,0.039,idle
8.600,-5.73,0.007,0.028,idle
8.620,-5.85,0.007,0.025,idle
8.640,-5.96,0.007,0.023,idle
8.660,-6.08,0.007,0.023,idle
8.680,-6.20,0.008,0.028,idle
8.700,-6.34,0.008,0.058,idle
8.720,-6.46,0.008,0.038,idle
8.740,-6.80,0.008,0.035,idle
8.760,-7.31,0.008,0.032,idle
8.780,-6.55,0.008,0.034,idle
8.800,-7.11,0.008,0.034,idle
8.820,-7.45,0.008,0.033,idle
8.840,-7.83,0.008,0.033,idle
8.860,-8.34,0.008,0.034,idle
8.880,-8.69,0.007,0.033,idle
8.900,-9.04,0.007,0.034,idle
8.920,-9.43,0.007,0.034,idle
8.940,-9.71,0.007,0.035,idle
8.960,-10.05,0.007,0.033,idle
8.980,-10.51,0.007,0.035,idle
9.000,-7.98,0.007,0.036,idle
9.020,-8.14,0.008,0.037,idle
9.040,-8.38,0.008,0.034,idle
9.060,-8.57,0.008,0.033,idle
9.080,-8.68,0.007,0.033,idle
9.100,-8.90,0.007,0.033,idle
9.120,-9.09,0.008,0.035,idle
9.140,-9.23,0.008,0.035,idle
9.160,-9.48,0.007,0.034,idle
9.180,-9.73,0.007,0.035,idle
9.200,-9.93,0.008,0.035,idle
9.220,-10.07,0.008,1.219,idle
9.240,-10.32,0.008,0.459,idle
9.260,-10.57,0.008,0.633,idle
9.280,-10.78,0.008,0.238,idle
9.300,-11.01,0.009,0.108,idle
9.320,-11.31,0.009,0.068,idle
9.340,-11.53,0.008,0.098,idle
9.360,-11.74,0.008,0.069,idle
9.380,-11.85,0.007,0.070,idle
9.400,-12.08,0.008,0.083,idle
9.420,-12.28,0.008,0.070,idle
9.440,-12.40,0.008,0.062,idle
9.460,-12.65,0.007,0.088,idle
9.480,-12.89,0.008,0.071,idle
9.500,-13.02,0.008,0.087,idle
9.520,-13.23,0.008,0.094,idle
9.540,-13.49,0.007,0.096,idle
9.560,-13.69,0.007,0.083,idle
9.580,-13.80,0.007,0.087,idle
9.600,-14.03,0.008,0.087,idle
9.620,-14.26,0.007,0.073,idle
9.640,-14.35,0.007,0.075,idle
9.660,-14.57,0.007,0.087,idle
9.680,-14.80,0.008,0.084,idle
9.700,-14.94,0.007,0.073,idle
9.720,-15.18,0.007,0.076,idle
9.740,-15.24,0.008,0.087,idle
9.760,-15.06,0.008,0.083,idle
9.780,-16.06,0.008,0.071,idle
9.800,-15.83,0.008,0.092,idle
9.820,-15.80,0.008,0.083,idle
9.840,-15.67,0.008,0.082,idle
9.860,-15.53,0.008,0.069,idle
9.880,-15.55,0.008,0.084,idle
9.900,-15.44,0.008,0.089,idle
9.920,-15.41,0.007,0.073,idle
9.940,-15.49,0.007,0.081,idle
9.960,-15.40,0.008,0.091,idle
9.980,-15.30,0.007,0.076,idle
10.000,-15.44,0.008,0.073,idle
10.020,-15.44,0.007,0.091,idle
10.040,-15.42,0.008,0.090,idle
10.060,-15.48,0.008,0.065,idle
10.080,-15.55,0.007,0.086,idle
10.100,-15.56,0.008,0.095,idle
10.120,-15.48,0.008,0.063,idle
10.140,-15.57,0.008,0.087,idle
10.160,-15.52,0.008,0.091,idle
10.180,-15.40,0.008,0.076,idle
10.200,-15.43,0.008,0.074,idle
10.220,-15.48,0.008,0.091,idle
10.240,-15.35,0.008,0.089,idle
10.260,-15.33,0.008,0.069,idle
10.280,-15.32,0.008,0.087,idle
10.300,-15.19,0.008,0.090,idle
10.320,-15.11,0.007,0.071,idle
10.340,-15.12,0.008,0.086,idle
10.360,-15.01,0.008,0.089,idle
10.380,-15.13,0.008,0.075,idle
10.400,-15.11,0.007,0.080,idle
10.420,-15.02,0.007,0.092,idle
10.440,-15.11,0.007,0.078,idle
10.460,-15.07,0.008,0.073,idle
10.480,-14.92,0.008,0.096,idle
10.500,-14.99,0.008,0.082,idle
10.520,-14.97,0.008,0.072,idle
10.540,-14.79,0.008,0.088,idle
10.560,-14.83,0.008,0.082,idle
10.580,-14.93,0.007,0.096,idle
10.600,-14.82,0.008,0.072,idle
10.620,-14.83,0.007,0.087,idle
10.640,-14.94,0.007,0.092,idle
10.660,-14.81,0.008,0.075,idle
10.680,-14.81,0.008,0.087,idle
10.700,-14.88,0.008,0.095,idle
10.720,-14.76,0.008,0.070,idle
10.740,-14.71,0.008,0.088,idle
10.760,-14.71,0.008,0.095,idle
10.780,-14.71,0.008,0.069,idle
10.800,-14.71,0.008,0.088,idle
10.820,-14.72,0.007,0.097,idle
10.840,-14.72,0.008,0.070,idle
10.860,-14.72,0.007,0.088,idle
10.880,-14.73,0.008,0.096,idle
10.900,-14.71,0.008,0.068,idle
10.920,-14.69,0.008,0.087,idle
10.940,-14.64,0.008,0.097,idle
10.960,-14.61,0.008,0.071,idle
10.980,-14.58,0.008,0.089,idle
11.000,-14.47,0.008,0.098,idle
11.020,-14.39,0.008,0.070,idle
11.040,-14.40,0.008,0.089,idle
11.060,-14.35,0.008,0.098,idle
11.080,-14.28,0.008,0.070,idle
11.100,-14.28,0.008,0.089,idle
11.120,-14.37,0.008,0.097,idle
11.140,-14.25,0.008,0.071,idle
11.160,-14.27,0.008,0.089,idle
11.180,-14.36,0.008,0.098,idle
11.200,-14.23,0.008,0.071,idle
11.220,-14.26,0.008,0.088,idle
11.240,-14.36,0.008,0.097,idle
11.260,-14.25,0.008,0.071,idle
11.280,-14.26,0.008,0.089,idle
11.300,-14.37,0.008,0.096,idle
11.320,-14.27,0.008,0.073,idle
11.340,-14.28,0.008,0.089,idle
11.360,-14.37,0.008,0.097,idle
11.380,-14.25,0.008,0.075,idle
11.400,-14.26,0.008,0.090,idle
11.420,-14.37,0.008,0.098,idle
11.440,-14.25,0.008,0.074,idle
11.460,-14.26,0.008,0.089,idle
11.480,-14.37,0.008,0.098,idle
11.500,-14.27,0.008,0.075,idle
11.520,-14.28,0.007,0.090,idle
11.540,-14.39,0.008,0.097,idle
11.560,-14.28,0.007,0.075,idle
11.580,-14.29,0.007,0.091,idle
11.600,-14.39,0.007,0.099,idle
11.620,-14.28,0.007,0.076,idle
11.640,-14.27,0.008,0.091,idle
11.660,-14.36,0.008,0.100,idle
11.680,-14.23,0.008,0.077,idle
11.700,-14.24,0.008,0.091,idle
11.720,-14.37,0.007,0.101,idle
11.740,-14.28,0.007,0.077,idle
11.760,-14.30,0.007,0.091,idle
11.780,-14.39,0.007,0.101,idle
11.800,-14.28,0.007,0.078,idle
11.820,-14.31,0.008,0.092,idle
11.840,-14.41,0.008,0.101,idle
11.860,-14.30,0.008,0.078,idle
11.880,-14.31,0.007,0.091,idle
11.900,-14.41,0.008,0.102,idle
11.920,-14.31,0.008,0.078,idle
11.940,-14.33,0.008,0.091,idle
11.960,-14.43,0.007,0.102,idle
11.980,-14.34,0.008,0.079,idle
12.000,-14.36,0.008,0.092,idle
12.020,-14.46,0.008,0.102,idle
12.040,-14.37,0.007,0.079,idle
12.060,-14.39,0.008,0.093,idle
12.080,-14.49,0.008,0.102,idle
12.100,-14.38,0.007,0.078,idle
12.120,-14.40,0.008,0.093,idle
12.140,-14.50,0.007,0.104,idle
12.160,-14.41,0.008,0.079,idle
12.180,-14.41,0.008,0.090,idle
12.200,-14.52,0.008,0.102,idle
12.220,-14.42,0.009,0.080,idle
12.240,-14.43,0.008,0.094,idle
12.260,-14.53,0.007,0.102,idle
12.280,-14.43,0.008,0.076,idle
12.300,-14.45,0.007,0.091,idle
12.320,-14.54,0.008,0.102,idle
12.340,-14.45,0.008,0.079,idle
12.360,-14.45,0.007,0.093,idle
12.380,-14.56,0.008,0.105,idle
12.400,-14.48,0.008,0.082,idle
12.420,-14.49,0.008,0.093,idle
12.440,-14.59,0.007,0.102,idle
12.460,-14.50,0.008,0.080,idle
12.480,-14.51,0.008,0.093,idle
12.500,-14.63,0.007,0.104,idle
12.520,-14.54,0.007,0.081,idle
12.540,-14.56,0.008,0.093,idle
12.560,-14.67,0.008,0.103,idle
12.580,-14.58,0.008,0.081,idle
12.600,-14.58,0.008,0.094,idle
12.620,-14.69,0.008,0.105,idle
12.640,-14.61,0.008,0.081,idle
12.660,-14.64,0.008,0.092,idle
12.680,-14.76,0.008,0.102,idle
12.700,-14.67,0.008,0.081,idle
12.720,-14.65,0.008,0.093,idle
12.740,-14.74,0.008,0.105,idle
12.760,-14.66,0.008,0.082,idle
12.780,-14.69,0.008,0.095,idle
12.800,-14.84,0.008,0.105,idle
12.820,-14.83,0.008,0.081,idle
12.840,-14.86,0.008,0.092,idle
12.860,-15.01,0.008,0.105,idle
12.880,-15.02,0.008,0.082,idle
12.900,-15.02,0.008,0.093,idle
12.920,-15.21,0.008,0.105,idle
12.940,-15.20,0.008,0.083,idle
12.960,-15.20,0.008,0.093,idle
12.980,-15.39,0.008,0.105,idle
13.000,-15.37,0.008,0.082,idle
13.020,-15.38,0.007,0.093,idle
13.040,-15.57,0.008,0.104,idle
13.060,-15.86,0.008,0.080,idle
13.080,-16.03,0.007,0.091,idle
13.100,-16.26,0.008,0.103,idle
13.120,-16.37,0.009,0.081,idle
13.140,-16.37,0.008,0.091,idle
13.160,-16.62,0.008,0.105,idle
13.180,-16.68,0.008,0.083,idle
13.200,-16.66,0.008,0.093,idle
13.220,-16.76,0.008,0.096,idle
13.240,-16.86,0.008,0.082,idle
13.260,-16.82,0.008,0.083,idle
13.280,-16.94,0.008,0.096,idle
13.300,-17.04,0.008,0.091,idle
13.320,-17.00,0.008,0.081,idle
13.340,-17.18,0.008,0.097,idle
13.360,-17.19,0.008,0.091,idle
13.380,-17.19,0.007,0.076,idle
13.400,-17.34,0.008,0.100,idle
13.420,-17.33,0.008,0.089,idle
13.440,-17.34,0.008,0.079,idle
13.460,-17.48,0.008,0.101,idle
13.480,-17.48,0.008,0.089,idle
13.500,-17.57,0.008,0.078,idle
13.520,-17.69,0.007,0.115,idle
13.540,-17.68,0.008,0.266,idle
13.560,-17.72,0.008,0.175,idle
13.580,-17.83,0.008,0.141,idle
13.600,-17.82,0.008,0.126,idle
13.620,-17.87,0.008,0.101,idle
13.640,-17.95,0.007,0.128,idle
13.660,-17.95,0.007,0.130,idle
13.680,-18.03,0.007,0.093,idle
13.700,-18.07,0.008,0.096,idle
13.720,-18.09,0.008,0.116,idle
13.740,-18.21,0.007,0.091,idle
13.760,-18.26,0.008,0.096,idle
13.780,-18.25,0.007,0.120,idle
13.800,-18.27,0.008,0.091,idle
13.820,-18.21,0.008,0.104,idle
13.840,-18.19,0.008,0.105,idle
13.860,-18.18,0.008,0.096,idle
13.880,-18.16,0.008,0.116,idle
13.900,-18.16,0.008,0.094,idle
13.920,-18.11,0.008,0.095,idle
13.940,-18.15,0.008,0.111,idle
13.960,-18.16,0.008,0.093,idle
13.980,-18.11,0.007,0.109,idle
14.000,-18.10,0.008,0.106,idle
14.020,-18.21,0.007,0.096,idle
14.040,-18.10,0.007,0.112,idle
14.060,-17.80,0.008,0.097,idle
14.080,-17.67,0.008,0.097,idle
14.100,-17.59,0.008,0.112,idle
14.120,-17.48,0.008,0.096,idle
14.140,-17.53,0.009,0.098,idle
14.160,-17.34,0.008,0.119,idle
14.180,-17.28,0.008,0.091,idle
14.200,-17.37,0.008,0.101,idle
14.220,-17.32,0.008,0.118,idle
14.240,-17.24,0.008,0.095,idle
14.260,-17.38,0.008,0.097,idle
14.280,-17.31,0.008,0.113,idle
14.300,-17.30,0.008,0.091,idle
14.320,-17.35,0.008,0.097,idle
14.340,-17.26,0.008,0.113,idle
14.360,-17.32,0.008,0.097,idle
14.380,-17.31,0.009,0.097,idle
14.400,-17.24,0.008,0.112,idle
14.420,-17.30,0.008,0.099,idle
14.440,-17.32,0.008,0.098,idle
14.460,-17.25,0.008,0.111,idle
14.480,-17.31,0.008,0.091,idle
14.500,-17.24,0.009,0.115,idle
14.520,-17.19,0.008,0.097,idle
14.540,-17.23,0.008,0.097,idle
14.560,-17.21,0.008,0.112,idle
14.580,-17.17,0.008,0.099,idle
14.600,-17.24,0.008,0.096,idle
14.620,-17.20,0.008,0.117,idle
14.640,-17.18,0.008,0.093,idle
14.660,-17.22,0.008,0.098,idle
14.680,-17.18,0.008,0.116,idle
14.700,-17.24,0.008,0.091,idle
14.720,-17.27,0.009,0.099,idle
14.740,-17.15,0.008,0.120,idle
14.760,-17.16,0.008,0.091,idle
14.780,-17.22,0.008,0.108,idle
14.800,-17.16,0.008,0.105,idle
14.820,-17.32,0.008,0.096,idle
14.840,-17.30,0.008,0.114,idle
14.860,-17.26,0.009,0.095,idle
14.880,-17.35,0.008,0.097,idle
14.900,-17.30,0.008,0.112,idle
14.920,-17.25,0.010,0.099,idle
14.940,-17.28,0.008,0.097,idle
14.960,-17.22,0.008,0.114,idle
14.980,-17.19,0.008,0.099,idle
15.000,-17.31,0.008,0.100,idle
15.019,-17.16,0.009,0.113,idle
15.039,-17.27,0.008,0.100,idle
15.059,-17.32,0.008,0.098,idle
15.079,-17.27,0.008,0.115,idle
15.099,-17.28,0.008,0.097,idle
15.119,-17.29,0.008,0.100,idle
15.139,-17.24,0.008,0.114,idle
15.159,-17.31,0.008,0.101,idle
15.179,-17.30,0.008,0.097,idle
15.199,-17.32,0.008,0.118,idle
15.219,-17.33,0.009,0.097,idle
15.239,-17.37,0.007,0.098,idle
15.259,-17.36,0.007,0.114,idle
15.279,-17.42,0.008,0.089,idle
15.299,-17.31,0.008,0.125,idle
15.319,-17.37,0.008,0.094,idle
15.339,-17.38,0.008,0.098,idle
15.359,-17.46,0.007,0.116,idle
15.379,-17.42,0.008,0.091,idle
15.399,-17.42,0.008,0.098,idle
15.419,-17.43,0.008,0.115,idle
15.439,-17.40,0.008,0.090,idle
15.459,-17.39,0.008,0.099,idle
15.479,-17.38,0.009,0.120,idle
15.499,-17.32,0.008,0.091,idle
15.519,-17.32,0.008,0.113,idle
15.539,-17.33,0.008,0.109,idle
15.559,-17.32,0.007,0.099,idle
15.579,-17.31,0.007,0.114,idle
15.599,-17.32,0.007,0.097,idle
15.619,-17.33,0.008,0.100,idle
15.639,-17.35,0.008,0.111,idle
15.659,-17.37,0.008,0.093,idle
15.679,-17.27,0.008,0.119,idle
15.699,-17.26,0.008,0.096,idle
15.719,-17.25,0.008,0.103,idle
15.739,-17.24,0.008,0.113,idle
15.759,-17.24,0.007,0.097,idle
15.779,-17.23,0.008,0.098,idle
15.799,-17.28,0.008,0.114,idle
15.819,-17.16,0.008,0.091,idle
15.839,-17.27,0.008,0.129,idle
15.859,-17.29,0.007,0.095,idle
15.879,-17.20,0.008,0.099,idle
15.899,-17.32,0.008,0.115,idle
15.919,-17.35,0.008,0.096,idle
15.939,-17.28,0.008,0.099,idle
15.959,-17.41,0.008,0.116,idle
15.979,-17.41,0.009,0.094,idle
15.999,-17.41,0.008,0.098,idle
16.019,-17.51,0.008,0.112,idle
16.039,-17.41,0.008,0.097,idle
16.059,-17.42,0.008,0.099,idle
16.079,-17.42,0.008,0.116,idle
16.099,-17.49,0.008,0.101,idle
16.119,-17.46,0.008,0.099,idle
16.139,-17.54,0.009,0.116,idle
16.159,-17.53,0.008,0.093,idle
16.179,-17.52,0.008,0.098,idle
16.199,-17.52,0.009,0.112,idle
16.219,-17.60,0.009,0.094,idle
16.239,-17.54,0.009,0.099,idle
16.259,-17.53,0.009,0.111,idle
16.279,-17.54,0.009,0.100,idle
16.299,-17.65,0.009,0.099,idle
16.319,-17.57,0.009,0.116,idle
16.339,-17.64,0.008,0.100,idle
16.359,-17.52,0.008,0.099,idle
16.379,-17.54,0.008,0.115,idle
16.399,-17.66,0.008,0.103,idle
16.419,-17.62,0.009,0.099,idle
16.439,-17.61,0.008,0.115,idle
16.459,-17.74,0.008,0.097,idle
16.479,-17.75,0.009,0.113,idle
16.499,-17.77,0.008,0.108,idle
16.519,-17.88,0.009,0.101,idle
16.539,-17.84,0.008,0.115,idle
16.559,-17.95,0.008,0.089,idle
16.579,-18.00,0.008,0.127,idle
16.599,-17.91,0.008,0.100,idle
16.619,-17.99,0.008,0.110,idle
16.639,-18.00,0.008,0.108,idle
16.659,-18.05,0.008,0.101,idle
16.679,-18.11,0.008,0.121,idle
16.699,-18.11,0.008,0.107,idle
16.719,-18.20,0.008,0.102,idle
16.739,-18.22,0.008,0.121,idle
16.759,-18.32,0.007,0.096,idle
16.779,-18.29,0.008,0.126,idle
16.799,-18.22,0.008,0.103,idle
16.819,-18.33,0.008,0.112,idle
16.839,-18.32,0.008,0.109,idle
16.859,-18.29,0.008,0.102,idle
16.879,-18.40,0.008,0.125,idle
16.899,-18.32,0.008,0.109,idle
16.919,-18.41,0.007,0.103,idle
16.939,-18.43,0.007,0.124,idle
16.959,-18.47,0.008,0.112,idle
16.979,-18.48,0.008,0.103,idle
16.999,-18.36,0.007,0.124,idle
17.019,-18.46,0.008,0.095,idle
17.039,-18.49,0.008,0.131,idle
17.059,-18.53,0.007,0.112,idle
17.079,-18.59,0.008,0.108,idle
17.099,-18.43,0.008,0.127,idle
17.119,-18.56,0.008,0.098,idle
17.139,-18.47,0.008,0.126,idle
17.159,-18.57,0.008,0.110,idle
17.179,-18.63,0.008,0.105,idle
17.199,-18.50,0.008,0.130,idle
17.219,-18.59,0.007,0.108,idle
17.239,-18.62,0.008,0.116,idle
17.259,-18.65,0.008,0.114,idle
17.279,-18.67,0.008,0.104,idle
17.299,-18.52,0.008,0.127,idle
17.319,-18.65,0.008,0.113,idle
17.339,-18.57,0.008,0.108,idle
17.359,-18.69,0.007,0.125,idle
17.379,-18.74,0.007,0.101,idle
17.399,-18.59,0.007,0.132,idle
17.419,-18.71,0.007,0.100,idle
17.439,-18.75,0.007,0.129,idle
17.459,-18.73,0.007,0.109,idle
17.479,-18.70,0.007,0.106,idle
17.499,-18.79,0.007,0.133,idle
17.519,-18.71,0.007,0.108,idle
17.539,-18.68,0.007,0.120,idle
17.559,-18.70,0.007,0.107,idle
17.579,-18.67,0.007,0.106,idle
17.599,-18.78,0.007,0.125,idle
17.619,-18.72,0.007,0.100,idle
17.639,-18.69,0.007,0.132,idle
17.659,-18.71,0.007,0.112,idle
17.679,-18.74,0.007,0.108,idle
17.699,-18.75,0.008,0.128,idle
17.719,-18.73,0.007,0.101,idle
17.739,-18.72,0.008,0.130,idle
17.759,-18.76,0.008,0.114,idle
17.779,-18.77,0.008,0.108,idle
17.799,-18.77,0.007,0.128,idle
17.819,-18.79,0.008,0.099,idle
17.839,-18.77,0.007,0.133,idle
17.859,-18.75,0.008,0.111,idle
17.879,-18.76,0.008,0.106,idle
17.899,-18.78,0.007,0.131,idle
17.919,-18.77,0.007,0.109,idle
17.939,-18.79,0.008,0.118,idle
17.959,-18.66,0.007,0.109,idle
17.979,-18.77,0.007,0.114,idle
17.999,-18.82,0.008,0.110,idle
18.019,-18.64,0.007,0.105,idle
18.039,-18.74,0.008,0.129,idle
18.059,-18.66,0.008,0.107,idle
18.079,-18.73,0.007,0.121,idle
18.099,-18.83,0.007,0.113,idle
18.119,-18.70,0.008,0.108,idle
18.139,-18.83,0.008,0.128,idle
18.159,-18.77,0.008,0.113,idle
18.179,-18.71,0.008,0.110,idle
18.199,-18.87,0.007,0.128,idle
18.219,-18.74,0.007,0.099,idle
18.239,-18.83,0.008,0.133,idle
18.259,-18.77,0.008,0.111,idle
18.279,-18.71,0.007,0.110,idle
18.299,-18.88,0.008,0.129,idle
18.319,-18.77,0.008,0.112,idle
18.339,-18.88,0.008,0.110,idle
18.359,-18.81,0.007,0.126,idle
18.379,-18.76,0.007,0.100,idle
18.399,-18.91,0.007,0.132,idle
18.419,-18.76,0.007,0.113,idle
18.439,-18.87,0.007,0.111,idle
18.459,-18.79,0.007,0.128,idle
18.479,-18.88,0.007,0.114,idle
18.499,-18.82,0.008,0.111,idle
18.519,-18.88,0.008,0.129,idle
18.539,-18.94,0.008,0.102,idle
18.559,-18.88,0.008,0.133,idle
18.579,-18.91,0.007,0.116,idle
18.599,-18.82,0.007,0.114,idle
18.619,-18.94,0.008,0.131,idle
18.639,-19.00,0.008,0.115,idle
18.659,-18.94,0.008,0.113,idle
18.679,-18.95,0.008,0.128,idle
18.699,-19.04,0.008,0.101,idle
18.719,-18.97,0.008,0.133,idle
18.739,-19.05,0.008,0.114,idle
18.759,-18.97,0.008,0.113,idle
18.779,-19.01,0.008,0.128,idle
18.799,-19.09,0.007,0.104,idle
18.819,-18.95,0.007,0.130,idle
18.839,-19.06,0.008,0.116,idle
18.859,-19.13,0.008,0.114,idle
18.879,-19.10,0.007,0.124,idle
18.899,-19.13,0.007,0.105,idle
18.919,-19.08,0.008,0.129,idle
18.939,-19.09,0.007,0.101,idle
18.959,-19.08,0.007,0.132,idle
18.979,-19.10,0.007,0.110,idle
18.999,-19.10,0.007,0.129,idle
19.019,-19.22,0.007,0.108,idle
19.039,-19.14,0.008,0.126,idle
19.059,-19.20,0.007,0.112,idle
19.079,-19.13,0.007,0.114,idle
19.099,-19.13,0.007,0.134,idle
19.119,-19.20,0.007,0.112,idle
19.139,-19.14,0.008,0.128,idle
19.159,-19.12,0.007,0.111,idle
19.179,-19.11,0.008,0.129,idle
19.199,-19.11,0.008,0.110,idle
19.219,-19.12,0.007,0.129,idle
19.239,-19.12,0.007,0.108,idle
19.259,-19.07,0.007,0.128,idle
19.279,-19.21,0.007,0.112,idle
19.299,-19.07,0.007,0.116,idle
19.319,-19.19,0.007,0.134,idle
19.339,-19.08,0.008,0.111,idle
19.359,-19.14,0.008,0.129,idle
19.379,-19.17,0.008,0.108,idle
19.399,-19.17,0.008,0.130,idle
19.419,-19.18,0.007,0.110,idle
19.439,-19.18,0.007,0.117,idle
19.459,-19.17,0.007,0.133,idle
19.479,-19.18,0.007,0.112,idle
19.499,-19.15,0.007,0.130,idle
19.519,-19.19,0.007,0.108,idle
19.539,-19.14,0.007,0.130,idle
19.559,-19.20,0.008,0.109,idle
19.579,-19.16,0.008,0.130,idle
19.599,-19.30,0.007,0.109,idle
19.619,-19.15,0.008,0.129,idle
19.639,-19.26,0.007,0.107,idle
19.659,-19.16,0.008,0.117,idle
19.679,-19.24,0.007,0.125,idle
19.699,-19.24,0.008,0.103,idle
19.719,-19.17,0.008,0.129,idle
19.739,-19.21,0.008,0.107,idle
19.759,-19.15,0.008,0.132,idle
19.779,-19.21,0.007,0.109,idle
19.799,-19.17,0.008,0.132,idle
19.819,-19.30,0.007,0.109,idle
19.839,-19.16,0.007,0.131,idle
19.859,-19.24,0.008,0.111,idle
19.879,-19.15,0.008,0.131,idle
19.899,-19.26,0.008,0.111,idle
19.919,-19.18,0.007,0.131,idle
19.939,-19.27,0.007,0.112,idle
19.959,-19.29,0.007,0.131,idle
19.979,-19.26,0.008,0.113,idle
19.999,-19.23,0.008,0.129,idle
20.019,-19.27,0.008,0.114,idle
20.039,-19.22,0.007,0.130,idle
20.059,-19.27,0.007,0.112,idle
20.079,-19.21,0.008,0.132,idle
20.099,-19.28,0.007,0.113,idle
20.119,-19.24,0.008,0.132,idle
20.139,-19.31,0.007,0.115,idle
20.159,-19.25,0.007,0.137,idle
20.179,-19.40,0.007,0.120,idle
20.199,-19.29,0.008,0.124,idle
20.219,-19.41,0.008,0.128,idle
20.239,-19.29,0.008,0.115,idle
20.259,-18.23,0.007,0.130,idle
20.279,-18.08,0.008,0.108,idle
20.299,-18.21,0.008,0.135,idle
20.319,-18.07,0.008,0.110,idle
20.339,-18.20,0.008,0.133,idle
20.359,-18.04,0.008,0.114,idle
20.379,-18.15,0.008,0.133,idle
20.399,-18.01,0.008,0.115,idle
20.419,-18.12,0.008,0.130,idle
20.439,-17.96,0.008,0.116,idle
20.459,-18.10,0.008,0.130,idle
20.479,-17.98,0.008,0.115,idle
20.499,-18.05,0.007,0.132,idle
20.519,-17.96,0.007,0.114,idle
20.539,-18.02,0.008,0.129,idle
20.559,-17.93,0.008,0.115,idle
20.579,-17.99,0.008,0.130,idle
20.599,-17.89,0.007,0.114,idle
20.619,-18.50,0.007,0.133,idle
20.639,-18.25,0.009,0.116,idle
20.659,-17.71,0.008,0.129,idle
20.679,-17.60,0.008,0.113,idle
20.699,-17.58,0.008,0.132,idle
20.719,-17.64,0.008,0.115,idle
20.739,-17.58,0.537,0.137,idle
20.759,-17.63,0.053,0.112,idle
20.779,-17.54,0.014,0.130,idle
20.799,-17.59,0.009,0.116,idle
20.819,-17.52,0.007,0.131,idle
20.839,-17.54,0.007,0.116,idle
20.859,-17.47,0.006,0.131,idle
20.879,-17.51,0.006,0.116,idle
20.899,-17.43,0.006,0.133,idle
20.919,-17.46,0.005,0.117,idle
20.939,-17.38,0.006,0.138,idle
20.959,-17.43,0.005,0.111,idle
20.979,-17.38,0.005,0.132,idle
20.999,-17.42,0.005,0.113,idle
21.019,-17.34,0.005,0.134,idle
21.039,-17.41,0.005,0.113,idle
21.059,-17.33,0.005,0.133,idle
21.079,-17.38,0.005,0.113,idle
21.099,-17.30,0.453,0.142,idle
21.119,-17.33,0.480,0.116,idle
21.139,-17.24,0.348,0.136,idle
21.159,-17.30,0.004,0.109,idle
21.179,-17.23,0.004,0.133,idle
21.199,-17.27,0.004,0.112,idle
21.219,-17.20,0.004,0.134,idle
21.239,-17.23,0.004,0.112,idle
21.259,-18.34,0.004,0.134,idle
21.279,-18.43,0.004,0.113,idle
21.299,-18.37,0.005,0.134,idle
21.319,-18.42,0.004,0.113,idle
21.339,-18.35,0.004,0.134,idle
21.359,-18.43,0.004,0.114,idle
21.379,-18.38,0.004,0.135,idle
21.399,-18.43,0.005,0.113,idle
21.419,-18.41,0.005,0.134,idle
21.439,-18.40,0.004,0.114,idle
21.459,-18.27,0.004,0.135,idle
21.479,-18.19,0.004,0.113,idle
21.499,-18.13,0.004,0.134,idle
21.519,-18.10,0.004,0.114,idle
21.539,-18.09,0.004,0.136,idle
21.559,-18.08,0.004,0.113,idle
21.579,-18.08,0.004,0.135,idle
21.599,-18.09,0.004,0.111,idle
21.619,-17.54,0.005,0.134,idle
21.639,-17.68,0.005,0.113,idle
21.659,-18.30,0.004,0.134,idle
21.679,-18.27,0.004,0.113,idle
21.699,-18.23,0.004,0.135,idle
21.719,-18.17,0.004,0.112,idle
21.739,-18.12,0.005,0.135,idle
21.759,-18.07,0.004,0.114,idle
21.779,-18.02,0.004,0.136,idle
21.799,-17.98,0.004,0.112,idle
21.819,-17.95,0.005,0.135,idle
21.839,-17.92,0.004,0.113,idle
21.859,-17.89,0.004,0.135,idle
21.879,-17.85,0.004,0.112,idle
21.899,-17.83,0.055,0.136,idle
21.919,-17.79,0.057,0.113,idle
21.939,-17.76,0.055,0.136,idle
21.959,-17.71,0.047,0.112,idle
21.979,-17.66,0.030,0.136,idle
21.999,-17.61,0.019,0.112,idle
22.019,-17.58,0.011,0.136,idle
22.039,-17.50,0.004,0.113,idle
22.059,-17.45,0.004,0.136,idle
22.079,-17.40,0.004,0.114,idle
22.099,-17.37,0.004,0.137,idle
22.119,-17.30,0.004,0.112,idle
22.139,-17.27,0.009,0.137,idle
22.159,-17.24,0.016,0.114,idle
22.179,-17.20,0.021,0.137,idle
22.199,-17.17,0.024,0.113,idle
22.219,-17.13,0.025,0.136,idle
22.239,-17.09,0.025,0.112,idle
22.259,-17.06,0.022,0.137,idle
22.279,-17.00,0.020,0.114,idle
22.299,-16.97,0.016,0.138,idle
22.319,-16.92,0.014,0.113,idle
22.339,-16.90,0.011,0.138,idle
22.359,-16.82,0.012,0.113,idle
22.379,-16.79,0.013,0.138,idle
22.399,-16.76,0.014,0.113,idle
22.419,-16.70,0.017,0.138,idle
22.439,-16.69,0.018,0.113,idle
22.459,-16.72,0.020,0.138,idle
22.479,-16.77,0.020,0.115,idle
22.499,-16.80,0.020,0.138,idle
22.519,-16.79,0.019,0.110,idle
22.539,-16.78,0.019,0.136,idle
22.559,-16.74,0.018,0.115,idle
22.579,-16.61,0.016,0.141,idle
22.599,-16.65,0.016,0.113,idle
22.619,-16.56,0.015,0.136,idle
22.639,-16.54,0.016,0.114,idle
22.659,-16.45,0.016,0.140,idle
22.679,-16.52,0.017,0.114,idle
22.699,-16.49,0.017,0.139,idle
22.719,-16.52,0.018,0.115,idle
22.739,-16.53,0.018,0.139,idle
22.759,-16.58,0.017,0.111,idle
22.779,-16.57,0.017,0.137,idle
22.799,-16.59,0.017,0.114,idle
22.819,-16.54,0.016,0.141,idle
22.839,-16.50,0.016,0.113,idle
22.859,-16.56,0.016,0.137,idle
22.879,-16.51,0.017,0.115,idle
22.899,-16.57,0.017,0.142,idle
22.919,-16.52,0.017,0.114,idle
22.939,-16.57,0.018,0.137,idle
22.959,-16.57,0.018,0.115,idle
22.979,-16.60,0.018,0.142,idle
22.999,-16.54,0.017,0.114,idle
23.019,-16.59,0.017,0.138,idle
23.039,-16.56,0.017,0.114,idle
23.059,-16.60,0.017,0.134,idle
23.079,-16.65,0.016,0.134,idle
23.099,-16.59,0.016,0.116,idle
23.119,-16.66,0.017,0.135,idle
23.139,-16.60,0.016,0.122,idle
23.159,-16.64,0.017,0.138,idle
23.179,-16.67,0.017,0.115,idle
23.199,-16.62,0.017,0.140,idle
23.219,-16.63,0.017,0.114,idle
23.239,-16.61,0.017,0.143,idle
23.259,-16.65,0.017,0.114,idle
23.279,-16.62,0.017,0.140,idle
23.299,-16.67,0.017,0.114,idle
23.319,-16.64,0.016,0.135,idle
23.339,-16.67,0.016,0.134,idle
23.359,-16.66,0.017,0.123,idle
23.379,-16.70,0.017,0.139,idle
23.399,-16.67,0.018,0.122,idle
23.419,-16.70,0.018,0.134,idle
23.439,-16.70,0.016,0.122,idle
23.459,-16.73,0.017,0.137,idle
23.479,-16.69,0.018,0.121,idle
23.499,-16.73,0.018,0.137,idle
23.519,-16.70,0.017,0.123,idle
23.539,-16.73,0.017,0.134,idle
23.559,-16.69,0.017,0.130,idle
23.579,-16.82,0.017,0.113,idle
23.599,-16.70,0.017,0.139,idle
23.619,-16.79,0.017,0.123,idle
23.639,-16.71,0.017,0.133,idle
23.659,-16.81,0.017,0.127,idle
23.679,-16.70,0.018,0.112,idle
23.699,-16.77,0.017,0.138,idle
23.719,-16.71,0.017,0.122,idle
23.739,-16.76,0.018,0.137,idle
23.759,-16.70,0.017,0.122,idle
23.779,-16.75,0.017,0.136,idle
23.799,-16.71,0.017,0.123,idle
23.819,-16.77,0.017,0.136,idle
23.839,-16.81,0.017,0.123,idle
23.859,-16.76,0.017,0.136,idle
23.879,-16.78,0.017,0.122,idle
23.899,-16.73,0.017,0.138,idle
23.919,-16.77,0.018,0.124,idle
23.939,-16.74,0.018,0.137,idle
23.959,-16.71,0.018,0.123,idle
23.979,-16.69,0.018,0.137,idle
23.999,-16.79,0.018,0.123,idle
24.019,-16.69,0.018,0.137,idle
24.039,-16.78,0.018,0.124,idle
24.059,-16.71,0.018,0.138,idle
24.079,-16.71,0.018,0.124,idle
24.099,-16.75,0.018,0.138,idle
24.119,-16.76,0.018,0.123,idle
24.139,-16.77,0.018,0.138,idle
24.159,-16.77,0.017,0.124,idle
24.179,-16.71,0.018,0.137,idle
24.199,-16.79,0.018,0.126,idle
24.219,-16.73,0.017,0.138,idle
24.239,-16.81,0.017,0.113,idle
24.259,-16.73,0.017,0.146,idle
24.279,-16.82,0.017,0.113,idle
24.299,-16.73,0.017,0.148,idle
24.319,-16.81,0.018,0.113,idle
24.339,-16.72,0.017,0.148,idle
24.359,-16.80,0.018,0.114,idle
24.379,-16.70,0.018,0.148,idle
24.399,-16.77,0.018,0.112,idle
24.419,-16.68,0.018,0.147,idle
24.439,-16.74,0.018,0.126,idle
24.459,-16.72,0.018,0.135,idle
24.479,-16.73,0.018,0.131,idle
24.499,-16.68,0.018,0.114,idle
24.519,-16.75,0.018,0.149,idle
24.539,-16.67,0.018,0.113,idle
24.559,-16.74,0.018,0.149,idle
24.579,-16.74,0.017,0.114,idle
24.599,-16.73,0.018,0.149,idle
24.619,-16.72,0.018,0.113,idle
24.639,-16.76,0.017,0.150,idle
24.659,-16.73,0.017,0.114,idle
24.679,-16.75,0.017,0.149,idle
24.699,-16.75,0.018,0.113,idle
24.719,-16.76,0.017,0.149,idle
24.739,-16.75,0.017,0.113,idle
24.759,-16.75,0.017,0.151,idle
24.779,-16.75,0.017,0.113,idle
24.799,-16.74,0.018,0.149,idle
24.819,-16.74,0.018,0.113,idle
24.839,-16.73,0.018,0.151,idle
24.859,-16.72,0.018,0.112,idle
24.879,-16.72,0.019,0.149,idle
24.899,-16.72,0.018,0.125,idle
24.919,-16.72,0.018,0.135,idle
24.939,-16.72,0.018,0.130,idle
24.959,-16.72,0.018,0.127,idle
24.979,-16.73,0.018,0.135,idle
24.999,-16.70,0.018,0.130,idle
25.019,-16.73,0.018,0.125,idle
25.039,-16.73,0.017,0.137,idle
25.059,-16.72,0.017,0.131,idle
25.079,-16.72,0.017,0.111,idle
25.099,-16.71,0.018,0.147,idle
25.119,-16.70,0.018,0.125,idle
25.139,-16.77,0.017,0.140,idle
25.159,-16.67,0.017,0.127,idle
25.179,-16.75,0.017,0.141,idle
25.199,-16.67,0.017,0.128,idle
25.219,-16.74,0.017,0.138,idle
25.239,-16.68,0.017,0.128,idle
25.259,-16.72,0.018,0.140,idle
25.279,-16.72,0.018,0.128,idle
25.299,-16.70,0.017,0.141,idle
25.319,-16.70,0.018,0.128,idle
25.339,-16.78,0.018,0.139,idle
25.359,-16.69,0.018,0.127,idle
25.379,-16.78,0.018,0.139,idle
25.399,-16.73,0.018,0.128,idle
25.419,-16.78,0.018,0.139,idle
25.439,-16.79,0.018,0.128,idle
25.459,-16.72,0.018,0.140,idle
25.479,-16.78,0.017,0.129,idle
25.499,-16.80,0.018,0.136,idle
25.519,-16.76,0.018,0.131,idle
25.539,-16.80,0.018,0.129,idle
25.559,-16.81,0.018,0.141,idle
25.579,-16.70,0.018,0.129,idle
25.599,-16.81,0.018,0.139,idle
25.619,-16.74,0.018,0.131,idle
25.639,-16.78,0.018,0.110,idle
25.659,-16.79,0.018,0.151,idle
25.679,-16.76,0.017,0.129,idle
25.699,-16.77,0.018,0.140,idle
25.719,-16.83,0.017,0.128,idle
25.739,-16.73,0.017,0.139,idle
25.759,-16.83,0.018,0.132,idle
25.779,-16.83,0.017,0.111,idle
25.799,-16.81,0.017,0.151,idle
25.819,-16.83,0.018,0.132,idle
25.839,-16.92,0.018,0.112,idle
25.859,-16.83,0.018,0.153,idle
25.879,-16.93,0.017,0.128,idle
25.899,-16.93,0.018,0.139,idle
25.919,-16.99,0.018,0.130,idle
25.939,-16.99,0.018,0.112,idle
25.959,-17.07,0.018,0.151,idle
25.979,-17.08,0.018,0.131,idle
25.999,-17.12,0.018,0.129,idle
26.019,-17.17,0.018,0.140,idle
26.039,-17.18,0.018,0.133,idle
26.059,-17.27,0.018,0.111,idle
26.079,-17.28,0.018,0.154,idle
26.099,-17.34,0.017,0.129,idle
26.119,-17.38,0.017,0.141,idle
26.139,-17.41,0.017,0.133,idle
26.159,-17.53,0.017,0.112,idle
26.179,-17.54,0.017,0.156,idle
26.199,-17.63,0.017,0.132,idle
26.219,-17.66,0.018,0.112,idle
26.239,-17.73,0.017,0.157,idle
26.259,-17.75,0.017,0.133,idle
26.279,-17.77,0.018,0.114,idle
26.299,-17.87,0.018,0.157,idle
26.319,-17.87,0.016,0.132,idle
26.339,-17.89,0.017,0.115,idle
26.359,-17.99,0.018,0.161,idle
26.379,-17.98,0.017,0.135,idle
26.399,-18.04,0.018,0.134,idle
26.419,-18.06,0.018,0.133,idle
26.439,-18.08,0.018,0.135,idle
26.459,-18.16,0.018,0.135,idle
26.479,-18.17,0.018,0.139,idle
26.499,-18.18,0.019,0.141,idle
26.519,-18.24,0.017,0.139,idle
26.539,-18.27,0.017,0.141,idle
26.559,-18.18,0.018,0.143,idle
26.579,-18.30,0.018,0.145,idle
26.599,-18.19,0.018,0.157,idle
26.619,-18.28,0.017,0.155,idle
26.639,-18.27,0.018,0.153,idle
26.659,-18.20,0.018,0.151,idle
26.679,-18.29,0.017,0.150,idle
26.699,-18.18,0.018,0.149,idle
26.719,-18.19,0.017,0.148,idle
26.739,-18.20,0.017,0.146,idle
26.759,-18.18,0.018,0.145,idle
26.779,-18.10,0.018,0.143,idle
26.799,-18.20,0.018,0.142,idle
26.819,-18.09,0.018,0.141,idle
26.839,-18.07,0.018,0.139,idle
26.859,-18.08,0.018,0.139,idle
26.879,-18.05,0.018,0.139,idle
26.899,-17.99,0.017,0.135,idle
26.919,-18.01,0.017,0.136,idle
26.939,-17.94,0.017,0.134,idle
26.959,-17.94,0.017,0.135,idle
26.979,-17.89,0.017,0.135,idle
26.999,-17.88,0.018,0.135,idle
27.019,-17.79,0.018,0.135,idle
27.039,-17.75,0.017,0.113,idle
27.059,-17.70,0.018,0.157,idle
27.079,-17.58,0.018,0.112,idle
27.099,-17.54,0.017,0.153,idle
27.119,-17.49,0.018,0.130,idle
27.139,-17.37,0.017,0.132,idle
27.159,-17.33,0.018,0.132,idle
27.179,-17.22,0.018,0.110,idle
27.199,-17.16,0.018,0.150,idle
27.219,-17.05,0.018,0.110,idle
27.239,-16.94,0.018,0.148,idle
27.259,-16.89,0.018,0.107,idle
27.279,-16.78,0.018,0.146,idle
27.299,-16.69,0.018,0.110,idle
27.319,-16.65,0.018,0.145,idle
27.339,-16.52,0.018,0.109,idle
27.359,-16.43,0.018,0.142,idle
27.379,-16.39,0.018,0.109,idle
27.399,-16.28,0.017,0.143,idle
27.419,-16.19,0.017,0.107,idle
27.439,-16.15,0.018,0.142,idle
27.459,-16.03,0.017,0.105,idle
27.479,-15.99,0.018,0.142,idle
27.499,-15.90,0.018,0.106,idle
27.519,-15.79,0.017,0.130,idle
27.539,-15.73,0.017,0.118,idle
27.559,-15.78,0.017,0.107,idle
27.579,-15.65,0.017,0.133,idle
27.599,-15.61,0.017,0.120,idle
27.619,-15.51,0.017,0.107,idle
27.639,-15.44,0.017,0.133,idle
27.659,-15.38,0.017,0.104,idle
27.679,-15.29,0.018,0.125,idle
27.699,-15.27,0.017,0.111,idle
27.719,-15.13,0.017,0.106,idle
27.739,-15.11,0.018,0.130,idle
27.759,-14.98,0.018,0.109,idle
27.779,-14.94,0.017,0.107,idle
27.799,-14.83,0.017,0.130,idle
27.819,-14.78,0.017,0.108,idle
27.839,-14.66,0.017,0.107,idle
27.859,-14.66,0.018,0.128,idle
27.879,-14.50,0.018,0.107,idle
27.899,-14.43,0.018,0.108,idle
27.919,-14.32,0.018,0.128,idle
27.939,-14.24,0.018,0.104,idle
27.959,-14.12,0.018,0.111,idle
27.979,-14.09,0.018,0.119,idle
27.999,-13.94,0.018,0.102,idle
28.019,-13.89,0.017,0.109,idle
28.039,-13.83,0.017,0.121,idle
28.059,-13.70,0.018,0.107,idle
28.079,-13.69,0.018,0.106,idle
28.099,-13.62,0.018,0.121,idle
28.119,-13.48,0.018,0.104,idle
28.139,-13.45,0.018,0.103,idle
28.159,-13.35,0.018,0.119,idle
28.179,-13.28,0.018,0.103,idle
28.199,-13.20,0.018,0.103,idle
28.219,-13.17,0.018,0.119,idle
28.239,-13.09,0.018,0.102,idle
28.259,-13.01,0.017,0.103,idle
28.279,-12.97,0.018,0.119,idle
28.299,-12.87,0.017,0.100,idle
28.319,-12.76,0.017,0.103,idle
28.339,-12.75,0.017,0.119,idle
28.359,-12.66,0.018,0.097,idle
28.379,-12.59,0.018,0.103,idle
28.399,-12.57,0.017,0.118,idle
28.419,-12.43,0.017,0.098,idle
28.439,-12.31,0.017,0.103,idle
28.459,-12.31,0.017,0.118,idle
28.479,-12.17,0.018,0.098,idle
28.499,-12.15,0.017,0.104,idle
28.519,-12.13,0.017,0.117,idle
28.539,-12.00,0.017,0.096,idle
28.559,-11.94,0.017,0.102,idle
28.579,-11.96,0.018,0.116,idle
28.599,-11.91,0.018,0.096,idle
28.619,-11.87,0.017,0.104,idle
28.639,-11.84,0.017,0.117,idle
28.659,-11.80,0.017,0.096,idle
28.679,-11.77,0.017,0.104,idle
28.699,-11.76,0.017,0.116,idle
28.719,-11.70,0.017,0.095,idle
28.739,-11.68,0.018,0.104,idle
28.759,-11.64,0.018,0.115,idle
28.779,-11.63,0.018,0.094,idle
28.799,-11.63,0.018,0.104,idle
28.819,-11.58,0.018,0.115,idle
28.839,-11.58,0.017,0.094,idle
28.859,-11.56,0.017,0.105,idle
28.879,-11.56,0.018,0.117,idle
28.899,-11.53,0.020,0.092,idle
28.919,-11.50,0.019,0.102,idle
28.939,-11.53,0.018,0.113,idle
28.959,-11.48,0.018,0.088,idle
28.979,-11.44,0.018,0.104,idle
28.999,-11.47,0.018,0.116,idle
29.019,-11.42,0.018,0.086,idle
29.039,-11.41,0.017,0.104,idle
29.059,-11.49,0.017,0.114,idle
29.079,-11.45,0.018,0.095,idle
29.099,-11.40,0.018,0.104,idle
29.119,-11.39,0.018,0.111,idle
29.139,-11.40,0.018,0.087,idle
29.159,-11.41,0.018,0.105,idle
29.179,-11.41,0.018,0.115,idle
29.199,-11.36,0.018,0.084,idle
29.219,-11.36,0.018,0.104,idle
29.239,-11.41,0.018,0.099,idle
29.259,-11.37,0.018,0.102,idle
29.279,-11.39,0.018,0.115,idle
29.299,-11.48,0.018,0.091,idle
29.319,-11.47,0.018,0.106,idle
29.339,-11.42,0.018,0.106,idle
29.359,-11.47,0.017,0.101,idle
29.379,-11.48,0.018,0.096,idle
29.399,-11.42,0.018,0.103,idle
29.419,-11.53,0.018,0.108,idle
29.439,-11.58,0.018,0.086,idle
29.459,-11.53,0.018,0.104,idle
29.479,-11.59,0.017,0.106,idle
29.499,-11.57,0.018,0.090,idle
29.519,-11.53,0.018,0.106,idle
29.539,-11.60,0.018,0.107,idle
29.559,-11.58,0.017,0.100,idle
29.579,-11.52,0.018,0.102,idle
29.599,-11.58,0.017,0.094,idle
29.619,-11.60,0.018,0.105,idle
29.639,-11.58,0.018,0.107,idle
29.659,-11.62,0.017,0.101,idle
29.679,-11.64,0.017,0.097,idle
29.699,-11.61,0.018,0.102,idle
29.719,-11.68,0.018,0.113,idle
29.739,-11.68,0.018,0.085,idle
29.759,-11.69,0.018,0.110,idle
29.779,-11.72,0.017,0.110,idle
29.799,-11.70,0.018,0.108,idle
29.819,-11.74,0.018,0.090,idle
29.839,-11.73,0.018,0.110,idle
29.859,-11.72,0.017,0.110,idle
29.879,-11.71,0.017,0.094,idle
29.899,-11.75,0.018,0.110,idle
29.919,-11.74,0.017,0.108,idle
29.939,-11.70,0.018,0.090,idle
29.959,-11.76,0.018,0.109,idle
29.979,-11.79,0.018,0.107,idle
29.999,-11.75,0.018,0.087,idle
30.019,-11.80,0.017,0.108,idle
30.039,-11.79,0.017,0.107,idle
30.059,-11.68,0.018,0.085,idle
30.079,-11.72,0.018,0.108,idle
30.099,-11.76,0.017,0.107,idle
30.119,-11.77,0.017,0.083,idle
30.139,-11.76,0.017,0.107,idle
30.159,-11.72,0.018,0.105,idle
30.179,-11.71,0.017,0.083,idle
30.199,-11.76,0.018,0.105,idle
30.219,-11.74,0.017,0.104,idle
30.239,-11.69,0.018,0.083,idle
30.259,-11.71,0.017,0.105,idle
30.279,-11.69,0.017,0.104,idle
30.299,-11.61,0.018,0.082,idle
30.319,-11.61,0.018,0.104,idle
30.339,-11.64,0.019,0.103,idle
30.359,-11.57,0.018,0.081,idle
30.379,-11.54,0.019,0.103,idle
30.399,-11.58,0.019,0.102,idle
30.419,-11.52,0.018,0.082,idle
30.439,-11.50,0.017,0.102,idle
30.459,-11.55,0.017,0.102,idle
30.479,-11.49,0.018,0.079,idle
30.499,-11.49,0.018,0.100,idle
30.519,-11.51,0.018,0.099,idle
30.539,-11.46,0.018,0.079,idle
30.559,-11.43,0.018,0.101,idle
30.579,-11.45,0.018,0.100,idle
30.599,-11.38,0.018,0.077,idle
30.619,-11.35,0.017,0.099,idle
30.639,-11.36,0.018,0.099,idle
30.659,-11.30,0.018,0.077,idle
30.679,-11.27,0.017,0.098,idle
30.699,-11.29,0.018,0.098,idle
30.719,-11.22,0.018,0.077,idle
30.739,-11.20,0.018,0.098,idle
30.759,-11.22,0.018,0.097,idle
30.779,-11.14,0.018,0.075,idle
30.799,-11.13,0.018,0.097,idle
30.819,-11.15,0.018,0.096,idle
30.839,-11.09,0.018,0.075,idle
30.859,-11.08,0.018,0.096,idle
30.879,-11.09,0.018,0.096,idle
30.899,-11.04,0.017,0.074,idle
30.919,-11.04,0.018,0.098,idle
30.939,-11.07,0.018,0.096,idle
30.959,-11.00,0.018,0.074,idle
30.979,-10.96,0.018,0.096,idle
30.999,-10.98,0.019,0.095,idle
31.019,-10.92,0.018,0.074,idle
31.039,-10.92,0.018,0.096,idle
31.059,-10.95,0.018,0.095,idle
31.079,-10.89,0.018,0.073,idle
31.099,-10.87,0.019,0.096,idle
31.119,-10.89,0.017,0.094,idle
31.139,-10.82,0.018,0.072,idle
31.159,-10.83,0.018,0.095,idle
31.179,-10.86,0.018,0.095,idle
31.199,-10.78,0.018,0.071,idle
31.219,-10.79,0.018,0.095,idle
31.239,-10.82,0.017,0.093,idle
31.259,-10.76,0.018,0.071,idle
31.279,-10.76,0.017,0.094,idle
31.299,-10.80,0.018,0.093,idle
31.319,-10.76,0.018,0.070,idle
31.339,-10.76,0.019,0.093,idle
31.359,-10.81,0.018,0.093,idle
31.379,-10.76,0.018,0.071,idle
31.399,-10.77,0.018,0.093,idle
31.419,-10.79,0.018,0.093,idle
31.439,-10.73,0.018,0.071,idle
31.459,-10.73,0.018,0.092,idle
31.479,-10.78,0.018,0.091,idle
31.499,-10.71,0.019,0.070,idle
31.519,-10.70,0.018,0.093,idle
31.539,-10.73,0.018,0.091,idle
31.559,-10.69,0.018,0.070,idle
31.579,-10.68,0.018,0.092,idle
31.599,-10.71,0.018,0.091,idle
31.619,-10.65,0.019,0.070,idle
31.639,-10.64,0.017,0.092,idle
31.659,-10.69,0.018,0.090,idle
31.679,-10.64,0.018,0.068,idle
31.699,-10.64,0.017,0.093,idle
31.719,-10.67,0.018,0.089,idle
31.739,-10.61,0.017,0.068,idle
31.759,-10.61,0.018,0.092,idle
31.779,-10.65,0.018,0.090,idle
31.799,-10.59,0.018,0.068,idle
31.819,-10.58,0.018,0.088,idle
31.839,-10.62,0.017,0.089,idle
31.859,-10.57,0.018,0.068,idle
31.879,-10.57,0.017,0.090,idle
31.899,-10.61,0.018,0.088,idle
31.919,-10.55,0.018,0.068,idle
31.939,-10.55,0.017,0.091,idle
31.959,-10.59,0.018,0.089,idle
31.979,-10.53,0.018,0.068,idle
31.999,-10.53,0.018,0.090,idle
32.019,-10.57,0.018,0.088,idle
32.039,-10.51,0.018,0.067,idle
32.059,-10.51,0.018,0.090,idle
32.079,-10.55,0.018,0.088,idle
32.099,-10.48,0.018,0.067,idle
32.119,-10.49,0.019,0.088,idle
32.139,-10.53,0.018,0.088,idle
32.159,-10.45,0.018,0.066,idle
32.179,-10.46,0.019,0.089,idle
32.199,-10.51,0.018,0.086,idle
32.219,-10.43,0.017,0.066,idle
32.239,-10.44,0.017,0.087,idle
32.259,-10.48,0.017,0.088,idle
32.279,-10.42,0.018,0.066,idle
32.299,-10.41,0.018,0.088,idle
32.319,-10.44,0.018,0.086,idle
32.339,-10.39,0.017,0.066,idle
32.359,-10.39,0.019,0.087,idle
32.379,-10.42,0.018,0.088,idle
32.399,-10.35,0.018,0.066,idle
32.419,-10.37,0.018,0.089,idle
32.439,-10.40,0.018,0.087,idle
32.459,-10.33,0.018,0.066,idle
32.479,-10.32,0.018,0.089,idle
32.499,-10.37,0.018,0.086,idle
32.519,-10.32,0.019,0.066,idle
32.539,-10.32,0.019,0.088,idle
32.559,-10.35,0.019,0.086,idle
32.579,-10.30,0.018,0.066,idle
32.599,-10.31,0.018,0.087,idle
32.619,-10.35,0.018,0.087,idle
32.639,-10.30,0.018,0.065,idle
32.659,-10.30,0.018,0.087,idle
32.679,-10.33,0.018,0.085,idle
32.699,-10.27,0.018,0.064,idle
32.719,-10.28,0.018,0.087,idle
32.739,-10.31,0.018,0.084,idle
32.759,-10.25,0.018,0.064,idle
32.779,-10.25,0.018,0.087,idle
32.799,-10.28,0.018,0.086,idle
32.819,-10.22,0.018,0.064,idle
32.839,-10.23,0.018,0.087,idle
32.859,-10.26,0.018,0.083,idle
32.879,-10.21,0.019,0.064,idle
32.899,-10.21,0.018,0.086,idle
32.919,-10.26,0.018,0.084,idle
32.939,-10.18,0.018,0.063,idle
32.959,-10.20,0.018,0.086,idle
32.979,-10.23,0.018,0.084,idle
32.999,-10.19,0.018,0.063,idle
33.019,-10.20,0.018,0.086,idle
33.039,-10.24,0.018,0.085,idle
33.059,-10.19,0.018,0.064,idle
33.079,-10.21,0.018,0.086,idle
33.099,-10.25,0.018,0.084,idle
33.119,-10.19,0.018,0.063,idle
33.139,-10.19,0.018,0.085,idle
33.159,-10.23,0.018,0.084,idle
33.179,-10.17,0.018,0.063,idle
33.199,-10.19,0.018,0.086,idle
33.219,-10.23,0.019,0.083,idle
33.239,-10.17,0.018,0.062,idle
33.259,-10.18,0.018,0.085,idle
33.279,-10.21,0.018,0.084,idle
33.299,-10.16,0.018,0.063,idle
33.319,-10.16,0.018,0.085,idle
33.339,-10.21,0.018,0.083,idle
33.359,-10.15,0.018,0.063,idle
33.379,-10.16,0.018,0.086,idle
33.399,-10.20,0.017,0.084,idle
33.419,-10.13,0.018,0.063,idle
33.439,-10.13,0.018,0.084,idle
33.459,-10.16,0.018,0.082,idle
33.479,-10.11,0.018,0.062,idle
33.499,-10.12,0.018,0.084,idle
33.519,-10.15,0.019,0.082,idle
33.539,-10.10,0.018,0.062,idle
33.559,-10.10,0.018,0.085,idle
33.579,-10.13,0.019,0.085,idle
33.599,-10.07,0.018,0.062,idle
33.619,-10.08,0.018,0.084,idle
33.639,-10.11,0.019,0.082,idle
33.659,-10.04,0.018,0.063,idle
33.679,-10.05,0.018,0.084,idle
33.699,-10.09,0.018,0.082,idle
33.719,-10.04,0.018,0.062,idle
33.739,-10.06,0.018,0.084,idle
33.759,-10.09,0.018,0.082,idle
33.779,-10.05,0.018,0.062,idle
33.799,-10.06,0.018,0.084,idle
33.819,-10.09,0.018,0.083,idle
33.839,-10.04,0.019,0.061,idle
33.859,-10.04,0.018,0.083,idle
33.879,-10.05,0.018,0.082,idle
33.899,-10.00,0.018,0.060,idle
33.919,-10.00,0.018,0.082,idle
33.939,-10.05,0.018,0.081,idle
33.959,-9.97,0.018,0.060,idle
33.979,-10.00,0.018,0.082,idle
33.999,-10.05,0.018,0.081,idle
34.019,-9.98,0.018,0.061,idle
34.039,-9.98,0.018,0.083,idle
34.059,-9.99,0.019,0.081,idle
34.079,-9.95,0.018,0.061,idle
34.099,-9.97,0.019,0.081,idle
34.119,-9.98,0.018,0.082,idle
34.139,-9.93,0.019,0.061,idle
34.159,-9.96,0.018,0.083,idle
34.179,-9.99,0.018,0.082,idle
34.199,-9.93,0.018,0.061,idle
34.219,-9.93,0.018,0.083,idle
34.239,-9.96,0.018,0.082,idle
34.259,-9.92,0.018,0.061,idle
34.279,-9.93,0.018,0.084,idle
34.299,-9.97,0.018,0.080,idle
34.319,-9.93,0.018,0.060,idle
34.339,-9.92,0.019,0.083,idle
34.359,-9.95,0.019,0.081,idle
34.379,-9.90,0.018,0.061,idle
34.399,-9.92,0.018,0.083,idle
34.419,-9.95,0.019,0.081,idle
34.439,-9.91,0.019,0.059,idle
34.459,-9.93,0.017,0.082,idle
34.479,-9.96,0.018,0.084,idle
34.499,-9.91,0.019,0.061,idle
34.519,-9.93,0.019,0.084,idle
34.539,-9.95,0.019,0.081,idle
34.559,-9.91,0.018,0.059,idle
34.579,-9.93,0.017,0.083,idle
34.599,-9.97,0.019,0.080,idle
34.619,-9.92,0.019,0.060,idle
34.639,-9.93,0.018,0.083,idle
34.659,-9.98,0.019,0.078,idle
34.679,-9.93,0.019,0.060,idle
34.699,-9.95,0.018,0.082,idle
34.719,-9.98,0.019,0.079,idle
34.739,-9.94,0.019,0.060,idle
34.759,-9.96,0.018,0.082,idle
34.779,-10.00,0.018,0.080,idle
34.799,-9.95,0.018,0.060,idle
34.819,-9.97,0.018,0.082,idle
34.839,-10.01,0.018,0.081,idle
34.859,-9.96,0.018,0.061,idle
34.879,-10.00,0.018,0.083,idle
34.899,-10.04,0.018,0.081,idle
34.919,-9.99,0.018,0.062,idle
34.939,-10.00,0.018,0.083,idle
34.959,-10.07,0.018,0.081,idle
34.979,-10.01,0.018,0.061,idle
34.999,-10.01,0.018,0.082,idle
35.019,-10.07,0.018,0.079,idle
35.039,-10.03,0.018,0.059,idle
35.059,-10.07,0.018,0.082,idle
35.079,-10.09,0.018,0.081,idle
35.099,-10.03,0.018,0.062,idle
35.119,-10.07,0.018,0.084,idle
35.139,-10.11,0.018,0.080,idle
35.159,-10.05,0.018,0.060,idle
35.179,-10.06,0.018,0.083,idle
35.199,-10.12,0.018,0.081,idle
35.219,-10.09,0.018,0.062,idle
35.239,-10.10,0.018,0.083,idle
35.259,-10.13,0.018,0.082,idle
35.279,-10.10,0.018,0.062,idle
35.299,-10.12,0.018,0.083,idle
35.319,-10.13,0.018,0.081,idle
35.339,-10.09,0.018,0.060,idle
35.359,-10.12,0.017,0.082,idle
35.379,-10.17,0.017,0.080,idle
35.399,-10.12,0.017,0.060,idle
35.419,-10.14,0.017,0.082,idle
35.439,-10.16,0.017,0.081,idle
35.459,-10.11,0.017,0.061,idle
35.479,-10.14,0.018,0.083,idle
35.499,-10.18,0.017,0.081,idle
35.519,-10.14,0.017,0.061,idle
35.539,-10.18,0.018,0.082,idle
35.559,-10.22,0.018,0.080,idle
35.579,-10.16,0.018,0.061,idle
35.599,-10.17,0.017,0.082,idle
35.619,-10.20,0.017,0.080,idle
35.639,-10.16,0.018,0.061,idle
35.659,-10.17,0.018,0.081,idle
35.679,-10.19,0.017,0.080,idle
35.699,-10.13,0.018,0.060,idle
35.719,-10.15,0.017,0.081,idle
35.739,-10.17,0.018,0.080,idle
35.759,-10.11,0.018,0.059,idle
35.779,-10.13,0.018,0.082,idle
35.799,-10.16,0.019,0.081,idle
35.819,-10.12,0.019,0.060,idle
35.839,-10.13,0.017,0.082,idle
35.859,-10.18,0.017,0.080,idle
35.879,-10.12,0.018,0.061,idle
35.899,-10.13,0.018,0.082,idle
35.919,-10.15,0.018,0.080,idle
35.939,-10.10,0.018,0.061,idle
35.959,-10.10,0.017,0.083,idle
35.979,-10.10,0.018,0.080,idle
35.999,-10.04,0.018,0.060,idle
36.019,-10.05,0.017,0.083,idle
36.039,-10.07,0.018,0.082,idle
36.059,-10.02,0.018,0.061,idle
36.079,-10.02,0.019,0.082,idle
36.099,-10.04,0.018,0.080,idle
36.119,-9.99,0.018,0.061,idle
36.139,-10.00,0.018,0.083,idle
36.159,-10.02,0.018,0.080,idle
36.179,-9.99,0.018,0.060,idle
36.199,-9.98,0.018,0.083,idle
36.219,-10.00,0.018,0.081,idle
36.239,-9.96,0.018,0.060,idle
36.259,-9.97,0.018,0.082,idle
36.279,-9.99,0.018,0.081,idle
36.299,-9.94,0.018,0.060,idle
36.319,-9.98,0.018,0.082,idle
36.339,-10.01,0.018,0.080,idle
36.359,-9.95,0.019,0.061,idle
36.379,-9.94,0.018,0.082,idle
36.399,-9.94,0.019,0.080,idle
36.419,-9.90,0.018,0.061,idle
36.439,-9.92,0.018,0.083,idle
36.459,-9.94,0.019,0.079,idle
36.479,-9.90,0.018,0.062,idle
36.499,-9.90,0.018,0.083,idle
36.519,-9.92,0.018,0.080,idle
36.539,-9.86,0.018,0.060,idle
36.559,-9.87,0.018,0.082,idle
36.579,-9.90,0.018,0.079,idle
36.599,-9.87,0.018,0.060,idle
36.619,-9.89,0.018,0.082,idle
36.639,-9.91,0.018,0.080,idle
36.659,-9.86,0.018,0.060,idle
36.679,-9.89,0.018,0.081,idle
36.699,-9.91,0.018,0.079,idle
36.719,-9.87,0.018,0.060,idle
36.739,-9.89,0.018,0.082,idle
36.759,-9.93,0.018,0.080,idle
36.779,-9.88,0.018,0.061,idle
36.799,-9.90,0.018,0.082,idle
36.819,-9.92,0.018,0.079,idle
36.839,-9.86,0.018,0.060,idle
36.859,-9.86,0.018,0.083,idle
36.879,-9.89,0.019,0.079,idle
36.899,-9.84,0.018,0.061,idle
36.919,-9.87,0.018,0.082,idle
36.939,-9.90,0.018,0.079,idle
36.959,-9.86,0.018,0.061,idle
36.979,-9.90,0.018,0.082,idle
36.999,-9.92,0.018,0.080,idle
37.019,-9.87,0.018,0.061,idle
37.039,-9.90,0.018,0.083,idle
37.059,-9.92,0.018,0.079,idle
37.079,-9.89,0.018,0.061,idle
37.099,-9.92,0.018,0.081,idle
37.119,-9.94,0.018,0.079,idle
37.139,-9.88,0.018,0.060,idle
37.159,-9.90,0.018,0.081,idle
37.179,-9.92,0.019,0.079,idle
37.199,-9.86,0.018,0.061,idle
37.219,-9.88,0.018,0.082,idle
37.239,-9.90,0.018,0.079,idle
37.259,-9.85,0.018,0.061,idle
37.279,-9.87,0.017,0.082,idle
37.299,-9.88,0.018,0.079,idle
37.319,-9.83,0.018,0.060,idle
37.339,-9.83,0.018,0.082,idle
37.359,-9.83,0.018,0.079,idle
37.379,-9.79,0.018,0.060,idle
37.399,-9.82,0.018,0.082,idle
37.419,-9.82,0.018,0.079,idle
37.439,-9.77,0.018,0.061,idle
37.459,-9.79,0.017,0.082,idle
37.479,-9.78,0.017,0.079,idle
37.499,-9.73,0.018,0.060,idle
37.519,-9.74,0.018,0.083,idle
37.539,-9.75,0.018,0.079,idle
37.559,-9.70,0.018,0.061,idle
37.579,-9.72,0.019,0.082,idle
37.599,-9.71,0.019,0.079,idle
37.619,-9.65,0.020,0.061,idle
37.639,-9.66,0.022,0.082,idle
37.659,-9.66,0.022,0.079,idle
37.679,-9.61,0.022,0.062,idle
37.699,-9.64,0.023,0.082,idle
37.719,-9.64,0.021,0.079,idle
37.739,-9.58,0.020,0.061,idle
37.759,-9.60,0.020,0.083,idle
37.779,-9.61,0.019,0.079,idle
37.799,-9.56,0.019,0.061,idle
37.819,-9.57,0.020,0.082,idle
37.839,-9.58,0.020,0.078,idle
37.859,-9.54,0.020,0.061,idle
37.879,-9.56,0.021,0.082,idle
37.899,-9.57,0.021,0.078,idle
37.919,-9.51,0.021,0.060,idle
37.939,-9.52,0.021,0.081,idle
37.959,-9.53,0.021,0.078,idle
37.979,-9.48,0.021,0.060,idle
37.999,-9.50,0.021,0.081,idle
38.019,-9.52,0.020,0.078,idle
38.039,-9.46,0.020,0.060,idle
38.059,-9.47,0.020,0.082,idle
38.079,-9.46,0.020,0.078,idle
38.099,-9.41,0.021,0.060,idle
38.119,-9.44,0.020,0.082,idle
38.139,-9.45,0.021,0.078,idle
38.159,-9.39,0.020,0.059,idle
38.179,-9.41,0.020,0.082,idle
38.199,-9.43,0.020,0.079,idle
38.219,-9.39,0.021,0.060,idle
38.239,-9.40,0.021,0.082,idle
38.259,-9.40,0.021,0.078,idle
38.279,-9.35,0.020,0.060,idle
38.299,-9.37,0.020,0.082,idle
38.319,-9.39,0.021,0.079,idle
38.339,-9.35,0.020,0.061,idle
38.359,-9.39,0.021,0.081,idle
38.379,-9.39,0.020,0.078,idle
38.399,-9.34,0.021,0.060,idle
38.419,-9.39,0.020,0.082,idle
38.439,-9.40,0.020,0.078,idle
38.459,-9.35,0.021,0.060,idle
38.479,-9.40,0.020,0.082,idle
38.499,-9.41,0.020,0.078,idle
38.519,-9.36,0.021,0.059,idle
38.539,-9.40,0.021,0.081,idle
38.559,-9.40,0.021,0.080,idle
38.579,-9.37,0.021,0.062,idle
38.599,-9.42,0.021,0.083,idle
38.619,-9.44,0.021,0.077,idle
38.639,-9.40,0.021,0.059,idle
38.659,-9.45,0.021,0.082,idle
38.679,-9.46,0.020,0.078,idle
38.699,-9.41,0.021,0.060,idle
38.719,-9.46,0.021,0.081,idle
38.739,-9.46,0.021,0.077,idle
38.759,-9.41,0.020,0.060,idle
38.779,-9.45,0.021,0.082,idle
38.799,-9.46,0.020,0.078,idle
38.819,-9.42,0.021,0.059,idle
38.839,-9.46,0.021,0.082,idle
38.859,-9.46,0.020,0.079,idle
38.879,-9.42,0.021,0.060,idle
38.899,-9.46,0.020,0.083,idle
38.919,-9.47,0.021,0.078,idle
38.939,-9.43,0.020,0.059,idle
38.959,-9.48,0.020,0.082,idle
38.979,-9.48,0.020,0.077,idle
38.999,-9.44,0.020,0.060,idle
39.019,-9.48,0.020,0.082,idle
39.039,-9.49,0.021,0.076,idle
39.059,-9.45,0.021,0.060,idle
39.079,-9.50,0.020,0.083,idle
39.099,-9.51,0.020,0.079,idle
39.119,-9.46,0.020,0.060,idle
39.139,-9.52,0.020,0.082,idle
39.159,-9.55,0.021,0.078,idle
39.179,-9.51,0.020,0.060,idle
39.199,-9.55,0.020,0.083,idle
39.219,-9.57,0.020,0.077,idle
39.239,-9.53,0.021,0.061,idle
39.259,-9.58,0.020,0.082,idle
39.279,-9.59,0.021,0.078,idle
39.299,-9.55,0.020,0.061,idle
39.319,-9.60,0.020,0.082,idle
39.339,-9.61,0.020,0.077,idle
39.359,-9.58,0.021,0.060,idle
39.379,-9.63,0.021,0.082,idle
39.399,-9.65,0.020,0.076,idle
39.419,-9.61,0.020,0.061,idle
39.439,-9.67,0.020,0.083,idle
39.459,-9.68,0.021,0.076,idle
39.479,-9.63,0.020,0.061,idle
39.499,-9.68,0.020,0.082,idle
39.519,-9.69,0.020,0.077,idle
39.539,-9.62,0.020,0.059,idle
39.559,-9.66,0.020,0.082,idle
39.579,-9.66,0.020,0.077,idle
39.599,-9.63,0.021,0.060,idle
39.619,-9.69,0.020,0.083,idle
39.639,-9.68,0.020,0.077,idle
39.659,-9.62,0.020,0.061,idle
39.679,-9.68,0.020,0.082,idle
39.699,-9.70,0.020,0.077,idle
39.719,-9.64,0.020,0.060,idle
39.739,-9.70,0.020,0.082,idle
39.759,-9.70,0.020,0.077,idle
39.779,-9.66,0.020,0.061,idle
39.799,-9.72,0.020,0.083,idle
39.819,-9.71,0.020,0.077,idle
39.839,-9.68,0.020,0.061,idle
39.859,-9.74,0.020,0.083,idle
39.879,-9.73,0.020,0.077,idle
39.899,-9.69,0.020,0.061,idle
39.919,-9.74,0.020,0.083,idle
39.939,-9.71,0.020,0.076,idle
39.959,-9.66,0.020,0.060,idle
39.979,-9.71,0.021,0.083,idle
39.999,-9.69,0.021,0.078,idle
40.019,-9.64,0.021,0.061,idle
40.039,-9.68,0.021,0.081,idle
40.059,-9.67,0.020,0.075,idle
40.079,-9.62,0.020,0.062,idle
40.099,-9.67,0.020,0.083,idle
40.119,-9.66,0.020,0.077,idle
40.139,-9.63,0.021,0.061,idle
40.159,-9.67,0.020,0.082,idle
40.179,-9.65,0.019,0.078,idle
40.199,-9.61,0.021,0.061,idle
40.219,-9.65,0.021,0.083,idle
40.239,-9.63,0.020,0.076,idle
40.259,-9.57,0.021,0.061,idle
40.279,-9.63,0.020,0.084,idle
40.299,-9.61,0.020,0.077,idle
40.319,-9.56,0.021,0.061,idle
40.339,-9.61,0.021,0.083,idle
40.359,-9.58,0.020,0.076,idle
40.379,-9.53,0.021,0.062,idle
40.399,-9.58,0.020,0.083,idle
40.419,-9.56,0.021,0.076,idle
40.439,-9.51,0.021,0.061,idle
40.459,-9.57,0.021,0.083,idle
40.479,-9.57,0.020,0.076,idle
40.499,-9.53,0.020,0.061,idle
40.519,-9.60,0.021,0.082,idle
40.539,-9.62,0.020,0.075,idle
40.559,-9.59,0.021,0.060,idle
40.579,-9.64,0.020,0.082,idle
40.599,-9.62,0.021,0.075,idle
40.619,-9.58,0.021,0.061,idle
40.639,-9.63,0.021,0.083,idle
40.659,-9.64,0.021,0.076,idle
40.679,-9.59,0.020,0.062,idle
40.699,-9.63,0.020,0.083,idle
40.719,-9.63,0.021,0.077,idle
40.739,-9.57,0.021,0.061,idle
40.759,-9.64,0.020,0.083,idle
40.779,-9.63,0.021,0.074,idle
40.799,-9.57,0.020,0.061,idle
40.819,-9.64,0.021,0.084,idle
40.839,-9.61,0.021,0.076,idle
40.859,-9.58,0.021,0.061,idle
40.879,-9.65,0.021,0.084,idle
40.899,-9.64,0.020,0.075,idle
40.919,-9.59,0.020,0.062,idle
40.939,-9.67,0.021,0.084,idle
40.959,-9.67,0.021,0.076,idle
40.979,-9.63,0.021,0.062,idle
40.999,-9.70,0.020,0.083,idle
41.019,-9.69,0.020,0.076,idle
41.039,-9.66,0.020,0.062,idle
41.059,-9.74,0.021,0.082,idle
41.079,-9.71,0.020,0.077,idle
41.099,-9.67,0.020,0.062,idle
41.119,-9.74,0.021,0.083,idle
41.139,-9.71,0.021,0.073,idle
41.159,-9.67,0.020,0.062,idle
41.179,-9.75,0.020,0.082,idle
41.199,-9.73,0.020,0.077,idle
41.219,-9.69,0.021,0.061,idle
41.239,-9.77,0.020,0.084,idle
41.259,-9.75,0.020,0.075,idle
41.279,-9.70,0.021,0.060,idle
41.299,-9.78,0.020,0.083,idle
41.319,-9.75,0.020,0.074,idle
41.339,-9.70,0.019,0.063,idle
41.359,-9.77,0.021,0.083,idle
41.379,-9.75,0.020,0.075,idle
41.399,-9.69,0.020,0.061,idle
41.419,-9.77,0.021,0.083,idle
41.439,-9.73,0.020,0.074,idle
41.459,-9.69,0.020,0.062,idle
41.479,-9.76,0.020,0.084,idle
41.499,-9.72,0.020,0.075,idle
41.519,-9.67,0.020,0.063,idle
41.539,-9.75,0.020,0.083,idle
41.559,-9.70,0.020,0.074,idle
41.579,-9.68,0.020,0.061,idle
41.599,-9.74,0.020,0.083,idle
41.619,-9.69,0.020,0.074,idle
41.639,-9.66,0.020,0.062,idle
41.659,-9.74,0.020,0.083,idle
41.679,-9.69,0.021,0.074,idle
41.699,-9.65,0.021,0.062,idle
41.719,-9.74,0.020,0.083,idle
41.739,-9.72,0.021,0.074,idle
41.759,-9.65,0.020,0.060,idle
41.779,-9.67,0.020,0.083,idle
41.799,-9.74,0.020,0.074,idle
41.819,-9.68,0.022,0.062,idle
41.839,-9.68,0.021,0.084,idle
41.859,-9.73,0.021,0.075,idle
41.879,-9.75,0.021,0.061,idle
41.899,-9.74,0.021,0.085,idle
41.919,-9.75,0.021,0.075,idle
41.939,-9.75,0.020,0.062,idle
41.959,-9.73,0.020,0.085,idle
41.979,-9.74,0.020,0.074,idle
41.999,-9.75,0.021,0.063,idle
42.019,-9.74,0.020,0.084,idle
42.039,-9.73,0.021,0.074,idle
42.059,-9.70,0.021,0.062,idle
42.079,-9.73,0.021,0.084,idle
42.099,-9.71,0.020,0.073,idle
42.119,-9.72,0.020,0.062,idle
42.139,-9.72,0.021,0.085,idle
42.159,-9.71,0.021,0.072,idle
42.179,-9.71,0.020,0.062,idle
42.199,-9.70,0.020,0.085,idle
42.219,-9.71,0.020,0.073,idle
42.239,-9.71,0.020,0.074,idle
42.259,-9.71,0.021,0.063,idle
42.279,-9.71,0.020,0.085,idle
42.299,-9.73,0.020,0.072,idle
42.319,-9.74,0.020,0.072,idle
42.339,-9.72,0.020,0.070,idle
42.359,-9.72,0.021,0.083,idle
42.379,-9.72,0.020,0.074,idle
42.399,-9.72,0.020,0.062,idle
42.419,-9.73,0.020,0.084,idle
42.439,-9.74,0.021,0.073,idle
42.459,-9.73,0.021,0.062,idle
42.479,-9.73,0.021,0.086,idle
42.499,-9.74,0.020,0.073,idle
42.519,-9.74,0.020,0.073,idle
42.539,-9.74,0.020,0.076,idle
42.559,-9.76,0.020,0.077,idle
42.579,-9.75,0.020,0.060,idle
42.599,-9.76,0.020,0.083,idle
42.619,-9.75,0.020,0.073,idle
42.639,-9.75,0.020,0.061,idle
42.659,-9.77,0.020,0.084,idle
42.679,-9.76,0.021,0.074,idle
42.699,-9.74,0.021,0.062,idle
42.719,-9.67,0.021,0.085,idle
42.739,-9.77,0.021,0.072,idle
42.759,-9.77,0.021,0.064,idle
42.779,-9.74,0.021,0.084,idle
42.799,-9.73,0.021,0.074,idle
42.819,-9.75,0.021,0.060,idle
42.839,-9.73,0.021,0.083,idle
42.859,-9.71,0.020,0.075,idle
42.879,-9.62,0.020,0.060,idle
42.899,-9.63,0.021,0.085,idle
42.919,-9.67,0.021,0.074,idle
42.939,-9.59,0.020,0.061,idle
42.959,-9.61,0.020,0.084,idle
42.979,-9.66,0.020,0.074,idle
42.999,-9.58,0.020,0.061,idle
43.019,-9.61,0.020,0.085,idle
43.039,-9.67,0.020,0.075,idle
43.059,-9.62,0.020,0.061,idle
43.079,-9.64,0.020,0.086,idle
43.099,-9.72,0.020,0.073,idle
43.119,-9.63,0.020,0.062,idle
43.139,-9.67,0.021,0.086,idle
43.159,-9.73,0.021,0.072,idle
43.179,-9.64,0.020,0.074,idle
43.199,-9.68,0.020,0.063,idle
43.219,-9.75,0.020,0.083,idle
43.239,-9.67,0.021,0.075,idle
43.259,-9.70,0.021,0.059,idle
43.279,-9.77,0.020,0.083,idle
43.299,-9.74,0.020,0.075,idle
43.319,-9.75,0.020,0.059,idle
43.339,-9.75,0.022,0.082,idle
43.359,-9.75,0.020,0.074,idle
43.379,-9.77,0.020,0.061,idle
43.399,-9.76,0.021,0.084,idle
43.419,-9.75,0.020,0.076,idle
43.439,-9.74,0.020,0.060,idle
43.459,-9.73,0.021,0.084,idle
43.479,-9.72,0.020,0.074,idle
43.499,-9.72,0.020,0.061,idle
43.519,-9.69,0.020,0.085,idle
43.539,-9.69,0.021,0.074,idle
43.559,-9.68,0.021,0.060,idle
43.579,-9.66,0.020,0.085,idle
43.599,-9.67,0.022,0.074,idle
43.619,-9.68,0.020,0.061,idle
43.639,-9.66,0.020,0.085,idle
43.659,-9.65,0.021,0.072,idle
43.679,-9.65,0.021,0.062,idle
43.699,-9.66,0.021,0.087,idle
43.719,-9.74,0.020,0.071,idle
43.739,-9.63,0.020,0.070,idle
43.759,-9.65,0.020,0.072,idle
43.779,-9.74,0.021,0.081,idle
43.799,-9.65,0.021,0.077,idle
43.819,-9.65,0.020,0.059,idle
43.839,-9.75,0.020,0.083,idle
43.859,-9.67,0.020,0.076,idle
43.879,-9.68,0.021,0.059,idle
43.899,-9.77,0.020,0.083,idle
43.919,-9.75,0.021,0.075,idle
43.939,-9.76,0.021,0.060,idle
43.959,-9.76,0.020,0.083,idle
43.979,-9.75,0.021,0.075,idle
43.999,-9.75,0.021,0.059,idle
44.019,-9.73,0.021,0.085,idle
44.039,-9.72,0.021,0.074,idle
44.059,-9.74,0.020,0.058,idle
44.079,-9.71,0.020,0.084,idle
44.099,-9.70,0.020,0.074,idle
44.119,-9.71,0.021,0.059,idle
44.139,-9.68,0.020,0.084,idle
44.159,-9.68,0.020,0.076,idle
44.179,-9.68,0.020,0.063,idle
44.199,-9.67,0.020,0.087,idle
44.219,-9.65,0.020,0.074,idle
44.239,-9.64,0.020,0.060,idle
44.259,-9.63,0.020,0.087,idle
44.279,-9.65,0.020,0.075,idle
44.299,-9.57,0.020,0.061,idle
44.319,-9.56,0.020,0.087,idle
44.339,-9.57,0.020,0.073,idle
44.359,-9.52,0.020,0.071,idle
44.379,-9.60,0.020,0.071,idle
44.399,-9.59,0.020,0.082,idle
44.419,-9.55,0.020,0.076,idle
44.439,-9.66,0.020,0.060,idle
44.459,-9.63,0.021,0.083,idle
44.479,-9.56,0.021,0.075,idle
44.499,-9.65,0.020,0.060,idle
44.519,-9.75,0.020,0.084,idle
44.539,-9.65,0.020,0.075,idle
44.559,-9.66,0.021,0.060,idle
44.579,-9.76,0.021,0.085,idle
44.599,-9.65,0.020,0.074,idle
44.619,-9.66,0.021,0.060,idle
44.639,-9.74,0.021,0.086,idle
44.659,-9.72,0.020,0.075,idle
44.679,-9.74,0.020,0.061,idle
44.699,-9.73,0.021,0.087,idle
44.719,-9.71,0.021,0.072,idle
44.739,-9.71,0.020,0.059,idle
44.759,-9.70,0.020,0.086,idle
44.779,-9.68,0.021,0.072,idle
44.799,-9.69,0.021,0.073,idle
44.819,-9.68,0.021,0.076,idle
44.839,-9.66,0.020,0.062,idle
44.859,-9.67,0.021,0.086,idle
44.879,-9.69,0.020,0.074,idle
44.899,-9.69,0.020,0.061,idle
44.919,-9.64,0.020,0.087,idle
44.939,-9.65,0.020,0.071,idle
44.959,-9.75,0.020,0.071,idle
44.979,-9.67,0.021,0.069,idle
44.999,-9.69,0.020,0.086,idle
45.018,-9.79,0.020,0.072,idle
45.038,-9.70,0.020,0.061,idle
45.058,-9.70,0.020,0.087,idle
45.078,-9.71,0.020,0.072,idle
45.098,-9.65,0.021,0.070,idle
45.118,-9.77,0.020,0.072,idle
45.138,-9.73,0.020,0.082,idle
45.158,-9.62,0.021,0.076,idle
45.178,-9.74,0.020,0.059,idle
45.198,-9.71,0.021,0.082,idle
45.218,-9.67,0.021,0.075,idle
45.238,-9.67,0.021,0.061,idle
45.258,-9.77,0.020,0.084,idle
45.278,-9.78,0.020,0.075,idle
45.298,-9.81,0.020,0.060,idle
45.318,-9.82,0.021,0.084,idle
45.338,-9.80,0.020,0.075,idle
45.358,-9.87,0.020,0.060,idle
45.378,-9.78,0.020,0.085,idle
45.398,-9.80,0.020,0.074,idle
45.418,-9.84,0.020,0.060,idle
45.438,-9.74,0.020,0.086,idle
45.458,-9.77,0.020,0.073,idle
45.478,-9.84,0.020,0.061,idle
45.498,-9.77,0.020,0.087,idle
45.518,-9.68,0.020,0.071,idle
45.538,-9.78,0.021,0.073,idle
45.558,-9.76,0.021,0.075,idle
45.578,-9.66,0.020,0.060,idle
45.598,-9.76,0.020,0.086,idle
45.618,-9.76,0.021,0.075,idle
45.638,-9.67,0.022,0.061,idle
45.658,-9.69,0.020,0.089,idle
45.678,-9.69,0.020,0.072,idle
45.698,-9.69,0.020,0.073,idle
45.718,-9.72,0.020,0.068,idle
45.738,-9.73,0.021,0.076,idle
45.758,-9.73,0.021,0.085,idle
45.778,-9.69,0.019,0.059,idle
45.798,-9.68,0.020,0.073,idle
45.818,-9.77,0.021,0.074,idle
45.838,-9.69,0.020,0.085,idle
45.858,-9.71,0.020,0.059,idle
45.878,-9.78,0.020,0.077,idle
45.898,-9.68,0.021,0.083,idle
45.918,-9.69,0.021,0.061,idle
45.938,-9.76,0.020,0.076,idle
45.958,-9.64,0.020,0.083,idle
45.978,-9.63,0.021,0.059,idle
45.998,-9.73,0.020,0.077,idle
46.018,-9.64,0.020,0.084,idle
46.038,-9.66,0.021,0.059,idle
46.058,-9.75,0.020,0.076,idle
46.078,-9.72,0.021,0.084,idle
46.098,-9.69,0.021,0.059,idle
46.118,-9.58,0.020,0.075,idle
46.138,-9.70,0.020,0.085,idle
46.158,-9.72,0.020,0.059,idle
46.178,-9.63,0.021,0.075,idle
46.198,-9.74,0.021,0.086,idle
46.218,-9.69,0.020,0.060,idle
46.238,-9.71,0.021,0.076,idle
46.258,-9.70,0.021,0.077,idle
46.278,-9.59,0.021,0.076,idle
46.298,-9.59,0.020,0.086,idle
46.318,-9.67,0.020,0.060,idle
46.338,-9.68,0.020,0.075,idle
46.358,-9.61,0.020,0.087,idle
46.378,-9.62,0.020,0.058,idle
46.398,-9.61,0.021,0.076,idle
46.418,-9.63,0.020,0.085,idle
46.438,-9.62,0.020,0.060,idle
46.458,-9.62,0.021,0.076,idle
46.478,-9.65,0.020,0.086,idle
46.498,-9.64,0.020,0.061,idle
46.518,-9.64,0.020,0.076,idle
46.538,-9.57,0.021,0.086,idle
46.558,-9.65,0.021,0.059,idle
46.578,-9.63,0.021,0.074,idle
46.598,-9.54,0.020,0.075,idle
46.618,-9.63,0.020,0.084,idle
46.638,-9.64,0.020,0.059,idle
46.658,-9.55,0.020,0.075,idle
46.678,-9.63,0.020,0.085,idle
46.698,-9.63,0.021,0.059,idle
46.718,-9.54,0.020,0.074,idle
46.738,-9.63,0.020,0.086,idle
46.758,-9.63,0.020,0.059,idle
46.778,-9.59,0.020,0.074,idle
46.798,-9.69,0.020,0.087,idle
46.818,-9.61,0.020,0.060,idle
46.838,-9.61,0.021,0.074,idle
46.858,-9.69,0.020,0.073,idle
46.878,-9.61,0.020,0.076,idle
46.898,-9.61,0.020,0.084,idle
46.918,-9.70,0.020,0.059,idle
46.938,-9.62,0.020,0.075,idle
46.958,-9.64,0.020,0.086,idle
46.978,-9.75,0.020,0.059,idle
46.998,-9.64,0.021,0.074,idle
47.018,-9.64,0.020,0.076,idle
47.038,-9.72,0.021,0.083,idle
47.058,-9.60,0.021,0.059,idle
47.078,-9.65,0.020,0.076,idle
47.098,-9.67,0.020,0.085,idle
47.118,-9.73,0.020,0.059,idle
47.138,-9.64,0.021,0.074,idle
47.158,-9.64,0.020,0.086,idle
47.178,-9.71,0.021,0.058,idle
47.198,-9.61,0.020,0.074,idle
47.218,-9.63,0.021,0.086,idle
47.238,-9.73,0.020,0.059,idle
47.258,-9.62,0.020,0.075,idle
47.278,-9.61,0.021,0.086,idle
47.298,-9.73,0.020,0.059,idle
47.318,-9.72,0.020,0.075,idle
47.338,-9.72,0.020,0.084,idle
47.358,-9.71,0.020,0.060,idle
47.378,-9.80,0.020,0.074,idle
47.398,-9.80,0.020,0.084,idle
47.418,-9.73,0.020,0.060,idle
47.438,-9.73,0.020,0.074,idle
47.458,-9.73,0.021,0.085,idle
47.478,-9.61,0.021,0.060,idle
47.498,-9.61,0.020,0.074,idle
47.518,-9.64,0.021,0.081,idle
47.538,-9.68,0.020,0.071,idle
47.558,-9.60,0.021,0.078,idle
47.578,-9.63,0.021,0.060,idle
47.598,-9.67,0.021,0.084,idle
47.618,-9.58,0.021,0.074,idle
47.638,-9.59,0.021,0.059,idle
47.658,-9.66,0.021,0.084,idle
47.678,-9.57,0.021,0.072,idle
47.698,-9.57,0.020,0.060,idle
47.718,-9.63,0.021,0.086,idle
47.738,-9.54,0.020,0.071,idle
47.758,-9.56,0.020,0.065,idle
47.778,-9.61,0.020,0.076,idle
47.798,-9.52,0.021,0.082,idle
47.818,-9.53,0.020,0.057,idle
47.838,-9.60,0.020,0.073,idle
47.858,-9.52,0.020,0.084,idle
47.878,-9.52,0.020,0.059,idle
47.898,-9.60,0.020,0.073,idle
47.918,-9.51,0.020,0.074,idle
47.938,-9.50,0.020,0.073,idle
47.958,-9.57,0.020,0.074,idle
47.978,-9.47,0.021,0.074,idle
47.998,-9.46,0.020,0.080,idle
48.018,-9.54,0.021,0.080,idle
48.038,-9.46,0.021,0.059,idle
48.058,-9.49,0.021,0.079,idle
48.078,-9.46,0.020,0.080,idle
48.098,-9.53,0.020,0.059,idle
48.118,-9.46,0.020,0.078,idle
48.138,-9.47,0.020,0.081,idle
48.158,-9.56,0.020,0.059,idle
48.178,-9.48,0.021,0.076,idle
48.198,-9.50,0.021,0.082,idle
48.218,-9.58,0.020,0.059,idle
48.238,-9.49,0.020,0.076,idle
48.258,-9.52,0.020,0.082,idle
48.278,-9.55,0.021,0.059,idle
48.298,-9.46,0.020,0.077,idle
48.318,-9.42,0.020,0.082,idle
48.338,-9.42,0.020,0.060,idle
48.358,-9.42,0.020,0.077,idle
48.378,-9.38,0.020,0.083,idle
48.398,-9.39,0.020,0.058,idle
48.418,-9.39,0.021,0.075,idle
48.438,-9.44,0.021,0.085,idle
48.458,-9.45,0.021,0.060,idle
48.478,-9.44,0.020,0.074,idle
48.498,-9.51,0.020,0.087,idle
48.518,-9.48,0.021,0.060,idle
48.538,-9.46,0.020,0.074,idle
48.558,-9.53,0.021,0.076,idle
48.578,-9.52,0.021,0.084,idle
48.598,-9.49,0.021,0.059,idle
48.618,-9.58,0.020,0.076,idle
48.638,-9.57,0.020,0.085,idle
48.658,-9.52,0.020,0.060,idle
48.678,-9.61,0.020,0.075,idle
48.698,-9.60,0.020,0.086,idle
48.718,-9.56,0.020,0.060,idle
48.738,-9.55,0.020,0.075,idle
48.758,-9.62,0.020,0.074,idle
48.778,-9.55,0.020,0.079,idle
48.798,-9.64,0.020,0.080,idle
48.818,-9.62,0.020,0.061,idle
48.838,-9.54,0.020,0.078,idle
48.858,-9.65,0.020,0.082,idle
48.878,-9.59,0.020,0.060,idle
48.898,-9.59,0.020,0.078,idle
48.918,-9.58,0.020,0.083,idle
48.938,-9.65,0.020,0.060,idle
48.958,-9.56,0.020,0.078,idle
48.978,-9.58,0.021,0.083,idle
48.998,-9.66,0.020,0.060,idle
49.018,-9.55,0.020,0.078,idle
49.038,-9.56,0.021,0.084,idle
49.058,-9.64,0.021,0.060,idle
49.078,-9.62,0.021,0.077,idle
49.098,-9.56,0.020,0.085,idle
49.118,-9.67,0.020,0.060,idle
49.138,-9.64,0.020,0.077,idle
49.158,-9.55,0.021,0.087,idle
49.178,-9.65,0.021,0.059,idle
49.198,-9.65,0.020,0.075,idle
49.218,-9.63,0.020,0.075,idle
49.238,-9.62,0.021,0.082,idle
49.258,-9.62,0.020,0.059,idle
49.278,-9.64,0.020,0.086,idle
49.298,-9.61,0.020,0.073,idle
49.318,-9.55,0.021,0.061,idle
49.338,-9.61,0.020,0.089,idle
49.358,-9.59,0.021,0.071,idle
49.378,-9.53,0.020,0.083,idle
49.398,-9.59,0.021,0.060,idle
49.418,-9.58,0.020,0.083,idle
49.438,-9.52,0.021,0.077,idle
49.458,-9.60,0.020,0.061,idle
49.478,-9.60,0.020,0.084,idle
49.498,-9.55,0.021,0.075,idle
49.518,-9.64,0.020,0.060,idle
49.538,-9.63,0.021,0.085,idle
49.558,-9.57,0.020,0.074,idle
49.578,-9.65,0.020,0.060,idle
49.598,-9.64,0.020,0.088,idle
49.618,-9.55,0.020,0.072,idle
49.638,-9.54,0.020,0.070,idle
49.658,-9.61,0.020,0.075,idle
49.678,-9.52,0.020,0.075,idle
49.698,-9.53,0.021,0.085,idle
49.718,-9.60,0.021,0.059,idle
49.738,-9.60,0.021,0.078,idle
49.758,-9.50,0.020,0.082,idle
49.778,-9.60,0.020,0.060,idle
49.798,-9.51,0.021,0.078,idle
49.818,-9.53,0.021,0.083,idle
49.838,-9.52,0.020,0.061,idle
49.858,-9.49,0.020,0.078,idle
49.878,-9.53,0.020,0.084,idle
49.898,-9.46,0.020,0.060,idle
49.918,-9.56,0.020,0.076,idle
49.938,-9.50,0.020,0.083,idle
49.958,-9.51,0.021,0.060,idle
49.978,-9.51,0.020,0.077,idle
49.998,-9.45,0.020,0.085,idle
50.018,-9.46,0.020,0.059,idle
50.038,-9.51,0.020,0.075,idle
50.058,-9.45,0.020,0.086,idle
50.078,-9.46,0.020,0.059,idle
50.098,-9.48,0.020,0.073,idle
50.118,-9.42,0.021,0.077,idle
50.138,-9.44,0.020,0.084,idle
50.158,-9.45,0.020,0.058,idle
50.178,-9.40,0.021,0.076,idle
50.198,-9.41,0.021,0.085,idle
50.218,-9.34,0.021,0.059,idle
50.238,-9.42,0.020,0.075,idle
50.258,-9.39,0.020,0.086,idle
50.278,-9.35,0.020,0.059,idle
50.298,-9.44,0.021,0.074,idle
50.318,-9.45,0.020,0.075,idle
50.338,-9.40,0.020,0.084,idle
50.358,-9.48,0.021,0.059,idle
50.378,-9.49,0.020,0.075,idle
50.398,-9.43,0.021,0.086,idle
50.418,-9.54,0.021,0.060,idle
50.438,-9.54,0.020,0.073,idle
50.458,-9.48,0.020,0.075,idle
50.478,-9.56,0.020,0.074,idle
50.498,-9.53,0.021,0.073,idle
50.518,-9.45,0.020,0.081,idle
50.538,-9.49,0.021,0.079,idle
50.558,-9.47,0.020,0.060,idle
50.578,-9.39,0.020,0.078,idle
50.598,-9.45,0.021,0.081,idle
50.618,-9.45,0.020,0.059,idle
50.638,-9.46,0.021,0.078,idle
50.658,-9.43,0.021,0.080,idle
50.678,-9.42,0.020,0.059,idle
50.698,-9.41,0.021,0.076,idle
50.718,-9.43,0.020,0.082,idle
50.738,-9.44,0.020,0.058,idle
50.758,-9.46,0.021,0.077,idle
50.778,-9.45,0.021,0.084,idle
50.798,-9.43,0.020,0.060,idle
50.818,-9.44,0.021,0.076,idle
50.838,-9.57,0.020,0.084,idle
50.858,-9.46,0.019,0.060,idle
50.878,-9.46,0.021,0.075,idle
50.898,-9.56,0.020,0.086,idle
50.918,-9.45,0.020,0.059,idle
50.938,-9.50,0.020,0.075,idle
50.958,-9.52,0.020,0.085,idle
50.978,-9.51,0.021,0.059,idle
50.998,-9.55,0.021,0.077,idle
51.018,-9.56,0.020,0.080,idle
51.038,-9.50,0.021,0.059,idle
51.058,-9.53,0.021,0.076,idle
51.078,-9.54,0.021,0.080,idle
51.098,-9.53,0.021,0.059,idle
51.118,-9.54,0.020,0.077,idle
51.138,-9.54,0.021,0.082,idle
51.158,-9.53,0.021,0.060,idle
51.178,-9.55,0.022,0.074,idle
51.198,-9.53,0.020,0.082,idle
51.218,-9.53,0.020,0.060,idle
51.238,-9.55,0.020,0.077,idle
51.258,-9.53,0.021,0.086,idle
51.278,-9.53,0.020,0.057,idle
51.298,-9.55,0.020,0.074,idle
51.318,-9.51,0.019,0.087,idle
51.338,-9.51,0.021,0.058,idle
51.358,-9.40,0.021,0.074,idle
51.378,-9.50,0.019,0.086,idle
51.398,-9.51,0.020,0.059,idle
51.418,-9.47,0.020,0.081,idle
51.438,-9.47,0.020,0.080,idle
51.458,-9.45,0.020,0.060,idle
51.478,-9.45,0.020,0.082,idle
51.498,-9.46,0.021,0.078,idle
51.518,-9.46,0.021,0.060,idle
51.538,-9.43,0.021,0.082,idle
51.558,-9.47,0.020,0.077,idle
51.578,-9.51,0.020,0.059,idle
51.598,-9.46,0.020,0.083,idle
51.618,-9.48,0.020,0.075,idle
51.638,-9.52,0.021,0.060,idle
51.658,-9.48,0.020,0.083,idle
51.678,-9.52,0.021,0.074,idle
51.698,-9.58,0.020,0.060,idle
51.718,-9.48,0.020,0.084,idle
51.738,-9.48,0.020,0.073,idle
51.758,-9.53,0.020,0.059,idle
51.778,-9.45,0.020,0.086,idle
51.798,-9.48,0.021,0.071,idle
51.818,-9.54,0.020,0.075,idle
51.838,-9.42,0.020,0.072,idle
51.858,-9.44,0.021,0.074,idle
51.878,-9.52,0.020,0.076,idle
51.898,-9.42,0.020,0.083,idle
51.918,-9.42,0.020,0.059,idle
51.938,-9.46,0.021,0.076,idle
51.958,-9.44,0.021,0.085,idle
51.978,-9.45,0.020,0.060,idle
51.998,-9.39,0.020,0.074,idle
52.018,-9.47,0.020,0.074,idle
52.038,-9.47,0.020,0.079,idle
52.058,-9.42,0.020,0.079,idle
52.078,-9.50,0.020,0.059,idle
52.098,-9.49,0.020,0.078,idle
52.118,-9.45,0.020,0.081,idle
52.138,-9.55,0.020,0.059,idle
52.158,-9.54,0.020,0.077,idle
52.178,-9.58,0.020,0.080,idle
52.198,-9.58,0.020,0.059,idle
52.218,-9.62,0.020,0.077,idle
52.238,-9.54,0.021,0.082,idle
52.258,-9.65,0.020,0.060,idle
52.278,-9.62,0.021,0.076,idle
52.298,-9.54,0.021,0.083,idle
52.318,-9.68,0.021,0.059,idle
52.338,-9.65,0.021,0.076,idle
52.358,-9.67,0.020,0.085,idle
52.378,-9.70,0.020,0.059,idle
52.398,-9.66,0.020,0.074,idle
52.418,-9.65,0.020,0.086,idle
52.438,-9.75,0.020,0.059,idle
52.458,-9.73,0.021,0.075,idle
52.478,-9.69,0.020,0.075,idle
52.498,-9.70,0.020,0.084,idle
52.518,-9.79,0.021,0.059,idle
52.538,-9.77,0.021,0.075,idle
52.558,-9.77,0.020,0.087,idle
52.578,-9.72,0.020,0.058,idle
52.598,-9.84,0.020,0.076,idle
52.618,-9.79,0.020,0.082,idle
52.638,-9.74,0.020,0.058,idle
52.658,-9.85,0.020,0.087,idle
52.678,-9.81,0.020,0.071,idle
52.698,-9.81,0.020,0.079,idle
52.718,-9.81,0.020,0.059,idle
52.738,-9.88,0.020,0.085,idle
52.758,-9.81,0.020,0.073,idle
52.778,-9.80,0.020,0.061,idle
52.798,-9.91,0.020,0.086,idle
52.818,-9.93,0.021,0.072,idle
52.838,-9.94,0.021,0.061,idle
52.858,-9.93,0.020,0.087,idle
52.878,-9.93,0.020,0.070,idle
52.898,-9.94,0.020,0.068,idle
52.918,-9.94,0.021,0.087,idle
52.938,-9.87,0.020,0.071,idle
52.958,-9.92,0.020,0.078,idle
52.978,-9.92,0.020,0.060,idle
52.998,-9.94,0.020,0.088,idle
53.018,-9.92,0.020,0.070,idle
53.038,-9.92,0.020,0.077,idle
53.058,-9.92,0.020,0.060,idle
53.078,-9.90,0.020,0.087,idle
53.098,-9.91,0.020,0.073,idle
53.118,-9.89,0.020,0.060,idle
53.138,-9.90,0.020,0.088,idle
53.158,-9.92,0.020,0.070,idle
53.178,-9.81,0.020,0.080,idle
53.198,-9.91,0.020,0.060,idle
53.218,-9.83,0.020,0.084,idle
53.238,-9.94,0.020,0.073,idle
53.258,-9.91,0.020,0.066,idle
53.278,-9.93,0.020,0.078,idle
53.298,-9.93,0.020,0.084,idle
53.318,-9.89,0.021,0.060,idle
53.338,-9.91,0.020,0.074,idle
53.358,-9.91,0.021,0.086,idle
53.378,-9.87,0.021,0.059,idle
53.398,-9.90,0.021,0.072,idle
53.418,-9.84,0.020,0.078,idle
53.438,-9.82,0.020,0.080,idle
53.458,-9.84,0.020,0.059,idle
53.478,-9.79,0.020,0.077,idle
53.498,-9.89,0.020,0.081,idle
53.518,-9.78,0.020,0.059,idle
53.538,-9.80,0.020,0.076,idle
53.558,-9.85,0.020,0.083,idle
53.578,-9.87,0.020,0.059,idle
53.598,-9.78,0.020,0.075,idle
53.618,-9.83,0.020,0.085,idle
53.638,-9.84,0.020,0.059,idle
53.658,-9.76,0.020,0.074,idle
53.678,-9.81,0.020,0.081,idle
53.698,-9.77,0.021,0.063,idle
53.718,-9.81,0.020,0.080,idle
53.738,-9.76,0.020,0.082,idle
53.758,-9.77,0.020,0.059,idle
53.778,-9.82,0.021,0.076,idle
53.798,-9.72,0.020,0.083,idle
53.818,-9.63,0.020,0.059,idle
53.838,-9.67,0.021,0.075,idle
53.858,-9.70,0.020,0.085,idle
53.878,-9.62,0.020,0.060,idle
53.898,-9.67,0.020,0.074,idle
53.918,-9.68,0.021,0.086,idle
53.938,-9.66,0.020,0.058,idle
53.958,-9.66,0.020,0.075,idle
53.978,-9.67,0.020,0.085,idle
53.998,-9.66,0.021,0.060,idle
54.018,-9.65,0.020,0.075,idle
54.038,-9.65,0.021,0.084,idle
54.058,-9.64,0.020,0.059,idle
54.078,-9.62,0.020,0.079,idle
54.098,-9.61,0.020,0.079,idle
54.118,-9.60,0.020,0.059,idle
54.138,-9.59,0.020,0.081,idle
54.158,-9.58,0.020,0.079,idle
54.178,-9.57,0.020,0.059,idle
54.198,-9.58,0.020,0.080,idle
54.218,-9.57,0.020,0.079,idle
54.238,-9.54,0.020,0.060,idle
54.258,-9.57,0.020,0.081,idle
54.278,-9.57,0.020,0.079,idle
54.298,-9.59,0.020,0.059,idle
54.318,-9.50,0.021,0.081,idle
54.338,-9.59,0.021,0.078,idle
54.358,-9.59,0.020,0.060,idle
54.378,-9.52,0.020,0.081,idle
54.398,-9.63,0.020,0.077,idle
54.418,-9.61,0.020,0.060,idle
54.438,-9.60,0.020,0.081,idle
54.458,-9.71,0.020,0.076,idle
54.478,-9.70,0.020,0.060,idle
54.498,-9.65,0.020,0.083,idle
54.518,-9.64,0.021,0.076,idle
54.538,-9.75,0.020,0.060,idle
54.558,-9.64,0.020,0.084,idle
54.578,-9.69,0.020,0.075,idle
54.598,-9.66,0.021,0.060,idle
54.618,-9.70,0.021,0.085,idle
54.638,-9.70,0.020,0.073,idle
54.658,-9.66,0.021,0.063,idle
54.678,-9.72,0.021,0.087,idle
54.698,-9.69,0.021,0.070,idle
54.718,-9.64,0.020,0.071,idle
54.738,-9.70,0.021,0.086,idle
54.758,-9.72,0.020,0.073,idle
54.778,-9.71,0.021,0.077,idle
54.798,-9.72,0.021,0.060,idle
54.818,-9.73,0.021,0.086,idle
54.838,-9.71,0.020,0.073,idle
54.858,-9.73,0.020,0.061,idle
54.878,-9.73,0.021,0.088,idle
54.898,-9.70,0.020,0.069,idle
54.918,-9.75,0.020,0.069,idle
54.938,-9.74,0.020,0.088,idle
54.958,-9.71,0.020,0.070,idle
54.978,-9.75,0.020,0.078,idle
54.998,-9.74,0.020,0.060,idle
55.018,-9.69,0.020,0.087,idle
55.038,-9.78,0.020,0.071,idle
55.058,-9.78,0.020,0.080,idle
55.078,-9.71,0.020,0.059,idle
55.098,-9.81,0.020,0.084,idle
55.118,-9.82,0.020,0.074,idle
55.138,-9.74,0.019,0.060,idle
55.158,-9.74,0.020,0.085,idle
55.178,-9.81,0.020,0.071,idle
55.198,-9.73,0.020,0.069,idle
55.218,-9.76,0.020,0.074,idle
55.238,-9.78,0.020,0.073,idle
55.258,-9.69,0.020,0.080,idle
55.278,-9.70,0.021,0.079,idle
55.298,-9.67,0.020,0.060,idle
55.318,-9.76,0.021,0.078,idle
55.338,-9.67,0.020,0.080,idle
55.358,-9.68,0.020,0.060,idle
55.378,-9.77,0.020,0.079,idle
55.398,-9.66,0.020,0.081,idle
55.418,-9.68,0.020,0.059,idle
55.438,-9.65,0.020,0.077,idle
55.458,-9.58,0.020,0.082,idle
55.478,-9.58,0.021,0.059,idle
55.498,-9.57,0.021,0.076,idle
55.518,-9.61,0.020,0.083,idle
55.538,-9.50,0.020,0.059,idle
55.558,-9.53,0.020,0.075,idle
55.578,-9.52,0.020,0.085,idle
55.598,-9.51,0.020,0.060,idle
55.618,-9.44,0.020,0.074,idle
55.638,-9.50,0.020,0.076,idle
55.658,-9.50,0.020,0.084,idle
55.678,-9.40,0.020,0.060,idle
55.698,-9.50,0.020,0.075,idle
55.718,-9.49,0.020,0.085,idle
55.738,-9.39,0.020,0.059,idle
55.758,-9.47,0.020,0.073,idle
55.778,-9.42,0.021,0.075,idle
55.798,-9.38,0.020,0.083,idle
55.818,-9.38,0.020,0.060,idle
55.838,-9.45,0.020,0.074,idle
55.858,-9.41,0.020,0.086,idle
55.878,-9.41,0.020,0.058,idle
55.898,-9.48,0.020,0.073,idle
55.918,-9.42,0.020,0.080,idle
55.938,-9.52,0.021,0.079,idle
55.958,-9.48,0.021,0.059,idle
55.978,-9.50,0.021,0.079,idle
55.998,-9.57,0.020,0.081,idle
56.018,-9.56,0.020,0.059,idle
56.038,-9.47,0.020,0.077,idle
56.058,-9.58,0.020,0.080,idle
56.078,-9.57,0.020,0.058,idle
56.098,-9.49,0.020,0.075,idle
56.118,-9.57,0.020,0.082,idle
56.138,-9.59,0.020,0.059,idle
56.158,-9.62,0.020,0.075,idle
56.178,-9.56,0.021,0.084,idle
56.198,-9.56,0.021,0.059,idle
56.218,-9.63,0.021,0.073,idle
56.238,-9.54,0.020,0.086,idle
56.258,-9.57,0.020,0.059,idle
56.278,-9.66,0.020,0.073,idle
56.298,-9.64,0.021,0.074,idle
56.318,-9.56,0.020,0.086,idle
56.338,-9.65,0.021,0.058,idle
56.358,-9.66,0.020,0.074,idle
56.378,-9.59,0.020,0.081,idle
56.398,-9.60,0.021,0.058,idle
56.418,-9.65,0.020,0.087,idle
56.438,-9.62,0.021,0.068,idle
56.458,-9.59,0.020,0.071,idle
56.478,-9.65,0.021,0.083,idle
56.498,-9.63,0.021,0.073,idle
56.518,-9.59,0.021,0.059,idle
56.538,-9.66,0.020,0.086,idle
56.558,-9.65,0.021,0.071,idle
56.578,-9.59,0.021,0.070,idle
56.598,-9.69,0.020,0.073,idle
56.618,-9.68,0.020,0.078,idle
56.638,-9.64,0.021,0.079,idle
56.658,-9.75,0.020,0.060,idle
56.678,-9.74,0.020,0.075,idle
56.698,-9.69,0.020,0.082,idle
56.718,-9.71,0.020,0.058,idle
56.738,-9.71,0.019,0.077,idle
56.758,-9.66,0.020,0.087,idle
56.778,-9.69,0.021,0.059,idle
56.798,-9.70,0.021,0.075,idle
56.818,-9.75,0.020,0.085,idle
56.838,-9.66,0.020,0.059,idle
56.858,-9.64,0.020,0.077,idle
56.878,-9.69,0.021,0.077,idle
56.898,-9.61,0.021,0.079,idle
56.918,-9.62,0.020,0.059,idle
56.938,-9.62,0.020,0.075,idle
56.958,-9.62,0.021,0.081,idle
56.978,-9.55,0.020,0.059,idle
56.998,-9.48,0.021,0.074,idle
57.018,-9.60,0.021,0.082,idle
57.038,-9.59,0.020,0.059,idle
57.058,-9.57,0.021,0.074,idle
57.078,-9.61,0.020,0.084,idle
57.098,-9.64,0.020,0.059,idle
57.118,-9.56,0.020,0.074,idle
57.138,-9.59,0.020,0.083,idle
57.158,-9.56,0.021,0.059,idle
57.178,-9.55,0.021,0.079,idle
57.198,-9.59,0.021,0.076,idle
57.218,-9.55,0.021,0.060,idle
57.238,-9.53,0.020,0.081,idle
57.258,-9.55,0.020,0.077,idle
57.278,-9.48,0.020,0.058,idle
57.298,-9.51,0.020,0.080,idle
57.318,-9.58,0.020,0.074,idle
57.338,-9.52,0.021,0.059,idle
57.358,-9.50,0.021,0.085,idle
57.378,-9.54,0.020,0.076,idle
57.398,-9.55,0.020,0.062,idle
57.418,-9.49,0.020,0.085,idle
57.438,-9.57,0.021,0.071,idle
57.458,-9.57,0.020,0.074,idle
57.478,-9.52,0.021,0.060,idle
57.498,-9.62,0.020,0.087,idle
57.518,-9.61,0.021,0.068,idle
57.538,-9.61,0.020,0.073,idle
57.558,-9.70,0.021,0.079,idle
57.578,-9.71,0.020,0.078,idle
57.598,-9.61,0.020,0.059,idle
57.618,-9.70,0.021,0.080,idle
57.638,-9.69,0.020,0.077,idle
57.658,-9.65,0.020,0.059,idle
57.678,-9.66,0.021,0.081,idle
57.698,-9.63,0.020,0.077,idle
57.718,-9.71,0.021,0.059,idle
57.738,-9.71,0.020,0.081,idle
57.758,-9.66,0.020,0.076,idle
57.778,-9.72,0.020,0.060,idle
57.798,-9.71,0.020,0.082,idle
57.818,-9.66,0.020,0.076,idle
57.838,-9.74,0.020,0.059,idle
57.858,-9.76,0.020,0.082,idle
57.878,-9.70,0.020,0.074,idle
57.898,-9.79,0.020,0.059,idle
57.918,-9.77,0.019,0.085,idle
57.938,-9.77,0.020,0.073,idle
57.958,-9.77,0.020,0.061,idle
57.978,-9.82,0.020,0.087,idle
57.998,-9.81,0.020,0.069,idle
58.018,-9.75,0.020,0.069,idle
58.038,-9.78,0.020,0.086,idle
58.058,-9.69,0.020,0.072,idle
58.078,-9.71,0.020,0.068,idle
58.098,-9.68,0.020,0.074,idle
58.118,-9.67,0.021,0.076,idle
58.138,-9.69,0.020,0.082,idle
58.158,-9.66,0.021,0.059,idle
58.178,-9.66,0.021,0.074,idle
58.198,-9.70,0.020,0.084,idle
58.218,-9.67,0.021,0.059,idle
58.238,-9.67,0.020,0.074,idle
58.258,-9.73,0.021,0.086,idle
58.278,-9.76,0.020,0.058,idle
58.298,-9.75,0.021,0.075,idle
58.318,-9.69,0.020,0.084,idle
58.338,-9.76,0.020,0.059,idle
58.358,-9.76,0.020,0.074,idle
58.378,-9.69,0.021,0.082,idle
58.398,-9.78,0.020,0.057,idle
58.418,-9.79,0.020,0.087,idle
58.438,-9.68,0.020,0.070,idle
58.458,-9.69,0.020,0.081,idle
58.478,-9.77,0.021,0.059,idle
58.498,-9.67,0.020,0.080,idle
58.518,-9.69,0.020,0.076,idle
58.538,-9.72,0.020,0.059,idle
58.558,-9.62,0.021,0.082,idle
58.578,-9.68,0.021,0.075,idle
58.598,-9.79,0.020,0.059,idle
58.618,-9.71,0.021,0.084,idle
58.638,-9.74,0.021,0.072,idle
58.658,-9.69,0.021,0.059,idle
58.678,-9.76,0.020,0.085,idle
58.698,-9.77,0.020,0.072,idle
58.718,-9.68,0.020,0.064,idle
58.738,-9.77,0.020,0.081,idle
58.758,-9.77,0.020,0.081,idle
58.778,-9.68,0.021,0.058,idle
58.798,-9.68,0.020,0.076,idle
58.818,-9.76,0.020,0.083,idle
58.838,-9.66,0.021,0.059,idle
58.858,-9.66,0.020,0.075,idle
58.878,-9.74,0.020,0.085,idle
58.898,-9.64,0.020,0.059,idle
58.918,-9.68,0.021,0.073,idle
58.938,-9.58,0.020,0.076,idle
58.958,-9.60,0.020,0.083,idle
58.978,-9.54,0.020,0.059,idle
58.998,-9.64,0.021,0.075,idle
59.018,-9.59,0.020,0.086,idle
59.038,-9.67,0.021,0.059,idle
59.058,-9.66,0.020,0.077,idle
59.078,-9.64,0.020,0.086,idle
59.098,-9.62,0.020,0.060,idle
59.118,-9.70,0.020,0.075,idle
59.138,-9.64,0.021,0.077,idle
59.158,-9.64,0.020,0.082,idle
59.178,-9.76,0.020,0.060,idle
59.198,-9.67,0.021,0.075,idle
59.218,-9.71,0.020,0.085,idle
59.238,-9.71,0.021,0.059,idle
59.258,-9.67,0.021,0.074,idle
59.278,-9.63,0.021,0.075,idle
59.298,-9.62,0.021,0.083,idle
59.318,-9.70,0.020,0.059,idle
59.338,-9.61,0.020,0.074,idle
59.358,-9.61,0.021,0.085,idle
59.378,-9.70,0.020,0.059,idle
59.398,-9.58,0.020,0.076,idle
59.418,-9.63,0.021,0.073,idle
59.438,-9.63,0.021,0.073,idle
59.458,-9.66,0.020,0.074,idle
59.478,-9.60,0.021,0.081,idle
59.498,-9.58,0.021,0.058,idle
59.518,-9.62,0.020,0.085,idle
59.538,-9.53,0.021,0.071,idle
59.558,-9.51,0.020,0.078,idle
59.578,-9.53,0.020,0.059,idle
59.598,-9.44,0.020,0.084,idle
59.618,-9.42,0.021,0.073,idle
59.638,-9.47,0.020,0.060,idle
59.658,-9.45,0.020,0.087,idle
59.678,-9.39,0.020,0.071,idle
59.698,-9.48,0.021,0.078,idle
59.718,-9.49,0.020,0.060,idle
59.738,-9.43,0.020,0.082,idle
59.758,-9.43,0.020,0.075,idle
59.778,-9.53,0.021,0.060,idle
59.798,-9.54,0.020,0.084,idle
59.818,-9.52,0.020,0.073,idle
59.838,-9.50,0.020,0.060,idle
59.858,-9.61,0.021,0.087,idle
59.878,-9.54,0.020,0.071,idle
59.898,-9.54,0.020,0.080,idle
59.918,-9.50,0.021,0.059,idle
59.938,-9.59,0.021,0.081,idle
59.958,-9.63,0.020,0.077,idle
59.978,-9.74,0.020,0.059,idle
59.998,-9.64,0.020,0.081,idle
60.018,-9.67,0.021,0.074,idle
60.038,-9.61,0.021,0.059,idle
60.058,-9.67,0.020,0.083,idle
60.078,-9.64,0.021,0.075,idle
60.098,-9.67,0.021,0.059,idle
60.118,-9.64,0.020,0.085,idle
60.138,-9.64,0.021,0.073,idle
60.158,-9.63,0.021,0.061,idle
60.178,-9.59,0.021,0.086,idle
60.198,-9.57,0.020,0.070,idle
60.218,-9.53,0.020,0.078,idle
60.238,-9.62,0.020,0.060,idle
60.258,-9.56,0.020,0.088,idle
60.278,-9.54,0.020,0.070,idle
60.298,-9.65,0.020,0.080,idle
60.318,-9.57,0.021,0.059,idle
60.338,-9.60,0.021,0.084,idle
60.358,-9.65,0.020,0.073,idle
60.378,-9.55,0.020,0.073,idle
60.398,-9.60,0.020,0.067,idle
60.418,-9.60,0.020,0.074,idle
60.438,-9.59,0.021,0.076,idle
60.458,-9.60,0.021,0.084,idle
60.478,-9.62,0.020,0.058,idle
60.498,-9.62,0.020,0.074,idle
60.518,-9.63,0.020,0.079,idle
60.538,-9.64,0.021,0.079,idle
60.558,-9.65,0.020,0.059,idle
60.578,-9.64,0.021,0.076,idle
60.598,-9.64,0.021,0.081,idle
60.618,-9.65,0.020,0.059,idle
60.638,-9.62,0.021,0.076,idle
60.658,-9.62,0.021,0.082,idle
60.678,-9.61,0.021,0.059,idle
60.698,-9.59,0.021,0.075,idle
60.718,-9.60,0.020,0.085,idle
60.738,-9.55,0.020,0.060,idle
60.758,-9.66,0.020,0.076,idle
60.778,-9.55,0.020,0.085,idle
60.798,-9.56,0.021,0.057,idle
60.818,-9.50,0.021,0.078,idle
60.838,-9.60,0.020,0.078,idle
60.858,-9.50,0.020,0.059,idle
60.878,-9.49,0.020,0.079,idle
60.898,-9.60,0.020,0.078,idle
60.918,-9.61,0.020,0.059,idle
60.938,-9.57,0.020,0.080,idle
60.958,-9.51,0.020,0.078,idle
60.978,-9.51,0.020,0.058,idle
60.998,-9.52,0.019,0.080,idle
61.018,-9.53,0.020,0.077,idle
61.038,-9.49,0.020,0.059,idle
61.058,-9.49,0.021,0.081,idle
61.078,-9.52,0.021,0.076,idle
61.098,-9.48,0.020,0.060,idle
61.118,-9.48,0.021,0.082,idle
61.138,-9.50,0.020,0.075,idle
61.158,-9.49,0.021,0.059,idle
61.178,-9.49,0.021,0.084,idle
61.198,-9.51,0.021,0.072,idle
61.218,-9.50,0.020,0.061,idle
61.238,-9.49,0.020,0.086,idle
61.258,-9.50,0.021,0.071,idle
61.278,-9.49,0.020,0.076,idle
61.298,-9.49,0.021,0.059,idle
61.318,-9.49,0.021,0.083,idle
61.338,-9.51,0.020,0.072,idle
61.358,-9.46,0.020,0.061,idle
61.378,-9.53,0.020,0.086,idle
61.398,-9.50,0.020,0.069,idle
61.418,-9.44,0.020,0.078,idle
61.438,-9.55,0.020,0.060,idle
61.458,-9.50,0.020,0.086,idle
61.478,-9.47,0.020,0.069,idle
61.498,-9.47,0.020,0.080,idle
61.518,-9.51,0.020,0.060,idle
61.538,-9.48,0.020,0.080,idle
61.558,-9.52,0.020,0.076,idle
61.578,-9.45,0.020,0.061,idle
61.598,-9.49,0.021,0.081,idle
61.618,-9.51,0.021,0.074,idle
61.638,-9.44,0.020,0.061,idle
61.658,-9.51,0.020,0.083,idle
61.678,-9.53,0.021,0.071,idle
61.698,-9.43,0.020,0.061,idle
61.718,-9.52,0.021,0.084,idle
61.738,-9.53,0.020,0.070,idle
61.758,-9.49,0.020,0.062,idle
61.778,-9.61,0.020,0.087,idle
61.798,-9.58,0.020,0.067,idle
61.818,-9.62,0.020,0.079,idle
61.838,-9.51,0.020,0.061,idle
61.858,-9.62,0.020,0.082,idle
61.878,-9.64,0.021,0.071,idle
61.898,-9.60,0.020,0.062,idle
61.918,-9.59,0.020,0.086,idle
61.938,-9.56,0.020,0.069,idle
61.958,-9.61,0.021,0.075,idle
61.978,-9.51,0.021,0.062,idle
61.998,-9.54,0.020,0.086,idle
62.018,-9.52,0.020,0.068,idle
62.038,-9.51,0.021,0.078,idle
62.058,-9.56,0.021,0.061,idle
62.078,-9.56,0.020,0.082,idle
62.098,-9.56,0.021,0.072,idle
62.118,-9.59,0.020,0.063,idle
62.138,-9.58,0.021,0.085,idle
62.158,-9.64,0.020,0.070,idle
62.178,-9.57,0.020,0.063,idle
62.198,-9.63,0.020,0.086,idle
62.218,-9.67,0.020,0.066,idle
62.238,-9.57,0.020,0.072,idle
62.258,-9.65,0.020,0.088,idle
62.278,-9.66,0.020,0.068,idle
62.298,-9.57,0.021,0.080,idle
62.318,-9.66,0.021,0.062,idle
62.338,-9.68,0.021,0.086,idle
62.358,-9.68,0.019,0.069,idle
62.378,-9.62,0.020,0.081,idle
62.398,-9.69,0.021,0.065,idle
62.418,-9.69,0.021,0.079,idle
62.438,-9.59,0.021,0.072,idle
62.458,-9.66,0.020,0.066,idle
62.478,-9.63,0.021,0.083,idle
62.498,-9.65,0.021,0.073,idle
62.518,-9.68,0.021,0.064,idle
62.538,-9.67,0.020,0.084,idle
62.558,-9.66,0.020,0.071,idle
62.578,-9.70,0.022,0.064,idle
62.598,-9.71,0.021,0.087,idle
62.618,-9.69,0.021,0.068,idle
62.638,-9.71,0.020,0.079,idle
62.658,-9.72,0.020,0.064,idle
62.678,-9.70,0.020,0.083,idle
62.698,-9.72,0.021,0.069,idle
62.718,-9.73,0.020,0.065,idle
62.738,-9.73,0.020,0.086,idle
62.758,-9.75,0.020,0.068,idle
62.778,-9.69,0.020,0.067,idle
62.798,-9.70,0.020,0.084,idle
62.818,-9.69,0.020,0.076,idle
62.838,-9.78,0.020,0.064,idle
62.858,-9.66,0.021,0.077,idle
62.878,-9.65,0.020,0.078,idle
62.898,-9.66,0.021,0.066,idle
62.918,-9.64,0.020,0.076,idle
62.938,-9.64,0.021,0.080,idle
62.958,-9.70,0.021,0.064,idle
62.978,-9.69,0.020,0.075,idle
62.998,-9.66,0.021,0.083,idle
63.018,-9.74,0.021,0.066,idle
63.038,-9.75,0.020,0.076,idle
63.058,-9.65,0.020,0.079,idle
63.078,-9.73,0.020,0.077,idle
63.098,-9.74,0.020,0.066,idle
63.118,-9.67,0.021,0.076,idle
63.138,-9.67,0.020,0.079,idle
63.158,-9.62,0.020,0.065,idle
63.178,-9.65,0.020,0.075,idle
63.198,-9.66,0.020,0.081,idle
63.218,-9.64,0.020,0.065,idle
63.238,-9.66,0.020,0.082,idle
63.258,-9.68,0.020,0.075,idle
63.278,-9.66,0.021,0.066,idle
63.298,-9.66,0.020,0.077,idle
63.318,-9.60,0.021,0.076,idle
63.338,-9.59,0.020,0.065,idle
63.358,-9.57,0.021,0.076,idle
63.378,-9.57,0.020,0.077,idle
63.398,-9.57,0.020,0.065,idle
63.418,-9.57,0.021,0.075,idle
63.438,-9.57,0.021,0.079,idle
63.458,-9.56,0.020,0.066,idle
63.478,-9.57,0.020,0.075,idle
63.498,-9.55,0.021,0.081,idle
63.518,-9.53,0.021,0.065,idle
63.538,-9.53,0.020,0.073,idle
63.558,-9.51,0.020,0.080,idle
63.578,-9.50,0.021,0.066,idle
63.598,-9.45,0.020,0.073,idle
63.618,-9.52,0.021,0.072,idle
63.638,-9.50,0.021,0.071,idle
63.658,-9.43,0.020,0.076,idle
63.678,-9.53,0.020,0.077,idle
63.698,-9.52,0.020,0.067,idle
63.718,-9.42,0.020,0.074,idle
63.738,-9.53,0.020,0.080,idle
63.758,-9.44,0.020,0.067,idle
63.778,-9.39,0.021,0.072,idle
63.798,-9.40,0.021,0.079,idle
63.818,-9.38,0.020,0.072,idle
63.838,-9.36,0.021,0.066,idle
63.858,-9.48,0.020,0.077,idle
63.878,-9.47,0.020,0.074,idle
63.898,-9.39,0.020,0.066,idle
63.918,-9.42,0.020,0.075,idle
63.938,-9.46,0.021,0.075,idle
63.958,-9.41,0.020,0.067,idle
63.978,-9.39,0.021,0.075,idle
63.998,-9.42,0.021,0.078,idle
64.018,-9.37,0.021,0.068,idle
64.038,-9.36,0.021,0.073,idle
64.058,-9.38,0.020,0.071,idle
64.078,-9.32,0.020,0.077,idle
64.098,-9.31,0.020,0.074,idle
64.118,-9.30,0.021,0.067,idle
64.138,-9.36,0.021,0.077,idle
64.158,-9.36,0.020,0.077,idle
64.178,-9.34,0.020,0.068,idle
64.198,-9.34,0.020,0.076,idle
64.218,-9.34,0.021,0.079,idle
64.238,-9.34,0.020,0.068,idle
64.258,-9.33,0.020,0.074,idle
64.278,-9.33,0.020,0.073,idle
64.298,-9.34,0.020,0.074,idle
64.318,-9.41,0.020,0.077,idle
64.338,-9.35,0.020,0.079,idle
64.358,-9.42,0.020,0.068,idle
64.378,-9.50,0.020,0.073,idle
64.398,-9.42,0.021,0.071,idle
64.418,-9.44,0.020,0.079,idle
64.438,-9.44,0.021,0.071,idle
64.458,-9.42,0.020,0.068,idle
64.478,-9.48,0.020,0.079,idle
64.498,-9.47,0.021,0.072,idle
64.518,-9.40,0.021,0.069,idle
64.538,-9.47,0.020,0.078,idle
64.558,-9.44,0.021,0.071,idle
64.578,-9.44,0.020,0.068,idle
64.598,-9.48,0.020,0.077,idle
64.618,-9.41,0.021,0.073,idle
64.638,-9.44,0.020,0.069,idle
64.658,-9.49,0.021,0.077,idle
64.678,-9.40,0.020,0.074,idle
64.698,-9.41,0.020,0.068,idle
64.718,-9.48,0.020,0.075,idle
64.738,-9.36,0.021,0.076,idle
64.758,-9.37,0.020,0.069,idle
64.778,-9.48,0.020,0.074,idle
64.798,-9.48,0.020,0.078,idle
64.818,-9.48,0.020,0.070,idle
64.838,-9.51,0.021,0.077,idle
64.858,-9.41,0.020,0.076,idle
64.878,-9.41,0.020,0.069,idle
64.898,-9.50,0.020,0.072,idle
64.918,-9.61,0.020,0.072,idle
64.938,-9.54,0.021,0.081,idle
64.958,-9.51,0.020,0.070,idle
64.978,-9.53,0.021,0.070,idle
64.998,-9.59,0.020,0.078,idle
65.018,-9.53,0.020,0.073,idle
65.038,-9.55,0.020,0.069,idle
65.058,-9.63,0.021,0.077,idle
65.078,-9.57,0.020,0.071,idle
65.098,-9.59,0.021,0.070,idle
65.118,-9.57,0.021,0.077,idle
65.138,-9.61,0.020,0.073,idle
65.158,-9.61,0.021,0.070,idle
65.178,-9.64,0.020,0.076,idle
65.198,-9.55,0.020,0.074,idle
65.218,-9.66,0.020,0.071,idle
65.238,-9.64,0.020,0.075,idle
65.258,-9.55,0.020,0.077,idle
65.278,-9.57,0.020,0.069,idle
65.298,-9.63,0.021,0.073,idle
65.318,-9.51,0.020,0.079,idle
65.338,-9.53,0.020,0.060,idle
65.358,-9.58,0.020,0.072,idle
65.378,-9.48,0.019,0.083,idle
65.398,-9.50,0.020,0.077,idle
65.418,-9.49,0.021,0.070,idle
65.438,-9.58,0.020,0.073,idle
65.458,-9.53,0.020,0.074,idle
65.478,-9.47,0.021,0.079,idle
65.498,-9.58,0.020,0.069,idle
65.518,-9.57,0.020,0.075,idle
65.538,-9.52,0.020,0.076,idle
65.558,-9.56,0.020,0.070,idle
65.578,-9.61,0.020,0.073,idle
65.598,-9.54,0.020,0.074,idle
65.618,-9.57,0.021,0.077,idle
65.638,-9.63,0.020,0.071,idle
65.658,-9.55,0.021,0.075,idle
65.678,-9.55,0.020,0.074,idle
65.698,-9.62,0.020,0.076,idle
65.718,-9.52,0.020,0.070,idle
65.738,-9.55,0.020,0.073,idle
65.758,-9.64,0.021,0.076,idle
65.778,-9.52,0.021,0.073,idle
65.798,-9.53,0.021,0.071,idle
65.818,-9.62,0.021,0.074,idle
65.838,-9.54,0.020,0.076,idle
65.858,-9.54,0.020,0.070,idle
65.878,-9.61,0.020,0.073,idle
65.898,-9.52,0.020,0.075,idle
65.918,-9.42,0.020,0.075,idle
65.938,-9.52,0.020,0.070,idle
65.958,-9.50,0.021,0.073,idle
65.978,-9.51,0.021,0.074,idle
65.998,-9.53,0.020,0.072,idle
66.018,-9.53,0.020,0.074,idle
66.038,-9.57,0.021,0.080,idle
66.058,-9.47,0.020,0.070,idle
66.078,-9.57,0.020,0.072,idle
66.098,-9.57,0.020,0.078,idle
66.118,-9.57,0.021,0.071,idle
66.138,-9.46,0.020,0.073,idle
66.158,-9.56,0.021,0.076,idle
66.178,-9.51,0.021,0.072,idle
66.198,-9.51,0.020,0.071,idle
66.218,-9.49,0.020,0.077,idle
66.238,-9.50,0.021,0.075,idle
66.258,-9.49,0.020,0.072,idle
66.278,-9.54,0.020,0.074,idle
66.298,-9.46,0.020,0.078,idle
66.318,-9.47,0.021,0.068,idle
66.338,-9.53,0.020,0.076,idle
66.358,-9.42,0.020,0.071,idle
66.378,-9.43,0.020,0.072,idle
66.398,-9.53,0.021,0.075,idle
66.418,-9.53,0.020,0.073,idle
66.438,-9.44,0.021,0.072,idle
66.458,-9.49,0.020,0.075,idle
66.478,-9.56,0.020,0.075,idle
66.498,-9.47,0.021,0.072,idle
66.518,-9.46,0.020,0.075,idle
66.538,-9.53,0.020,0.074,idle
66.558,-9.50,0.020,0.075,idle
66.578,-9.43,0.020,0.074,idle
66.598,-9.55,0.020,0.072,idle
66.618,-9.52,0.021,0.075,idle
66.638,-9.44,0.021,0.073,idle
66.658,-9.45,0.021,0.072,idle
66.678,-9.53,0.020,0.074,idle
66.698,-9.45,0.020,0.077,idle
66.718,-9.46,0.020,0.069,idle
66.738,-9.54,0.021,0.077,idle
66.758,-9.45,0.020,0.070,idle
66.778,-9.52,0.020,0.072,idle
66.798,-9.60,0.021,0.075,idle
66.818,-9.51,0.020,0.071,idle
66.838,-9.51,0.021,0.073,idle
66.858,-9.60,0.020,0.075,idle
66.878,-9.52,0.020,0.075,idle
66.898,-9.59,0.021,0.074,idle
66.918,-9.67,0.020,0.072,idle
66.938,-9.58,0.020,0.079,idle
66.958,-9.60,0.020,0.069,idle
66.978,-9.62,0.021,0.073,idle
66.998,-9.56,0.020,0.075,idle
67.018,-9.56,0.020,0.070,idle
67.038,-9.53,0.021,0.073,idle
67.058,-9.61,0.020,0.074,idle
67.078,-9.50,0.021,0.075,idle
67.098,-9.50,0.021,0.073,idle
67.118,-9.58,0.020,0.073,idle
67.138,-9.57,0.021,0.075,idle
67.158,-9.48,0.021,0.072,idle
67.178,-9.59,0.020,0.073,idle
67.198,-9.60,0.021,0.072,idle
67.218,-9.53,0.020,0.075,idle
67.238,-9.56,0.020,0.073,idle
67.258,-9.61,0.020,0.079,idle
67.278,-9.55,0.021,0.071,idle
67.298,-9.59,0.021,0.073,idle
67.318,-9.65,0.020,0.073,idle
67.338,-9.56,0.020,0.074,idle
67.358,-9.56,0.020,0.073,idle
67.378,-9.64,0.021,0.079,idle
67.398,-9.58,0.021,0.072,idle
67.418,-9.58,0.020,0.074,idle
67.438,-9.64,0.020,0.072,idle
67.458,-9.60,0.020,0.078,idle
67.478,-9.52,0.020,0.068,idle
67.498,-9.64,0.021,0.074,idle
67.518,-9.65,0.020,0.076,idle
67.538,-9.60,0.020,0.069,idle
67.558,-9.73,0.021,0.074,idle
67.578,-9.75,0.021,0.075,idle
67.598,-9.66,0.020,0.070,idle
67.618,-9.68,0.021,0.074,idle
67.638,-9.68,0.020,0.073,idle
67.658,-9.76,0.020,0.073,idle
67.678,-9.70,0.021,0.074,idle
67.698,-9.79,0.021,0.074,idle
67.718,-9.78,0.021,0.079,idle
67.738,-9.69,0.020,0.066,idle
67.758,-9.78,0.020,0.075,idle
67.778,-9.72,0.020,0.077,idle
67.798,-9.71,0.020,0.067,idle
67.818,-9.79,0.021,0.074,idle
67.838,-9.80,0.021,0.076,idle
67.858,-9.70,0.021,0.068,idle
67.878,-9.79,0.019,0.076,idle
67.898,-9.81,0.020,0.078,idle
67.918,-9.74,0.022,0.071,idle
67.938,-9.77,0.022,0.074,idle
67.958,-9.78,0.020,0.072,idle
67.978,-9.76,0.020,0.073,idle
67.998,-9.74,0.020,0.076,idle
68.018,-9.77,0.020,0.078,idle
68.038,-9.76,0.021,0.073,idle
68.058,-9.73,0.020,0.074,idle
68.078,-9.75,0.021,0.074,idle
68.098,-9.76,0.021,0.073,idle
68.118,-9.74,0.021,0.075,idle
68.138,-9.78,0.020,0.077,idle
68.158,-9.79,0.021,0.065,idle
68.178,-9.75,0.020,0.084,idle
68.198,-9.76,0.020,0.059,idle
68.218,-9.82,0.021,0.074,idle
68.238,-9.28,0.020,0.086,idle
68.258,-9.05,0.020,0.058,idle
68.278,-8.91,0.020,0.079,idle
68.298,-8.84,0.020,0.084,idle
68.318,-8.69,0.020,0.059,idle
68.338,-5.63,0.020,0.073,idle
68.358,-3.48,0.020,0.081,idle
68.378,-0.24,0.020,0.074,idle
68.398,0.17,0.021,0.070,idle
68.418,0.26,0.020,0.079,idle
68.438,0.37,0.020,0.063,idle
68.458,0.47,0.020,0.075,idle
68.478,0.55,0.021,0.079,idle
68.498,0.66,0.021,0.063,idle
68.518,0.77,0.021,0.075,idle
68.538,0.88,0.021,0.080,idle
68.558,1.08,0.020,0.063,idle
68.578,1.15,0.021,0.075,idle
68.598,1.27,0.020,0.079,idle
68.618,1.37,0.021,0.063,idle
68.638,1.40,0.020,0.075,idle
68.658,1.55,0.021,0.080,idle
68.678,1.67,0.020,0.061,idle
68.698,1.76,0.079,0.075,idle
68.718,1.84,0.402,0.083,idle
68.738,1.93,0.176,0.060,idle
68.758,2.01,0.110,0.074,idle
68.778,2.11,0.080,0.082,idle
68.798,2.23,0.063,0.059,idle
68.818,2.33,0.052,1.533,idle
68.838,2.39,0.045,1.593,idle
68.858,2.48,0.039,1.241,idle
68.878,2.66,0.036,0.154,idle
68.898,2.77,0.035,0.077,idle
68.918,2.86,0.034,0.082,idle
68.938,3.00,0.033,0.060,idle
68.958,3.03,0.032,0.074,idle
68.978,3.13,0.032,0.086,idle
68.998,3.23,0.033,0.059,idle
69.018,3.36,0.033,0.075,idle
69.038,3.38,0.033,0.076,idle
69.058,3.50,0.032,0.081,idle
69.078,3.61,0.032,0.061,idle
69.098,3.70,0.030,0.077,idle
69.118,3.85,0.030,0.082,idle
69.138,3.90,0.031,0.060,idle
69.158,3.99,0.030,0.076,idle
69.178,4.10,0.030,0.083,idle
69.198,4.16,0.030,0.060,idle
69.218,4.33,0.030,0.074,idle
69.238,3.92,0.031,0.087,idle
69.258,3.80,0.032,0.059,idle
69.278,3.76,0.033,0.077,idle
69.298,3.80,0.034,0.082,idle
69.318,3.73,0.034,0.064,idle
69.338,0.75,0.034,0.077,idle
69.358,-1.33,0.033,0.076,idle
69.378,-4.47,0.032,0.068,idle
69.398,-4.74,0.032,0.077,idle
69.418,-4.73,0.031,0.074,idle
69.438,-4.68,0.032,0.071,idle
69.458,-4.70,0.032,0.077,idle
69.478,-4.78,0.031,0.076,idle
69.498,-4.67,0.031,0.075,idle
69.518,-4.67,0.031,0.069,idle
69.538,-4.73,0.031,0.078,idle
69.558,-4.72,0.032,0.074,idle
69.578,-4.68,0.033,0.076,idle
69.598,-4.75,0.033,0.073,idle
69.618,-4.76,0.032,0.078,idle
69.638,-4.69,0.032,0.063,idle
69.658,-4.77,0.031,0.077,idle
69.678,-4.77,0.031,0.080,idle
69.698,-4.71,0.032,0.060,idle
69.718,-4.73,0.032,0.075,idle
69.738,-4.75,0.032,0.080,idle
69.758,-4.67,0.032,0.061,idle
69.778,-4.70,0.031,0.076,idle
69.798,-4.66,0.031,0.083,idle
69.818,-4.62,0.031,0.059,idle
69.838,-4.61,0.031,0.076,idle
69.858,-4.60,0.032,0.085,idle
69.878,-4.66,0.032,0.060,idle
69.898,-4.62,0.033,0.074,idle
69.918,-4.61,0.033,0.072,idle
69.938,-4.64,0.031,0.075,idle
69.958,-4.58,0.032,0.084,idle
69.978,-4.60,0.032,0.059,idle
69.998,-4.57,0.032,0.074,idle
70.018,-4.61,0.032,0.087,idle
70.038,-4.56,0.032,0.059,idle
70.058,-4.54,0.033,0.075,idle
70.078,-4.61,0.032,0.084,idle
70.098,-4.62,0.031,0.059,idle
70.118,-4.63,0.032,0.074,idle
70.138,-4.57,0.031,0.079,idle
70.158,-4.60,0.032,0.077,idle
70.178,-4.58,0.032,0.063,idle
70.198,-4.57,0.032,0.079,idle
70.218,-4.58,0.031,0.076,idle
70.238,-4.59,0.031,0.062,idle
70.258,-4.58,0.031,0.079,idle
70.278,-4.58,0.032,0.074,idle
70.298,-4.62,0.031,0.066,idle
70.318,-4.57,0.032,0.078,idle
70.338,-4.56,0.032,0.074,idle
70.358,-4.61,0.032,0.067,idle
70.378,-4.55,0.032,0.078,idle
70.398,-4.57,0.032,0.071,idle
70.418,-4.58,0.032,0.077,idle
70.438,-4.64,0.032,0.062,idle
70.458,-4.66,0.032,0.079,idle
70.478,-4.56,0.033,0.076,idle
70.498,-4.59,0.033,0.063,idle
70.518,-4.64,0.033,0.079,idle
70.538,-4.56,0.032,0.074,idle
70.558,-4.56,0.032,0.067,idle
70.578,-4.58,0.031,0.081,idle
70.598,-4.54,0.031,0.072,idle
70.618,-4.57,0.032,0.071,idle
70.638,-4.53,0.032,0.081,idle
70.658,-4.50,0.033,0.060,idle
70.678,-4.52,0.032,0.078,idle
70.698,-4.51,0.031,0.078,idle
70.718,-4.54,0.032,0.062,idle
70.738,-4.56,0.031,0.077,idle
70.758,-4.56,0.031,0.075,idle
70.778,-4.58,0.032,0.064,idle
70.798,-4.63,0.032,0.078,idle
70.818,-4.58,0.032,0.074,idle
70.838,-4.62,0.032,0.067,idle
70.858,-4.65,0.032,0.081,idle
70.878,-4.59,0.032,0.074,idle
70.898,-4.62,0.031,0.076,idle
70.918,-4.65,0.032,0.066,idle
70.938,-4.68,0.031,0.080,idle
70.958,-4.66,0.033,0.070,idle
70.978,-4.64,0.032,0.073,idle
70.998,-4.71,0.032,0.080,idle
71.018,-4.69,0.033,0.059,idle
71.038,-4.67,0.033,0.079,idle
71.058,-4.77,0.032,0.078,idle
71.078,-4.72,0.032,0.063,idle
71.098,-4.72,0.032,0.079,idle
71.118,-4.70,0.032,0.075,idle
71.138,-4.73,0.031,0.064,idle
71.158,-4.74,0.031,0.079,idle
71.178,-4.72,0.036,0.073,idle
71.198,-4.70,0.043,0.067,idle
71.218,-4.75,0.032,0.080,idle
71.238,-4.75,0.032,0.075,idle
71.258,-4.72,0.032,0.068,idle
71.278,-4.70,0.031,0.080,idle
71.298,-4.69,0.032,0.075,idle
71.318,-4.70,0.032,0.064,idle
71.338,-4.71,0.032,0.081,idle
71.358,-4.65,0.031,0.072,idle
71.378,-4.66,0.032,0.069,idle
71.398,-4.69,0.032,0.074,idle
71.418,-4.68,0.033,0.080,idle
71.438,-4.67,0.033,0.059,idle
71.458,-4.63,0.032,0.074,idle
71.478,-4.69,0.032,0.084,idle
71.498,-4.68,0.032,0.060,idle
71.518,-4.64,0.032,0.074,idle
71.538,-4.68,0.032,0.083,idle
71.558,-4.69,0.032,0.059,idle
71.578,-4.69,0.033,0.080,idle
71.598,-4.71,0.033,0.075,idle
71.618,-4.66,0.032,0.062,idle
71.638,-4.74,0.033,0.079,idle
71.658,-4.74,0.033,0.075,idle
71.678,-4.69,0.033,0.063,idle
71.698,-4.73,0.033,0.079,idle
71.718,-4.73,0.032,0.072,idle
71.738,-4.71,0.032,0.073,idle
71.758,-4.74,0.033,0.076,idle
71.778,-4.74,0.032,0.068,idle
71.798,-4.68,0.032,0.082,idle
71.818,-4.72,0.032,0.070,idle
71.838,-4.72,0.032,0.073,idle
71.858,-4.71,0.033,0.067,idle
71.878,-4.70,0.033,0.082,idle
71.898,-4.69,0.033,0.070,idle
71.918,-4.65,0.032,0.079,idle
71.938,-4.59,0.032,0.059,idle
71.958,-4.63,0.032,0.079,idle
71.978,-4.64,0.032,0.076,idle
71.998,-4.56,0.032,0.060,idle
72.018,-4.59,0.031,0.079,idle
72.038,-4.60,0.032,0.076,idle
72.058,-4.53,0.032,0.061,idle
72.078,-4.57,0.032,0.080,idle
72.098,-4.52,0.032,0.074,idle
72.118,-4.57,0.032,0.064,idle
72.138,-4.58,0.032,0.080,idle
72.158,-4.52,0.033,0.073,idle
72.178,-4.58,0.032,0.065,idle
72.198,-4.61,0.032,0.083,idle
72.218,-4.58,0.032,0.072,idle
72.238,-4.61,0.032,0.068,idle
72.258,-4.67,0.032,0.082,idle
72.278,-4.68,0.032,0.073,idle
72.298,-4.66,0.033,0.067,idle
72.318,-4.67,0.032,0.079,idle
72.338,-4.67,0.033,0.079,idle
72.358,-4.70,0.033,0.060,idle
72.378,-4.71,0.034,0.078,idle
72.398,-4.66,0.033,0.078,idle
72.418,-4.68,0.033,0.059,idle
72.438,-4.68,0.033,0.079,idle
72.458,-4.79,0.033,0.077,idle
72.478,-4.75,0.032,0.059,idle
72.498,-4.78,0.032,0.081,idle
72.518,-4.76,0.032,0.076,idle
72.538,-4.81,0.032,0.062,idle
72.558,-4.80,0.032,0.081,idle
72.578,-4.83,0.033,0.074,idle
72.598,-4.83,0.032,0.063,idle
72.618,-4.84,0.032,0.081,idle
72.638,-4.80,0.032,0.073,idle
72.658,-4.86,0.033,0.065,idle
72.678,-4.86,0.033,0.082,idle
72.698,-4.81,0.032,0.073,idle
72.718,-4.78,0.031,0.068,idle
72.738,-4.78,0.031,0.080,idle
72.758,-4.68,0.032,0.074,idle
72.778,-4.65,0.032,0.060,idle
72.798,-4.72,0.032,0.080,idle
72.818,-4.69,0.032,0.073,idle
72.838,-4.64,0.032,0.063,idle
72.858,-4.68,0.033,0.082,idle
72.878,-4.68,0.032,0.073,idle
72.898,-4.66,0.032,0.071,idle
72.918,-4.74,0.032,0.070,idle
72.938,-4.74,0.032,0.085,idle
72.958,-4.78,0.031,0.059,idle
72.978,-4.82,0.032,0.076,idle
72.998,-4.82,0.032,0.074,idle
73.018,-4.81,0.033,0.086,idle
73.038,-4.83,0.032,0.059,idle
73.058,-4.83,0.033,0.079,idle
73.078,-4.80,0.033,0.081,idle
73.098,-4.80,0.033,0.059,idle
73.118,-4.79,0.033,0.075,idle
73.138,-4.83,0.033,0.087,idle
73.158,-4.82,0.033,0.061,idle
73.178,-4.85,0.032,0.072,idle
73.198,-4.80,0.031,0.077,idle
73.218,-4.80,0.032,0.083,idle
73.238,-4.80,0.033,0.060,idle
73.258,-4.72,0.032,0.077,idle
73.278,-4.75,0.031,0.082,idle
73.298,-4.79,0.032,0.059,idle
73.318,-4.71,0.032,0.075,idle
73.338,-4.76,0.033,0.083,idle
73.358,-4.77,0.032,0.059,idle
73.378,-4.71,0.032,0.076,idle
73.398,-4.76,0.032,0.087,idle
73.418,-4.75,0.032,0.059,idle
73.438,-4.74,0.032,0.083,idle
73.458,-4.64,0.032,0.084,idle
73.478,-4.66,0.032,0.057,idle
73.498,-4.69,0.031,0.073,idle
73.518,-4.68,0.032,0.073,idle
73.538,-4.63,0.033,0.077,idle
73.558,-4.70,0.033,0.084,idle
73.578,-4.66,0.033,0.057,idle
73.598,-4.68,0.031,0.074,idle
73.618,-4.69,0.032,0.088,idle
73.638,-4.79,0.033,0.060,idle
73.658,-4.70,0.032,0.081,idle
73.678,-4.80,0.032,0.075,idle
73.698,-4.82,0.032,0.060,idle
73.718,-4.88,0.032,0.081,idle
73.738,-4.91,0.032,0.074,idle
73.758,-4.95,0.033,0.062,idle
73.778,-4.93,0.032,0.083,idle
73.798,-4.95,0.033,0.073,idle
73.818,-4.95,0.033,0.064,idle
73.838,-4.94,0.032,0.084,idle
73.858,-4.89,0.033,0.071,idle
73.878,-4.93,0.032,0.079,idle
73.898,-4.96,0.031,0.061,idle
73.918,-4.85,0.032,0.081,idle
73.938,-4.86,0.032,0.073,idle
73.958,-4.86,0.032,0.062,idle
73.978,-4.79,0.032,0.082,idle
73.998,-4.77,0.032,0.074,idle
74.018,-4.84,0.032,0.064,idle
74.038,-4.82,0.032,0.083,idle
74.058,-4.83,0.032,0.072,idle
74.078,-4.92,0.032,0.070,idle
74.098,-4.94,0.032,0.074,idle
74.118,-4.97,0.031,0.087,idle
74.138,-4.90,0.031,0.060,idle
74.158,-4.90,0.032,0.081,idle
74.178,-4.87,0.032,0.067,idle
74.198,-4.87,0.032,0.077,idle
74.218,-4.86,0.032,0.080,idle
74.238,-4.89,0.033,0.059,idle
74.258,-4.89,0.033,0.075,idle
74.278,-4.91,0.032,0.085,idle
74.298,-4.95,0.032,0.060,idle
74.318,-4.99,0.032,0.075,idle
74.338,-4.96,0.032,0.074,idle
74.358,-4.93,0.032,0.079,idle
74.378,-5.00,0.032,0.081,idle
74.398,-4.96,0.033,0.058,idle
74.418,-5.02,0.033,0.077,idle
74.438,-4.97,0.032,0.083,idle
74.458,-5.05,0.034,0.059,idle
74.478,-5.03,0.033,0.075,idle
74.498,-4.98,0.033,0.087,idle
74.518,-5.09,0.032,0.060,idle
74.538,-5.06,0.032,0.078,idle
74.558,-5.04,0.032,0.084,idle
74.578,-5.01,0.032,0.058,idle
74.598,-4.95,0.032,0.080,idle
74.618,-5.02,0.033,0.076,idle
74.638,-4.90,0.034,0.059,idle
74.658,-4.92,0.033,0.079,idle
74.678,-4.89,0.033,0.076,idle
74.698,-4.87,0.033,0.060,idle
74.718,-4.84,0.032,0.082,idle
74.738,-4.78,0.031,0.074,idle
74.758,-4.84,0.032,0.063,idle
74.778,-4.86,0.031,0.085,idle
74.798,-4.77,0.031,0.073,idle
74.818,-4.83,0.033,0.075,idle
74.838,-4.83,0.032,0.064,idle
74.858,-4.83,0.032,0.084,idle
74.878,-4.86,0.033,0.071,idle
74.898,-4.81,0.033,0.071,idle
74.918,-4.86,0.033,0.076,idle
74.938,-4.95,0.033,0.084,idle
74.958,-4.87,0.032,0.059,idle
74.978,-4.94,0.032,0.075,idle
74.998,-4.97,0.032,0.084,idle
75.017,-4.93,0.032,0.058,idle
75.037,-4.93,0.032,0.081,idle
75.057,-4.89,0.033,0.075,idle
75.077,-4.83,0.033,0.060,idle
75.097,-4.83,0.033,0.082,idle
75.117,-4.77,0.033,0.074,idle
75.137,-4.82,0.033,0.063,idle
75.157,-4.80,0.033,0.083,idle
75.177,-4.77,0.033,0.072,idle
75.197,-4.85,0.032,0.080,idle
75.217,-4.82,0.032,0.059,idle
75.237,-4.76,0.032,0.081,idle
75.257,-4.80,0.031,0.078,idle
75.277,-4.83,0.032,0.058,idle
75.297,-4.73,0.032,0.082,idle
75.317,-4.74,0.033,0.076,idle
75.337,-4.81,0.032,0.059,idle
75.357,-4.78,0.032,0.081,idle
75.377,-4.79,0.033,0.072,idle
75.397,-4.85,0.032,0.062,idle
75.417,-4.77,0.032,0.085,idle
75.437,-4.80,0.032,0.071,idle
75.457,-4.80,0.032,0.078,idle
75.477,-4.78,0.032,0.058,idle
75.497,-4.81,0.032,0.081,idle
75.517,-4.79,0.032,0.076,idle
75.537,-4.79,0.032,0.059,idle
75.557,-4.80,0.033,0.081,idle
75.577,-4.89,0.033,0.074,idle
75.597,-4.87,0.033,0.059,idle
75.617,-4.86,0.033,0.084,idle
75.637,-4.86,0.033,0.072,idle
75.657,-4.89,0.032,0.061,idle
75.677,-4.82,0.032,0.085,idle
75.697,-4.81,0.032,0.072,idle
75.717,-4.82,0.032,0.076,idle
75.737,-4.83,0.032,0.061,idle
75.757,-4.76,0.032,0.084,idle
75.777,-4.81,0.033,0.073,idle
75.797,-4.80,0.033,0.062,idle
75.817,-4.76,0.033,0.084,idle
75.837,-4.85,0.033,0.068,idle
75.857,-4.82,0.033,0.068,idle
75.877,-4.84,0.032,0.080,idle
75.897,-4.88,0.032,0.075,idle
75.917,-4.86,0.031,0.060,idle
75.937,-4.77,0.032,0.083,idle
75.957,-4.81,0.032,0.072,idle
75.977,-4.78,0.032,0.062,idle
75.997,-4.78,0.032,0.085,idle
76.017,-4.77,0.032,0.070,idle
76.037,-4.76,0.032,0.068,idle
76.057,-4.76,0.033,0.084,idle
76.077,-4.77,0.032,0.071,idle
76.097,-4.76,0.032,0.080,idle
76.117,-4.78,0.032,0.059,idle
76.137,-4.79,0.032,0.080,idle
76.157,-4.81,0.032,0.075,idle
76.177,-4.81,0.032,0.060,idle
76.197,-4.83,0.032,0.080,idle
76.217,-4.84,0.032,0.074,idle
76.237,-4.84,0.032,0.059,idle
76.257,-4.90,0.033,0.083,idle
76.277,-4.82,0.033,0.073,idle
76.297,-4.84,0.033,0.061,idle
76.317,-4.90,0.033,0.085,idle
76.337,-4.81,0.033,0.069,idle
76.357,-4.82,0.033,0.072,idle
76.377,-4.83,0.033,0.081,idle
76.397,-4.77,0.032,0.079,idle
76.417,-4.80,0.032,0.060,idle
76.437,-4.87,0.032,0.080,idle
76.457,-4.78,0.032,0.077,idle
76.477,-4.87,0.033,0.059,idle
76.497,-4.89,0.033,0.080,idle
76.517,-4.80,0.033,0.075,idle
76.537,-4.81,0.033,0.059,idle
76.557,-4.80,0.033,0.081,idle
76.577,-4.72,0.032,0.072,idle
76.597,-4.72,0.032,0.060,idle
76.617,-4.74,0.032,0.084,idle
76.637,-4.74,0.032,0.072,idle
76.657,-4.72,0.031,0.063,idle
76.677,-4.82,0.032,0.084,idle
76.697,-4.82,0.032,0.074,idle
76.717,-4.79,0.032,0.060,idle
76.737,-2.55,0.033,0.083,idle
76.757,1.30,0.033,0.072,idle
76.777,-4.03,0.033,0.063,idle
76.797,-4.05,0.032,0.083,idle
76.817,-4.05,0.032,0.074,idle
76.837,-3.92,0.033,0.060,idle
76.857,-3.93,0.032,0.083,idle
76.877,-3.91,0.032,0.072,idle
76.897,-3.82,0.031,0.063,idle
76.917,-3.79,0.032,0.086,idle
76.937,-3.86,0.032,0.071,idle
76.957,-3.78,0.032,0.071,idle
76.977,-3.79,0.032,0.080,idle
76.997,-3.75,0.033,0.076,idle
77.017,-3.73,0.033,0.059,idle
77.037,-3.71,0.033,0.081,idle
77.057,-3.69,0.032,0.075,idle
77.077,-3.69,0.033,0.059,idle
77.097,-3.68,0.032,0.082,idle
77.117,-3.65,0.032,0.074,idle
77.137,-3.62,0.034,0.060,idle
77.157,-3.60,0.054,0.086,idle
77.177,-3.56,0.084,0.071,idle
77.197,-3.51,0.089,0.082,idle
77.217,-3.48,0.083,1.211,idle
77.237,-3.44,0.086,2.309,idle
77.257,-3.35,0.089,4.913,idle
77.277,-3.36,0.090,0.060,idle
77.297,-3.44,0.092,0.082,idle
77.317,-3.32,0.092,0.074,idle
77.337,-3.39,0.090,0.059,idle
77.357,-3.44,0.090,0.084,idle
77.377,-3.32,0.094,0.073,idle
77.397,-3.29,0.095,0.059,idle
77.417,-3.12,0.097,0.085,idle
77.437,-2.88,0.101,0.070,idle
77.457,-2.74,0.102,0.080,idle
77.477,-2.52,0.092,0.060,idle
77.497,-2.33,0.089,0.078,idle
77.517,-2.18,0.092,0.076,idle
77.537,-2.05,0.088,0.058,idle
77.557,-1.86,0.090,0.081,idle
77.577,-1.73,0.095,0.075,idle
77.597,-1.59,0.093,0.058,idle
77.617,-1.39,0.099,0.081,idle
77.637,-1.27,0.094,0.073,idle
77.657,-1.09,0.101,0.058,idle
77.677,-0.85,0.096,0.083,idle
77.697,-0.72,0.101,0.071,idle
77.717,-0.55,0.094,0.073,idle
77.737,-2.64,0.100,0.074,idle
77.757,-6.36,0.095,0.061,idle
77.777,-0.82,0.094,0.087,idle
77.797,-0.68,0.090,0.069,idle
77.817,-0.51,0.088,0.070,idle
77.837,-0.41,0.094,0.082,idle
77.857,-0.29,0.091,0.072,idle
77.877,-0.09,0.092,0.059,idle
77.897,-0.00,0.092,0.049,idle
77.917,0.13,0.089,0.048,idle
77.937,0.36,0.093,0.048,idle
77.957,0.47,0.091,0.049,idle
77.977,0.66,0.089,0.048,idle
77.997,0.78,0.093,0.049,idle
78.017,0.94,0.089,0.049,idle
78.037,1.05,0.092,0.049,idle
78.057,1.17,0.092,0.048,idle
78.077,1.38,0.089,0.048,idle
78.097,1.52,0.093,0.048,idle
78.117,1.64,0.091,0.048,idle
78.137,1.84,0.089,0.048,idle
78.157,1.95,0.093,0.048,idle
78.177,2.06,0.089,0.048,idle
78.197,2.27,0.091,0.048,idle
78.217,2.36,0.092,0.048,idle
78.237,2.51,0.088,0.048,idle
78.257,2.65,0.092,0.048,idle
78.277,2.79,0.089,0.049,idle
78.297,3.02,0.091,0.048,idle
78.317,3.14,0.092,0.049,idle
78.337,3.35,0.089,0.048,idle
78.357,3.54,0.093,0.048,idle
78.377,3.65,0.092,0.048,idle
78.397,3.74,0.088,0.049,idle
78.417,3.74,0.093,0.047,idle
78.437,3.74,0.091,0.046,idle
78.457,3.73,0.090,0.047,idle
78.477,3.73,0.093,0.047,idle
78.497,3.72,0.088,0.047,idle
78.517,3.72,0.091,0.047,idle
78.537,3.71,0.092,0.048,idle
78.557,3.70,0.089,0.046,idle
78.577,3.74,0.093,0.047,idle
78.597,3.75,0.090,0.047,idle
78.617,3.77,0.092,0.048,idle
78.637,3.78,0.094,0.049,idle
78.657,3.75,0.089,0.048,idle
78.677,3.76,0.093,0.047,idle
78.697,3.77,0.092,0.046,idle
78.717,3.77,0.090,0.046,idle
78.737,3.76,0.093,0.046,idle
78.757,3.78,0.089,0.046,idle
78.777,3.77,0.092,0.047,idle
78.797,3.79,0.093,0.048,idle
78.817,3.79,0.089,0.047,idle
78.837,3.80,0.092,0.046,idle
78.857,3.82,0.091,0.047,idle
78.877,3.82,0.089,0.047,idle
78.897,3.82,0.093,0.047,idle
78.917,3.81,0.090,0.047,idle
78.937,3.80,0.092,0.047,idle
78.957,3.78,0.092,0.046,idle
78.977,3.77,0.089,0.047,idle
78.997,3.76,0.092,0.046,idle
79.017,3.78,0.091,0.047,idle
79.037,3.80,0.090,0.048,idle
79.057,3.81,0.093,0.049,idle
79.077,3.80,0.091,0.047,idle
79.097,3.80,0.091,0.047,idle
79.117,3.80,0.092,0.046,idle
79.137,3.79,0.088,0.048,idle
79.157,3.77,0.092,0.048,idle
79.177,3.79,0.092,0.046,idle
79.197,3.77,0.091,0.048,idle
79.217,3.78,0.092,0.047,idle
79.237,3.76,0.089,0.046,idle
79.257,3.75,0.092,0.048,idle
79.277,3.75,0.092,0.047,idle
79.297,3.75,0.089,0.047,idle
79.317,3.74,0.093,0.048,idle
79.337,3.75,0.090,0.047,idle
79.357,3.74,0.090,0.048,idle
79.377,3.74,0.093,0.048,idle
79.397,3.74,0.088,0.049,idle
79.417,3.75,0.093,0.046,idle
79.437,3.75,0.092,0.048,idle
79.457,3.75,0.089,0.047,idle
79.477,3.75,0.093,0.048,idle
79.497,3.75,0.091,0.047,idle
79.517,3.76,0.091,0.047,idle
79.537,3.78,0.092,0.047,idle
79.557,3.79,0.089,0.047,idle
79.577,3.77,0.093,0.047,idle
79.597,3.77,0.091,0.046,idle
79.617,3.76,0.088,0.047,idle
79.637,3.77,0.093,0.048,idle
79.657,3.81,0.089,0.047,idle
79.677,3.80,0.091,0.048,idle
79.697,3.79,0.092,0.047,idle
79.717,3.81,0.090,0.048,idle
79.737,3.80,0.092,0.048,idle
79.757,3.80,0.092,0.047,idle
79.777,3.80,0.090,0.046,idle
79.797,3.78,0.092,0.047,idle
79.817,3.77,0.090,0.047,idle
79.837,3.76,0.091,0.047,idle
79.857,3.76,0.092,0.047,idle
79.877,3.76,0.091,0.048,idle
79.897,3.76,0.093,0.047,idle
79.917,3.76,0.089,0.048,idle
79.937,3.77,0.090,0.048,idle
79.957,3.78,0.093,0.047,idle
79.977,3.79,0.091,0.046,idle
79.997,3.79,0.092,0.046,idle
80.017,3.79,0.093,0.046,idle
80.037,3.78,0.089,0.047,idle
80.057,3.77,0.094,0.049,idle
80.077,3.76,0.091,0.050,idle
80.097,3.76,0.089,0.049,idle
80.117,3.74,0.093,0.047,idle
80.137,3.74,0.090,0.047,idle
80.157,3.74,0.091,0.048,idle
80.177,3.74,0.092,0.048,idle
80.197,3.74,0.089,0.047,idle
80.217,3.74,0.092,0.047,idle
80.237,3.73,0.091,0.047,idle
80.257,3.71,0.090,0.047,idle
80.277,3.71,0.094,0.047,idle
80.297,3.69,0.089,0.047,idle
80.317,3.67,0.092,0.047,idle
80.337,3.66,0.093,0.047,idle
80.357,3.65,0.089,0.047,idle
80.377,3.65,0.093,0.047,idle
80.397,3.65,0.091,0.048,idle
80.417,3.65,0.090,0.048,idle
80.437,3.65,0.092,0.047,idle
80.457,3.65,0.088,0.047,idle
80.477,3.65,0.091,0.047,idle
80.497,3.65,0.092,0.048,idle
80.517,3.66,0.088,0.047,idle
80.537,3.66,0.092,0.047,idle
80.557,3.67,0.090,0.048,idle
80.577,3.66,0.090,0.047,idle
80.597,3.67,0.093,0.048,idle
80.617,3.66,0.089,0.047,idle
80.637,3.64,0.091,0.047,idle
80.657,3.63,0.092,0.047,idle
80.677,3.63,0.089,0.048,idle
80.697,3.61,0.093,0.047,idle
80.717,3.60,0.091,0.048,idle
80.737,3.61,0.090,0.048,idle
80.757,3.61,0.093,0.047,idle
80.777,3.61,0.089,0.047,idle
80.797,3.61,0.092,0.047,idle
80.817,3.62,0.092,0.046,idle
80.837,3.62,0.089,0.047,idle
80.857,3.62,0.093,0.046,idle
80.877,3.61,0.089,0.047,idle
80.897,3.61,0.090,0.045,idle
80.917,3.62,0.093,0.046,idle
80.937,3.61,0.088,0.047,idle
80.957,3.60,0.091,0.047,idle
80.977,3.59,0.092,0.046,idle
80.997,3.59,0.088,0.046,idle
81.017,3.59,0.092,0.045,idle
81.037,3.59,0.090,0.045,idle
81.057,3.60,0.092,0.045,idle
81.077,3.61,0.093,0.046,idle
81.097,3.62,0.089,0.046,idle
81.117,3.63,0.093,0.046,idle
81.137,3.65,0.091,0.045,idle
81.157,3.66,0.090,0.045,idle
81.177,3.66,0.092,0.045,idle
81.197,3.67,0.089,0.045,idle
81.217,3.67,0.092,0.045,idle
81.237,3.69,0.093,0.046,idle
81.257,3.70,0.089,0.046,idle
81.277,3.70,0.092,0.046,idle
81.297,3.71,0.090,0.045,idle
81.317,3.74,0.090,0.046,idle
81.337,3.75,0.093,0.046,idle
81.357,3.75,0.089,0.046,idle
81.377,3.76,0.092,0.046,idle
81.397,3.77,0.092,0.045,idle
81.417,3.77,0.090,0.046,idle
81.437,3.77,0.094,0.045,idle
81.457,3.78,0.092,0.045,idle
81.477,3.78,0.092,0.045,idle
81.497,3.77,0.092,0.045,idle
81.517,3.77,0.089,0.045,idle
81.537,3.77,0.092,0.046,idle
81.557,3.77,0.093,0.046,idle
81.577,3.77,0.090,0.046,idle
81.597,3.77,0.093,0.045,idle
81.617,3.78,0.090,0.045,idle
81.637,3.78,0.090,0.045,idle
81.657,3.78,0.093,0.046,idle
81.677,3.79,0.088,0.046,idle
81.697,3.80,0.091,0.045,idle
81.717,3.79,0.092,0.046,idle
81.737,3.79,0.089,0.046,idle
81.757,3.79,0.092,0.046,idle
81.777,3.79,0.090,0.046,idle
81.797,3.79,0.091,0.046,idle
81.817,3.79,0.094,0.046,idle
81.837,3.78,0.089,0.045,idle
81.857,3.77,0.093,0.045,idle
81.877,3.77,0.092,0.045,idle
81.897,3.77,0.090,0.046,idle
81.917,3.77,0.094,0.045,idle
81.937,3.77,0.091,0.045,idle
81.957,3.76,0.092,0.045,idle
81.977,3.75,0.094,0.046,idle
81.997,3.75,0.089,0.045,idle
82.017,3.75,0.093,0.045,idle
82.037,3.75,0.091,0.046,idle
82.057,3.75,0.089,0.046,idle
82.077,3.74,0.092,0.045,idle
82.097,3.74,0.089,0.046,idle
82.117,3.74,0.091,0.046,idle
82.137,3.72,0.092,0.045,idle
82.157,3.71,0.089,0.046,idle
82.177,3.71,0.092,0.046,idle
82.197,3.71,0.092,0.045,idle
82.217,3.71,0.090,0.046,idle
82.237,3.70,0.093,0.047,idle
82.257,3.70,0.091,0.046,idle
82.277,3.71,0.092,0.045,idle
82.297,3.72,0.093,0.047,idle
82.317,3.71,0.089,0.046,idle
82.337,3.71,0.094,0.046,idle
82.357,3.72,0.091,0.046,idle
82.377,3.72,0.091,0.046,idle
82.397,3.73,0.094,0.045,idle
82.417,3.74,0.090,0.044,idle
82.437,3.74,0.092,0.045,idle
82.457,3.75,0.091,0.046,idle
82.477,3.76,0.088,0.045,idle
82.497,3.76,0.093,0.045,idle
82.517,3.76,0.090,0.045,idle
82.537,3.77,0.091,0.046,idle
82.557,3.77,0.093,0.046,idle
82.577,3.76,0.090,0.045,idle
82.597,3.76,0.092,0.046,idle
82.617,3.76,0.094,0.046,idle
82.637,3.76,0.089,0.045,idle
82.657,3.77,0.093,0.045,idle
82.677,3.77,0.091,0.046,idle
82.697,3.76,0.091,0.046,idle
82.717,3.77,0.094,0.046,idle
82.737,3.79,0.089,0.046,idle
82.757,3.80,0.093,0.045,idle
82.777,3.81,0.093,0.045,idle
82.797,3.81,0.089,0.046,idle
82.817,3.82,0.093,0.046,idle
82.837,3.83,0.091,0.046,idle
82.857,3.85,0.092,0.046,idle
82.877,3.84,0.093,0.046,idle
82.897,3.83,0.089,0.046,idle
82.917,3.83,0.092,0.045,idle
82.937,3.82,0.093,0.045,idle
82.957,3.82,0.089,0.045,idle
82.977,3.82,0.093,0.045,idle
82.997,3.81,0.090,0.047,idle
83.017,3.81,0.092,0.046,idle
83.037,3.81,0.094,0.046,idle
83.057,3.80,0.089,0.046,idle
83.077,3.81,0.093,0.046,idle
83.097,3.80,0.093,0.047,idle
83.117,3.80,0.090,0.046,idle
83.137,3.80,0.093,0.046,idle
83.157,3.80,0.092,0.045,idle
83.177,3.80,0.091,0.045,idle
83.197,3.80,0.092,0.046,idle
83.217,3.80,0.089,0.046,idle
83.237,3.80,0.093,0.046,idle
83.257,3.81,0.092,0.045,idle
83.277,3.79,0.089,0.046,idle
83.297,3.78,0.092,0.046,idle
83.317,3.77,0.089,0.046,idle
83.337,3.78,0.090,0.046,idle
83.357,3.77,0.092,0.046,idle
83.377,3.76,0.088,0.046,idle
83.397,3.76,0.092,0.045,idle
83.417,3.74,0.091,0.046,idle
83.437,3.71,0.089,0.046,idle
83.457,3.68,0.092,0.047,idle
83.477,3.68,0.091,0.046,idle
83.497,3.69,0.092,0.046,idle
83.517,3.71,0.092,0.047,idle
83.537,3.69,0.089,0.045,idle
83.557,3.70,0.092,0.046,idle
83.577,3.72,0.091,0.047,idle
83.597,3.72,0.090,0.046,idle
83.617,3.73,0.092,0.046,idle
83.637,3.74,0.089,0.046,idle
83.657,3.73,0.091,0.045,idle
83.677,3.72,0.092,0.047,idle
83.697,3.71,0.089,0.046,idle
83.717,3.70,0.092,0.047,idle
83.737,3.68,0.090,0.045,idle
83.757,3.66,0.090,0.046,idle
83.777,3.65,0.092,0.045,idle
83.797,3.65,0.090,0.046,idle
83.817,3.65,0.092,0.045,idle
83.837,3.65,0.093,0.045,idle
83.857,3.65,0.090,0.046,idle
83.877,3.66,0.094,0.047,idle
83.897,3.66,0.091,0.046,idle
83.917,3.68,0.090,0.046,idle
83.937,3.69,0.093,0.046,idle
83.957,3.70,0.091,0.045,idle
83.977,3.72,0.093,0.045,idle
83.997,3.71,0.093,0.045,idle
84.017,3.72,0.089,0.046,idle
84.037,3.72,0.092,0.046,idle
84.057,3.73,0.090,0.046,idle
84.077,3.73,0.089,0.046,idle
84.097,3.75,0.092,0.046,idle
84.117,3.76,0.089,0.046,idle
84.137,3.75,0.092,0.046,idle
84.157,3.73,0.092,0.046,idle
84.177,3.72,0.088,0.047,idle
84.197,3.70,0.094,0.047,idle
84.217,3.71,0.092,0.047,idle
84.237,3.72,0.091,0.046,idle
84.257,3.70,0.094,0.047,idle
84.277,3.72,0.090,0.046,idle
84.297,3.73,0.093,0.046,idle
84.317,3.73,0.093,0.046,idle
84.337,3.73,0.090,0.045,idle
84.357,3.73,0.093,0.046,idle
84.377,3.73,0.090,0.047,idle
84.397,3.72,0.091,0.046,idle
84.417,3.73,0.093,0.046,idle
84.437,3.74,0.088,0.046,idle
84.457,3.76,0.092,0.046,idle
84.477,3.75,0.091,0.047,idle
84.497,3.74,0.089,0.046,idle
84.517,3.72,0.092,0.046,idle
84.537,3.71,0.091,0.047,idle
84.557,3.69,0.092,0.047,idle
84.577,3.69,0.093,0.047,idle
84.597,3.67,0.091,0.045,idle
84.617,3.67,0.094,0.045,idle
84.637,3.66,0.091,0.046,idle
84.657,3.66,0.090,0.046,idle
84.677,3.67,0.093,0.047,idle
84.697,3.68,0.091,0.047,idle
84.717,3.69,0.092,0.045,idle
84.737,3.72,0.093,0.047,idle
84.757,3.73,0.088,0.046,idle
84.777,3.73,0.093,0.045,idle
84.797,3.73,0.091,0.046,idle
84.817,3.73,0.089,0.046,idle
84.837,3.73,0.093,0.046,idle
84.857,3.73,0.090,0.047,idle
84.877,3.73,0.091,0.046,idle
84.897,3.74,0.092,0.045,idle
84.917,3.72,0.088,0.047,idle
84.937,3.72,0.093,0.046,idle
84.957,3.71,0.090,0.046,idle
84.977,3.72,0.089,0.045,idle
84.997,3.72,0.093,0.046,idle
85.017,3.71,0.090,0.046,idle
85.037,3.70,0.091,0.046,idle
85.057,3.72,0.093,0.045,idle
85.077,3.71,0.090,0.047,idle
85.097,3.72,0.093,0.045,idle
85.117,3.72,0.091,0.046,idle
85.137,3.73,0.091,0.045,idle
85.157,3.76,0.093,0.046,idle
85.177,3.77,0.090,0.044,idle
85.197,3.78,0.092,0.045,idle
85.217,3.77,0.092,0.045,idle
85.237,3.76,0.088,0.046,idle
85.257,3.78,0.093,0.047,idle
85.277,3.77,0.090,0.046,idle
85.297,3.77,0.091,0.046,idle
85.317,3.78,0.094,0.046,idle
85.337,3.76,0.090,0.046,idle
85.357,3.75,0.092,0.047,idle
85.377,3.78,0.092,0.047,idle
85.397,2.85,0.090,0.045,idle
85.417,7.02,0.094,0.045,idle
85.437,6.75,0.091,0.046,idle
85.457,11.51,0.092,0.046,idle
85.477,13.73,0.094,0.046,idle
85.497,16.44,0.090,0.045,idle
85.517,15.69,0.093,0.045,idle
85.537,17.65,0.093,0.046,idle
85.557,17.97,0.090,0.046,idle
85.577,18.71,0.093,0.046,idle
85.597,18.25,0.091,0.046,idle
85.617,18.13,0.092,0.045,idle
85.637,20.64,0.093,0.045,idle
85.657,22.74,0.089,0.046,idle
85.677,21.94,0.094,0.046,idle
85.697,24.40,0.092,0.046,idle
85.717,24.43,0.090,0.046,idle
85.737,21.90,0.095,0.045,idle
85.757,28.09,0.091,0.046,idle
85.777,28.59,0.093,0.045,idle
85.797,29.68,0.093,0.046,idle
85.817,29.56,0.089,0.044,idle
85.837,30.82,0.093,0.045,idle
85.857,30.43,0.092,0.056,idle
85.877,29.96,0.090,1.604,idle
85.897,33.54,0.094,1.625,MI00_conveyor
85.917,48.84,0.090,2.646,MI00_conveyor
85.937,46.68,0.092,2.844,MI00_conveyor
85.957,46.46,0.092,1.094,MI00_conveyor
85.977,46.64,0.089,1.594,MI00_conveyor
85.997,46.10,0.093,2.989,MI00_conveyor
86.017,42.52,0.090,1.285,MI00_conveyor
86.037,47.86,0.091,0.256,MI00_conveyor
86.057,59.95,0.093,0.449,MI00_conveyor
86.077,55.55,0.089,0.354,MI00_conveyor
86.097,54.61,0.093,1.522,MI00_conveyor
86.117,57.41,0.093,1.691,MI00_conveyor
86.137,58.87,0.090,1.559,MI00_conveyor
86.157,61.28,0.093,1.166,MI00_conveyor
86.177,70.69,0.091,1.184,MI00_conveyor
86.197,75.07,0.092,0.076,MI00_conveyor
86.217,85.61,0.095,2.209,MI00_conveyor
86.237,86.43,0.090,2.071,MI00_conveyor
86.257,91.60,0.094,0.629,MI00_conveyor
86.277,93.53,0.094,0.604,MI00_conveyor
86.297,98.46,0.090,1.056,MI00_conveyor
86.317,99.95,0.093,1.644,MI00_conveyor
86.337,108.16,0.091,0.496,MI00_conveyor
86.357,108.59,0.091,0.280,MI00_conveyor
86.377,108.50,0.093,1.418,MI00_conveyor
86.397,110.73,0.090,3.930,MI00_conveyor
86.417,111.96,0.093,2.112,MI00_conveyor
86.437,115.54,0.093,2.508,MI00_conveyor
86.457,113.70,0.089,0.395,MI00_conveyor
86.477,119.28,0.093,2.508,MI00_conveyor
86.497,121.75,0.090,3.308,MI00_conveyor
86.517,133.58,0.093,2.905,MI00_conveyor
86.537,132.32,0.092,4.043,MI00_conveyor
86.557,133.50,0.090,2.733,MI00_conveyor
86.577,137.09,0.093,4.704,MI00_conveyor
86.597,140.99,0.091,1.804,MI00_conveyor
86.617,147.78,0.089,1.595,MI00_conveyor
86.637,153.64,0.093,1.552,MI00_conveyor
86.657,162.72,0.090,4.519,MI00_conveyor
86.677,161.74,0.092,3.725,MI00_conveyor
86.697,162.29,0.094,3.361,MI00_conveyor
86.717,163.50,0.090,2.451,MI00_conveyor
86.737,167.25,0.094,2.163,MI00_conveyor
86.757,165.57,0.092,3.201,MI00_conveyor
86.777,165.86,0.090,2.296,MI00_conveyor
86.797,170.20,0.093,1.510,MI00_conveyor
86.817,174.66,0.091,2.438,MI00_conveyor
86.837,174.33,0.092,1.379,MI00_conveyor
86.857,180.22,0.092,1.192,MI00_conveyor
86.877,183.19,0.089,2.125,MI00_conveyor
86.897,181.76,0.092,2.955,MI00_conveyor
86.917,169.22,0.090,1.345,MI00_conveyor
86.937,174.91,0.090,1.906,MI00_conveyor
86.957,177.63,0.092,2.693,MI00_conveyor
86.977,179.65,0.089,2.023,MI00_conveyor
86.997,179.36,0.093,3.682,MI00_conveyor
87.017,183.12,0.093,1.530,MI00_conveyor
87.037,179.09,0.089,2.182,MI00_conveyor
87.057,166.97,0.093,1.364,MI00_conveyor
87.077,170.95,0.090,3.902,MI00_conveyor
87.097,172.21,0.091,4.370,MI00_conveyor
87.117,170.07,0.092,2.770,MI00_conveyor
87.137,170.19,0.089,4.091,MI00_conveyor
87.157,169.60,0.093,2.936,MI00_conveyor
87.177,161.13,0.093,1.530,MI00_conveyor
87.197,158.87,0.089,1.227,MI00_conveyor
87.217,150.44,0.094,0.909,MI00_conveyor
87.237,151.78,0.091,3.116,MI00_conveyor
87.257,148.19,0.093,0.830,MI00_conveyor
87.277,151.75,0.093,2.409,MI00_conveyor
87.297,152.67,0.089,1.924,MI00_conveyor
87.317,152.01,0.092,1.539,MI00_conveyor
87.337,139.12,0.092,2.386,MI00_conveyor
87.357,142.40,0.089,1.911,MI00_conveyor
87.377,147.85,0.094,2.078,MI00_conveyor
87.397,147.21,0.090,1.130,MI00_conveyor
87.417,144.99,0.092,1.595,MI00_conveyor
87.437,144.71,0.093,1.851,MI00_conveyor
87.457,144.04,0.090,2.255,MI00_conveyor
87.477,135.91,0.092,0.376,MI00_conveyor
87.497,132.64,0.093,0.403,MI00_conveyor
87.517,131.11,0.090,2.623,MI00_conveyor
87.537,135.33,0.093,0.275,MI00_conveyor
87.557,138.07,0.091,0.802,MI00_conveyor
87.577,135.69,0.092,0.535,MI00_conveyor
87.597,132.19,0.093,1.503,MI00_conveyor
87.617,131.85,0.089,0.780,MI00_conveyor
87.637,128.07,0.093,0.942,MI00_conveyor
87.657,116.93,0.092,1.176,MI00_conveyor
87.677,119.70,0.089,0.911,MI00_conveyor
87.697,117.41,0.093,1.984,MI00_conveyor
87.717,121.81,0.091,1.985,MI00_conveyor
87.737,119.97,0.092,2.098,MI00_conveyor
87.757,116.33,0.093,2.435,MI00_conveyor
87.777,119.38,0.090,2.113,MI00_conveyor
87.797,123.97,0.093,1.364,MI00_conveyor
87.817,120.04,0.092,2.975,MI00_conveyor
87.837,119.49,0.090,2.795,MI00_conveyor
87.857,120.11,0.092,2.032,MI00_conveyor
87.877,120.02,0.090,0.867,MI00_conveyor
87.897,121.44,0.093,2.491,MI00_conveyor
87.917,121.02,0.094,1.710,MI00_conveyor
87.937,124.43,0.090,1.277,MI00_conveyor
87.957,131.69,0.092,1.730,MI00_conveyor
87.977,134.13,0.091,1.954,MI00_conveyor
87.997,138.63,0.090,2.908,MI00_conveyor
88.017,139.58,0.094,1.641,MI00_conveyor
88.037,145.01,0.089,1.841,MI00_conveyor
88.057,148.20,0.092,2.399,MI00_conveyor
88.077,154.49,0.094,1.930,MI00_conveyor
88.097,163.19,0.088,2.333,MI00_conveyor
88.117,169.94,0.091,1.767,MI00_conveyor
88.137,171.50,0.092,0.489,MI00_conveyor
88.157,168.79,0.091,0.946,MI00_conveyor
88.177,167.38,0.094,1.218,MI00_conveyor
88.197,169.44,0.091,2.626,MI00_conveyor
88.217,170.19,0.092,2.320,MI00_conveyor
88.237,180.61,0.093,2.140,MI00_conveyor
88.257,187.57,0.090,2.018,MI00_conveyor
88.277,197.28,0.093,3.366,MI00_conveyor
88.297,198.96,0.091,0.294,MI00_conveyor
88.317,203.24,0.091,0.571,MI00_conveyor
88.337,203.53,0.094,2.227,MI00_conveyor
88.357,202.13,0.090,1.800,MI00_conveyor
88.377,205.11,0.093,2.596,MI00_conveyor
88.397,204.33,0.093,2.074,MI00_conveyor
88.417,204.10,0.089,3.059,MI00_conveyor
88.437,200.10,0.092,3.504,MI00_conveyor
88.457,198.39,0.091,2.303,MI00_conveyor
88.477,198.30,0.090,3.127,MI00_conveyor
88.497,196.29,0.093,2.279,MI00_conveyor
88.517,187.51,0.090,2.539,MI00_conveyor
88.537,180.16,0.093,1.877,MI00_conveyor
88.557,175.99,0.092,1.989,MI00_conveyor
88.577,175.92,0.089,3.758,MI00_conveyor
88.597,175.92,0.092,3.334,MI00_conveyor
88.617,168.34,0.091,2.838,MI00_conveyor
88.637,164.21,0.092,0.938,MI00_conveyor
88.657,167.19,0.095,2.220,MI00_conveyor
88.677,164.41,0.090,3.121,MI00_conveyor
88.697,166.35,0.092,2.972,MI00_conveyor
88.717,168.32,0.093,4.770,MI00_conveyor
88.737,168.28,0.091,3.337,MI00_conveyor
88.757,162.98,0.092,4.706,MI00_conveyor
88.777,159.42,0.092,3.189,MI00_conveyor
88.797,150.03,0.093,1.824,MI00_conveyor
88.817,149.45,0.093,3.972,MI00_conveyor
88.837,149.50,0.089,1.938,MI00_conveyor
88.857,146.90,0.093,2.539,MI00_conveyor
88.877,144.75,0.091,0.721,MI00_conveyor
88.897,138.79,0.089,3.029,MI00_conveyor
88.917,135.18,0.093,1.843,MI00_conveyor
88.937,128.93,0.090,1.007,MI00_conveyor
88.957,113.80,0.092,0.292,MI00_conveyor
88.977,121.83,0.093,2.153,MI00_conveyor
88.997,119.18,0.089,1.053,MI00_conveyor
89.017,120.37,0.092,1.411,MI00_conveyor
89.037,112.82,0.092,0.282,MI00_conveyor
89.057,117.13,0.091,1.708,MI00_conveyor
89.077,106.63,0.092,0.092,MI00_conveyor
89.097,97.30,0.090,0.574,MI00_conveyor
89.117,92.84,0.091,0.749,MI00_conveyor
89.137,89.31,0.094,1.632,MI00_conveyor
89.157,89.58,0.090,1.000,MI00_conveyor
89.177,92.07,0.093,2.064,MI00_conveyor
89.197,88.03,0.091,3.619,MI00_conveyor
89.217,90.09,0.091,0.826,MI00_conveyor
89.237,77.87,0.093,2.130,MI00_conveyor
89.257,70.00,0.089,0.500,MI00_conveyor
89.277,56.86,0.093,1.144,MI00_conveyor
89.297,48.15,0.093,0.246,MI00_conveyor
89.317,43.49,0.088,0.270,MI00_conveyor
89.337,52.37,0.092,2.359,MI00_conveyor
89.357,52.97,0.091,0.346,MI00_conveyor
89.377,43.99,0.091,1.268,MI00_conveyor
89.397,54.73,0.093,0.492,MI00_conveyor
89.417,53.49,0.089,4.510,MI00_conveyor
89.437,55.05,0.093,3.195,MI00_conveyor
89.457,55.21,0.092,3.865,MI00_conveyor
89.477,60.39,0.089,2.591,MI00_conveyor
89.497,65.91,0.094,1.146,MI00_conveyor
89.517,71.34,0.090,1.728,MI00_conveyor
89.537,73.56,0.093,2.867,MI00_conveyor
89.557,72.83,0.093,4.155,MI00_conveyor
89.577,67.57,0.090,3.103,MI00_conveyor
89.597,72.02,0.094,1.480,MI00_conveyor
89.617,74.64,0.091,1.999,MI00_conveyor
89.637,74.78,0.089,1.692,MI00_conveyor
89.657,71.79,0.092,1.388,MI00_conveyor
89.677,77.25,0.091,2.724,MI00_conveyor
89.697,74.87,0.091,2.286,MI00_conveyor
89.717,67.29,0.093,0.959,MI00_conveyor
89.737,66.22,0.088,0.243,MI00_conveyor
89.757,75.67,0.093,0.598,MI00_conveyor
89.777,77.45,0.092,0.767,MI00_conveyor
89.797,81.57,0.090,0.614,MI00_conveyor
89.817,79.40,0.094,0.959,MI00_conveyor
89.837,82.53,0.090,1.280,MI00_conveyor
89.857,80.75,0.093,0.896,MI00_conveyor
89.877,79.07,0.093,2.885,MI00_conveyor
89.897,83.28,0.089,0.675,MI00_conveyor
89.917,95.60,0.092,0.916,MI00_conveyor
89.937,104.19,0.093,2.879,MI00_conveyor
89.957,109.30,0.091,1.495,MI00_conveyor
89.977,100.17,0.093,3.896,MI00_conveyor
89.997,102.42,0.091,2.802,MI00_conveyor
90.017,103.43,0.091,2.297,MI00_conveyor
90.037,106.02,0.093,0.332,MI00_conveyor
90.057,103.70,0.089,2.746,MI00_conveyor
90.077,114.08,0.094,2.316,MI00_conveyor
90.097,116.19,0.090,1.407,MI00_conveyor
90.117,114.77,0.091,1.641,MI00_conveyor
90.137,115.81,0.093,0.573,MI00_conveyor
90.157,114.96,0.088,1.968,MI00_conveyor
90.177,120.08,0.092,0.252,MI00_conveyor
90.197,127.89,0.093,0.100,MI00_conveyor
90.217,131.43,0.089,0.831,MI00_conveyor
90.237,137.71,0.093,2.098,MI00_conveyor
90.257,136.91,0.091,0.907,MI00_conveyor
90.277,138.12,0.089,2.285,MI00_conveyor
90.297,145.33,0.094,2.182,MI00_conveyor
90.317,144.84,0.091,2.471,MI00_conveyor
90.337,144.71,0.093,1.730,MI00_conveyor
90.357,143.68,0.092,3.336,MI00_conveyor
90.377,143.35,0.089,2.563,MI00_conveyor
90.397,134.44,0.093,2.843,MI00_conveyor
90.417,133.99,0.090,2.806,MI00_conveyor
90.437,132.45,0.091,1.360,MI00_conveyor
90.457,132.74,0.092,2.688,MI00_conveyor
90.477,123.45,0.089,1.300,MI00_conveyor
90.497,118.35,0.093,1.203,MI00_conveyor
90.517,112.53,0.093,1.288,MI00_conveyor
90.537,110.38,0.089,2.019,MI00_conveyor
90.557,112.11,0.092,2.009,MI00_conveyor
90.577,118.12,0.091,1.770,MI00_conveyor
90.597,116.02,0.091,0.973,MI00_conveyor
90.617,103.64,0.094,0.311,MI00_conveyor
90.637,105.76,0.091,1.339,MI00_conveyor
90.657,127.48,0.092,2.851,MI00_conveyor
90.677,127.87,0.094,2.453,MI00_conveyor
90.697,127.58,0.090,3.507,MI00_conveyor
90.717,128.85,0.093,2.350,MI00_conveyor
90.737,130.36,0.091,0.662,MI00_conveyor
90.757,121.63,0.091,1.838,MI00_conveyor
90.777,119.61,0.093,3.204,MI00_conveyor
90.797,129.44,0.091,0.545,MI00_conveyor
90.817,140.26,0.091,2.549,MI00_conveyor
90.837,135.43,0.092,1.560,MI00_conveyor
90.857,131.00,0.088,2.783,MI00_conveyor
90.877,134.95,0.092,2.234,MI00_conveyor
90.897,135.17,0.090,2.126,MI00_conveyor
90.917,123.66,0.090,1.816,MI00_conveyor
90.937,120.47,0.093,0.650,MI00_conveyor
90.957,123.14,0.090,3.801,MI00_conveyor
90.977,124.74,0.092,2.030,MI00_conveyor
90.997,120.31,0.092,0.555,MI00_conveyor
91.017,119.51,0.089,4.573,MI00_conveyor
91.037,117.32,0.092,1.821,MI00_conveyor
91.057,109.18,0.090,2.568,MI00_conveyor
91.077,110.64,0.091,1.456,MI00_conveyor
91.097,123.47,0.094,4.625,MI00_conveyor
91.117,123.30,0.089,2.637,MI00_conveyor
91.137,121.61,0.092,6.049,MI00_conveyor
91.157,125.73,0.093,4.597,MI00_conveyor
91.177,118.58,0.090,0.060,MI00_conveyor
91.197,110.69,0.093,1.081,MI00_conveyor
91.217,104.67,0.091,0.800,MI00_conveyor
91.237,101.65,0.092,2.386,MI00_conveyor
91.257,101.82,0.092,3.663,MI00_conveyor
91.277,97.79,0.089,4.451,MI00_conveyor
91.297,92.13,0.092,4.022,MI00_conveyor
91.317,98.42,0.092,0.733,MI00_conveyor
91.337,92.05,0.089,4.833,MI00_conveyor
91.357,98.26,0.094,1.495,MI00_conveyor
91.377,103.98,0.089,2.002,MI00_conveyor
91.397,100.74,0.093,0.573,MI00_conveyor
91.417,100.40,0.093,3.122,MI00_conveyor
91.437,111.23,0.090,2.829,MI00_conveyor
91.457,115.12,0.093,2.107,MI00_conveyor
91.477,118.74,0.091,3.379,MI00_conveyor
91.497,119.53,0.091,1.860,MI00_conveyor
91.517,119.66,0.094,2.468,MI00_conveyor
91.537,118.87,0.090,3.518,MI00_conveyor
91.557,117.12,0.094,2.446,MI00_conveyor
91.577,118.89,0.093,4.211,MI00_conveyor
91.597,117.57,0.088,1.846,MI00_conveyor
91.617,127.74,0.092,1.220,MI00_conveyor
91.637,129.19,0.091,1.627,MI00_conveyor
91.657,111.08,0.090,0.826,MI00_conveyor
91.677,106.16,0.093,0.076,MI00_conveyor
91.697,108.24,0.088,1.218,MI00_conveyor
91.717,113.78,0.093,1.851,MI00_conveyor
91.737,116.58,0.092,0.108,MI00_conveyor
91.757,120.66,0.088,2.258,MI00_conveyor
91.777,120.85,0.093,0.276,MI00_conveyor
91.797,109.60,0.090,2.009,MI00_conveyor
91.817,97.51,0.091,2.368,MI00_conveyor
91.837,97.42,0.093,2.765,MI00_conveyor
91.857,103.67,0.089,1.875,MI00_conveyor
91.877,103.49,0.093,1.183,MI00_conveyor
91.897,102.17,0.093,2.173,MI00_conveyor
91.917,105.19,0.088,3.370,MI00_conveyor
91.937,99.99,0.093,4.252,MI00_conveyor
91.957,104.90,0.090,0.393,MI00_conveyor
91.977,100.85,0.092,1.183,MI00_conveyor
91.997,105.78,0.092,0.362,MI00_conveyor
92.017,114.93,0.088,1.397,MI00_conveyor
92.037,117.34,0.092,2.537,MI00_conveyor
92.057,123.92,0.092,1.694,MI00_conveyor
92.077,117.71,0.088,1.024,MI00_conveyor
92.097,105.10,0.091,0.663,MI00_conveyor
92.117,104.70,0.090,1.529,MI00_conveyor
92.137,107.34,0.091,1.221,MI00_conveyor
92.157,107.21,0.092,0.508,MI00_conveyor
92.177,109.88,0.090,2.846,MI00_conveyor
92.197,109.77,0.093,1.711,MI00_conveyor
92.217,107.99,0.091,1.930,MI00_conveyor
92.237,110.90,0.090,0.366,MI00_conveyor
92.257,106.64,0.093,0.368,MI00_conveyor
92.277,107.79,0.090,1.659,MI00_conveyor
92.297,113.91,0.092,1.721,MI00_conveyor
92.317,109.14,0.094,1.664,MI00_conveyor
92.337,105.03,0.089,2.155,MI00_conveyor
92.357,99.28,0.092,1.261,MI00_conveyor
92.377,103.54,0.091,0.927,MI00_conveyor
92.397,103.15,0.090,1.275,MI00_conveyor
92.417,105.90,0.092,2.721,MI00_conveyor
92.437,101.03,0.091,2.732,MI00_conveyor
92.457,97.42,0.093,2.483,MI00_conveyor
92.477,101.07,0.093,1.839,MI00_conveyor
92.497,102.17,0.090,3.534,MI00_conveyor
92.517,96.52,0.093,1.794,MI00_conveyor
92.537,94.77,0.092,1.618,MI00_conveyor
92.557,103.87,0.090,1.528,MI00_conveyor
92.577,104.51,0.093,2.622,MI00_conveyor
92.597,105.81,0.089,0.641,MI00_conveyor
92.617,106.28,0.092,2.991,MI00_conveyor
92.637,109.64,0.093,2.012,MI00_conveyor
92.657,104.17,0.088,1.619,MI00_conveyor
92.677,106.88,0.093,0.255,MI00_conveyor
92.697,104.01,0.092,0.653,MI00_conveyor
92.717,106.86,0.091,2.858,MI00_conveyor
92.737,100.93,0.093,2.505,MI00_conveyor
92.757,97.18,0.089,0.750,MI00_conveyor
92.777,97.80,0.093,1.833,MI00_conveyor
92.797,103.38,0.092,0.850,MI00_conveyor
92.817,107.60,0.089,3.903,MI00_conveyor
92.837,111.28,0.093,2.240,MI00_conveyor
92.857,108.13,0.091,3.101,MI00_conveyor
92.877,107.41,0.090,0.932,MI00_conveyor
92.897,105.57,0.093,2.286,MI00_conveyor
92.917,103.14,0.089,2.350,MI00_conveyor
92.937,104.97,0.092,0.849,MI00_conveyor
92.957,98.76,0.092,2.358,MI00_conveyor
92.977,101.39,0.089,2.392,MI00_conveyor
92.997,98.96,0.093,1.966,MI00_conveyor
93.017,90.42,0.090,4.133,MI00_conveyor
93.037,90.30,0.091,4.242,MI00_conveyor
93.057,87.15,0.094,2.860,MI00_conveyor
93.077,86.32,0.090,4.885,MI00_conveyor
93.097,83.32,0.094,3.459,MI00_conveyor
93.117,85.56,0.092,3.858,MI00_conveyor
93.137,86.24,0.090,2.800,MI00_conveyor
93.157,86.42,0.093,1.947,MI00_conveyor
93.177,95.53,0.091,1.590,MI00_conveyor
93.197,98.63,0.092,2.490,MI00_conveyor
93.217,103.51,0.094,2.065,MI00_conveyor
93.237,96.89,0.089,3.074,MI00_conveyor
93.257,101.82,0.094,2.045,MI00_conveyor
93.277,104.30,0.092,3.072,MI00_conveyor
93.297,100.61,0.091,0.520,MI00_conveyor
93.317,98.59,0.093,1.633,MI00_conveyor
93.337,113.24,0.091,0.628,MI00_conveyor
93.357,110.62,0.092,0.878,MI00_conveyor
93.377,103.21,0.093,2.697,MI00_conveyor
93.397,110.01,0.089,1.602,MI00_conveyor
93.417,108.45,0.093,1.818,MI00_conveyor
93.437,107.21,0.092,1.289,MI00_conveyor
93.457,112.12,0.090,3.166,MI00_conveyor
93.477,110.01,0.094,1.375,MI00_conveyor
93.497,108.92,0.090,1.833,MI00_conveyor
93.517,113.92,0.093,0.980,MI00_conveyor
93.537,118.92,0.093,1.732,MI00_conveyor
93.557,116.37,0.090,2.317,MI00_conveyor
93.577,120.04,0.093,1.025,MI00_conveyor
93.597,116.05,0.091,2.545,MI00_conveyor
93.617,118.65,0.090,2.472,MI00_conveyor
93.637,112.14,0.092,2.439,MI00_conveyor
93.657,111.71,0.089,3.451,MI00_conveyor
93.677,108.85,0.092,2.348,MI00_conveyor
93.697,114.87,0.094,2.355,MI00_conveyor
93.717,109.64,0.089,0.820,MI00_conveyor
93.737,113.11,0.093,1.262,MI00_conveyor
93.757,116.85,0.090,1.494,MI00_conveyor
93.777,115.78,0.091,1.820,MI00_conveyor
93.797,103.63,0.094,2.501,MI00_conveyor
93.817,107.18,0.089,3.888,MI00_conveyor
93.837,109.21,0.094,1.474,MI00_conveyor
93.857,97.92,0.092,0.974,MI00_conveyor
93.877,90.40,0.089,2.906,MI00_conveyor
93.897,97.40,0.094,2.984,MI00_conveyor
93.917,99.72,0.091,3.074,MI00_conveyor
93.937,99.79,0.091,3.446,MI00_conveyor
93.957,98.99,0.093,1.007,MI00_conveyor
93.977,102.81,0.090,1.539,MI00_conveyor
93.997,106.87,0.093,0.127,MI00_conveyor
94.017,109.24,0.092,0.574,MI00_conveyor
94.037,107.22,0.090,2.042,MI00_conveyor
94.057,109.49,0.093,3.047,MI00_conveyor
94.077,101.86,0.091,3.134,MI00_conveyor
94.097,103.57,0.092,1.738,MI00_conveyor
94.117,102.16,0.093,1.657,MI00_conveyor
94.137,101.05,0.090,3.516,MI00_conveyor
94.157,98.37,0.093,3.655,MI00_conveyor
94.177,89.16,0.092,2.930,MI00_conveyor
94.197,90.85,0.089,2.494,MI00_conveyor
94.217,85.53,0.093,1.384,MI00_conveyor
94.237,87.85,0.091,2.530,MI00_conveyor
94.257,91.17,0.091,1.439,MI00_conveyor
94.277,88.22,0.094,1.963,MI00_conveyor
94.297,94.06,0.089,3.119,MI00_conveyor
94.317,103.17,0.094,3.041,MI00_conveyor
94.337,94.08,0.092,4.721,MI00_conveyor
94.357,99.39,0.090,1.940,MI00_conveyor
94.377,102.34,0.094,3.516,MI00_conveyor
94.397,99.67,0.091,1.721,MI00_conveyor
94.417,98.24,0.091,1.754,MI00_conveyor
94.437,96.26,0.094,2.114,MI00_conveyor
94.457,89.03,0.089,3.474,MI00_conveyor
94.477,92.53,0.092,2.813,MI00_conveyor
94.497,90.71,0.091,2.415,MI00_conveyor
94.517,91.33,0.089,1.355,MI00_conveyor
94.537,92.75,0.092,4.380,MI00_conveyor
94.557,88.39,0.089,4.912,MI00_conveyor
94.577,76.24,0.092,6.012,MI00_conveyor
94.597,84.30,0.093,2.385,MI00_conveyor
94.617,87.45,0.090,3.267,MI00_conveyor
94.637,87.71,0.093,1.278,MI00_conveyor
94.657,94.59,0.091,2.127,MI00_conveyor
94.677,100.56,0.089,1.989,MI00_conveyor
94.697,94.99,0.093,1.731,MI00_conveyor
94.717,93.34,0.090,1.514,MI00_conveyor
94.737,95.73,0.092,2.692,MI00_conveyor
94.757,98.67,0.093,0.786,MI00_conveyor
94.777,97.99,0.089,3.772,MI00_conveyor
94.797,102.69,0.092,3.434,MI00_conveyor
94.817,99.04,0.090,1.707,MI00_conveyor
94.837,94.41,0.086,3.474,MI00_conveyor
94.857,107.18,0.091,2.424,MI00_conveyor
94.877,122.73,0.089,2.390,MI00_conveyor
94.897,112.15,0.091,1.163,MI00_conveyor
94.917,111.01,0.093,1.175,MI00_conveyor
94.937,111.70,0.090,2.214,MI00_conveyor
94.957,113.46,0.092,2.426,MI00_conveyor
94.977,108.63,0.090,0.582,MI00_conveyor
94.997,101.16,0.092,0.659,MI00_conveyor
95.017,96.91,0.093,1.491,MI00_conveyor
95.037,102.98,0.091,0.862,MI00_conveyor
95.057,96.64,0.093,2.736,MI00_conveyor
95.077,107.67,0.093,3.201,MI00_conveyor
95.097,108.04,0.089,2.344,MI00_conveyor
95.117,108.11,0.094,1.893,MI00_conveyor
95.137,104.78,0.091,2.537,MI00_conveyor
95.157,106.59,0.091,2.241,MI00_conveyor
95.177,104.35,0.094,1.318,MI00_conveyor
95.197,96.85,0.090,1.496,MI00_conveyor
95.217,95.91,0.094,1.091,MI00_conveyor
95.237,93.85,0.093,2.245,MI00_conveyor
95.257,89.63,0.091,1.182,MI00_conveyor
95.277,91.96,0.094,1.342,MI00_conveyor
95.297,84.15,0.092,0.400,MI00_conveyor
95.317,80.32,0.092,0.293,MI00_conveyor
95.337,77.56,0.093,2.626,MI00_conveyor
95.357,69.04,0.091,3.222,MI00_conveyor
95.377,64.81,0.094,2.223,MI00_conveyor
95.397,66.76,0.092,2.439,MI00_conveyor
95.417,66.36,0.090,2.503,MI00_conveyor
95.437,66.16,0.093,1.552,MI00_conveyor
95.457,70.76,0.090,1.250,MI00_conveyor
95.477,71.21,0.093,2.913,MI00_conveyor
95.497,71.95,0.095,2.720,MI00_conveyor
95.517,73.92,0.091,2.167,MI00_conveyor
95.537,74.42,0.094,2.008,MI00_conveyor
95.557,75.21,0.093,2.223,MI00_conveyor
95.577,79.21,0.090,2.183,MI00_conveyor
95.597,77.74,0.093,1.080,MI00_conveyor
95.617,72.65,0.091,1.319,MI00_conveyor
95.637,71.47,0.092,1.474,MI00_conveyor
95.657,70.13,0.093,0.379,MI00_conveyor
95.677,67.36,0.090,1.370,MI00_conveyor
95.697,69.19,0.092,1.642,MI00_conveyor
95.717,67.77,0.091,0.231,MI00_conveyor
95.737,68.14,0.090,0.732,MI00_conveyor
95.757,66.72,0.092,1.900,MI00_conveyor
95.777,66.71,0.089,2.342,MI00_conveyor
95.797,64.85,0.091,2.257,MI00_conveyor
95.817,68.61,0.093,1.464,MI00_conveyor
95.837,68.88,0.089,3.086,MI00_conveyor
95.857,69.52,0.094,2.377,MI00_conveyor
95.877,65.28,0.090,2.170,MI00_conveyor
95.897,71.08,0.089,0.618,MI00_conveyor
95.917,66.31,0.093,1.506,MI00_conveyor
95.937,65.74,0.090,1.857,MI00_conveyor
95.957,63.16,0.092,2.011,MI00_conveyor
95.977,60.78,0.093,2.405,MI00_conveyor
95.997,67.51,0.089,1.443,MI00_conveyor
96.017,72.74,0.093,0.969,MI00_conveyor
96.037,69.20,0.091,1.629,MI00_conveyor
96.057,72.05,0.091,1.733,MI00_conveyor
96.077,68.68,0.092,2.018,MI00_conveyor
96.097,69.28,0.090,1.889,MI00_conveyor
96.117,69.18,0.092,2.103,MI00_conveyor
96.137,71.84,0.092,2.397,MI00_conveyor
96.157,72.79,0.090,1.444,MI00_conveyor
96.177,73.93,0.092,1.413,MI00_conveyor
96.197,75.99,0.090,1.155,MI00_conveyor
96.217,79.10,0.091,1.712,MI00_conveyor
96.237,85.57,0.094,1.407,MI00_conveyor
96.257,85.92,0.091,1.362,MI00_conveyor
96.277,85.04,0.094,2.970,MI00_conveyor
96.297,88.22,0.091,1.908,MI00_conveyor
96.317,84.56,0.090,0.046,MI00_conveyor
96.337,89.85,0.093,2.531,MI00_conveyor
96.357,95.46,0.091,2.087,MI00_conveyor
96.377,96.09,0.092,1.822,MI00_conveyor
96.397,95.46,0.093,1.922,MI00_conveyor
96.417,95.08,0.089,2.241,MI00_conveyor
96.437,97.00,0.093,0.305,MI00_conveyor
96.457,94.28,0.093,2.652,MI00_conveyor
96.477,91.12,0.089,3.887,MI00_conveyor
96.497,98.13,0.092,2.615,MI00_conveyor
96.517,97.39,0.091,1.368,MI00_conveyor
96.537,97.32,0.092,2.222,MI00_conveyor
96.557,99.11,0.093,1.828,MI00_conveyor
96.577,105.70,0.090,1.740,MI00_conveyor
96.597,103.29,0.092,1.818,MI00_conveyor
96.617,103.54,0.092,0.650,MI00_conveyor
96.637,103.28,0.090,1.219,MI00_conveyor
96.657,103.83,0.093,1.110,MI00_conveyor
96.677,104.23,0.090,0.791,MI00_conveyor
96.697,104.67,0.092,1.390,MI00_conveyor
96.717,104.27,0.093,2.935,MI00_conveyor
96.737,99.80,0.089,0.956,MI00_conveyor
96.757,98.82,0.093,0.856,MI00_conveyor
96.777,102.37,0.091,1.983,MI00_conveyor
96.797,103.30,0.091,0.876,MI00_conveyor
96.817,96.76,0.093,1.442,MI00_conveyor
96.837,99.25,0.089,2.014,MI00_conveyor
96.857,100.10,0.092,0.881,MI00_conveyor
96.877,96.51,0.092,2.069,MI00_conveyor
96.897,95.12,0.088,1.288,MI00_conveyor
96.917,100.90,0.093,1.334,MI00_conveyor
96.937,97.20,0.090,1.722,MI00_conveyor
96.957,98.89,0.090,2.026,MI00_conveyor
96.977,100.03,0.092,3.154,MI00_conveyor
96.997,102.55,0.089,2.247,MI00_conveyor
97.017,94.59,0.092,1.636,MI00_conveyor
97.037,98.07,0.092,2.298,MI00_conveyor
97.057,97.49,0.090,3.731,MI00_conveyor
97.077,98.36,0.093,1.605,MI00_conveyor
97.097,98.96,0.090,1.511,MI00_conveyor
97.117,98.23,0.091,1.371,MI00_conveyor
97.137,108.73,0.092,2.206,MI00_conveyor
97.157,109.39,0.090,3.318,MI00_conveyor
97.177,116.22,0.093,3.408,MI00_conveyor
97.197,118.61,0.092,2.295,MI00_conveyor
97.217,118.84,0.090,1.525,MI00_conveyor
97.237,116.08,0.092,1.559,MI00_conveyor
97.257,123.50,0.090,2.856,MI00_conveyor
97.277,130.17,0.090,0.515,MI00_conveyor
97.297,126.24,0.092,1.815,MI00_conveyor
97.317,121.68,0.090,1.580,MI00_conveyor
97.337,123.29,0.093,2.143,MI00_conveyor
97.357,125.43,0.092,1.131,MI00_conveyor
97.377,129.05,0.089,0.711,MI00_conveyor
97.397,129.13,0.092,1.565,MI00_conveyor
97.417,130.64,0.090,0.550,MI00_conveyor
97.437,131.21,0.090,1.629,MI00_conveyor
97.457,134.79,0.093,2.795,MI00_conveyor
97.477,140.23,0.090,2.566,MI00_conveyor
97.497,135.18,0.093,1.055,MI00_conveyor
97.517,128.88,0.092,2.344,MI00_conveyor
97.537,130.11,0.089,2.385,MI00_conveyor
97.557,130.07,0.093,1.371,MI00_conveyor
97.577,124.79,0.090,2.385,MI00_conveyor
97.597,123.29,0.091,2.672,MI00_conveyor
97.617,122.97,0.093,3.920,MI00_conveyor
97.637,124.07,0.089,2.589,idle
97.657,103.17,0.092,3.095,idle
97.677,104.93,0.091,2.286,idle
97.697,105.07,0.089,2.374,idle
97.717,104.00,0.092,4.354,idle
97.737,111.76,0.089,3.118,idle
97.757,112.59,0.091,3.187,idle
97.777,126.63,0.093,2.689,idle
97.797,119.05,0.090,1.822,idle
97.817,126.54,0.093,3.380,idle
97.837,131.26,0.091,3.385,idle
97.857,131.05,0.090,1.732,idle
97.877,130.39,0.093,2.122,idle
97.897,131.12,0.090,2.672,idle
97.917,133.00,0.092,2.926,idle
97.937,134.58,0.094,1.901,idle
97.957,134.88,0.090,4.239,idle
97.977,129.31,0.093,3.395,idle
97.997,121.72,0.090,4.951,idle
98.017,122.72,0.089,3.016,idle
98.037,116.96,0.093,1.789,idle
98.057,118.34,0.089,0.565,idle
98.077,117.27,0.092,0.466,idle
98.097,115.03,0.092,0.798,idle
98.117,114.02,0.089,1.506,idle
98.137,103.00,0.092,4.850,idle
98.157,99.53,0.090,3.379,idle
98.177,91.26,0.090,2.228,idle
98.197,89.58,0.092,0.564,idle
98.217,86.95,0.089,2.412,idle
98.237,83.07,0.093,3.403,idle
98.257,75.48,0.092,4.880,idle
98.277,67.45,0.090,4.409,idle
98.297,67.37,0.092,2.689,idle
98.317,70.86,0.090,3.192,idle
98.337,67.31,0.091,2.681,idle
98.357,63.05,0.092,2.107,idle
98.377,58.47,0.090,3.149,idle
98.397,54.85,0.092,2.022,idle
98.417,53.44,0.092,1.594,idle
98.437,49.38,0.089,1.382,idle
98.457,44.96,0.092,2.964,idle
98.477,38.10,0.089,2.526,idle
98.497,36.10,0.091,0.438,idle
98.517,40.72,0.092,0.130,idle
98.537,37.56,0.089,0.119,idle
98.557,33.52,0.092,0.076,idle
98.577,31.67,0.092,0.071,idle
98.597,30.69,0.090,0.051,idle
98.617,30.50,0.093,0.049,idle
98.637,29.57,0.091,0.049,idle
98.657,46.64,0.091,0.052,idle
98.677,42.32,0.093,0.053,idle
98.697,40.28,0.090,0.049,idle
98.717,40.37,0.093,0.048,idle
98.737,34.18,0.092,0.048,idle
98.757,32.44,0.089,0.048,idle
98.777,15.80,0.093,0.046,idle
98.797,22.83,0.091,0.047,idle
98.817,17.63,0.092,0.046,idle
98.837,10.43,0.090,0.041,idle
98.857,7.25,0.090,0.045,idle
98.877,6.10,0.093,0.049,idle
98.897,5.68,0.092,0.049,idle
98.917,1.46,0.089,0.049,idle
98.937,0.67,0.092,0.047,idle
98.957,-0.78,0.091,0.046,idle
98.977,3.32,0.091,0.045,idle
98.997,3.71,0.092,0.046,idle
99.017,4.21,0.090,0.046,idle
99.037,4.09,0.094,0.047,idle
99.057,4.07,0.092,0.047,idle
99.077,4.09,0.090,0.047,idle
99.097,3.99,0.092,0.046,idle
99.117,4.00,0.091,0.048,idle
99.137,4.02,0.092,0.047,idle
99.157,4.05,0.094,0.048,idle
99.177,4.03,0.090,0.046,idle
99.197,4.04,0.093,0.048,idle
99.217,4.07,0.092,0.048,idle
99.237,4.07,0.089,0.046,idle
99.257,4.07,0.093,0.048,idle
99.277,4.07,0.090,0.046,idle
99.297,4.07,0.092,0.047,idle
99.317,4.07,0.092,0.047,idle
99.337,4.07,0.090,0.047,idle
99.357,4.09,0.093,0.047,idle
99.377,4.10,0.091,0.046,idle
99.397,4.11,0.090,0.047,idle
99.417,4.09,0.093,0.047,idle
99.437,4.09,0.091,0.047,idle
99.457,4.10,0.092,0.048,idle
99.477,4.07,0.094,0.047,idle
99.497,4.01,0.090,0.047,idle
99.517,4.03,0.092,0.048,idle
99.537,4.06,0.091,0.047,idle
99.557,4.02,0.091,0.046,idle
99.577,4.01,0.093,0.047,idle
99.597,4.00,0.090,0.047,idle
99.617,4.00,0.092,0.047,idle
99.637,4.02,0.093,0.046,idle
99.657,4.00,0.089,0.047,idle
99.677,3.98,0.092,0.047,idle
99.697,3.96,0.090,0.046,idle
99.717,3.96,0.091,0.046,idle
99.737,3.96,0.093,0.046,idle
99.757,3.94,0.089,0.047,idle
99.777,3.91,0.092,0.046,idle
99.797,3.92,0.093,0.046,idle
99.817,3.91,0.090,0.047,idle
99.837,3.89,0.093,0.046,idle
99.857,3.88,0.091,0.046,idle
99.877,3.86,0.092,0.046,idle
99.897,3.86,0.093,0.047,idle
99.917,3.87,0.089,0.050,idle
99.937,3.87,0.093,0.045,idle
99.957,3.87,0.091,0.044,idle
99.977,3.88,0.089,0.049,idle
99.997,3.87,0.093,0.047,idle
100.017,3.87,0.091,0.048,idle
100.037,3.88,0.091,0.048,idle
100.057,3.87,0.092,0.048,idle
100.077,3.86,0.090,0.048,idle
100.097,3.86,0.093,0.048,idle
100.117,3.85,0.092,0.045,idle
100.137,3.84,0.089,0.046,idle
100.157,3.82,0.094,0.047,idle
100.177,3.81,0.090,0.047,idle
100.197,3.80,0.092,0.049,idle
100.217,3.79,0.093,0.046,idle
100.237,3.79,0.090,0.046,idle
100.257,3.79,0.092,0.045,idle
100.277,3.80,0.091,0.046,idle
100.297,3.80,0.090,0.045,idle
100.317,3.79,0.092,0.046,idle
100.337,3.77,0.089,0.047,idle
100.357,3.76,0.092,0.048,idle
100.377,3.74,0.093,0.046,idle
100.397,3.74,0.089,0.046,idle
100.417,3.77,0.091,0.045,idle
100.437,3.77,0.091,0.046,idle
100.457,3.79,0.089,0.046,idle
100.477,3.83,0.091,0.048,idle
100.497,3.89,0.091,0.047,idle
100.517,3.85,0.092,0.046,idle
100.537,3.85,0.093,0.047,idle
100.557,3.86,0.089,0.045,idle
100.577,3.87,0.092,0.044,idle
100.597,3.88,0.091,0.045,idle
100.617,3.87,0.089,0.046,idle
100.637,3.84,0.093,0.045,idle
100.657,3.85,0.090,0.047,idle
100.677,3.87,0.092,0.048,idle
100.697,3.87,0.092,0.046,idle
100.717,3.88,0.089,0.048,idle
100.737,3.86,0.092,0.046,idle
100.757,3.89,0.091,0.047,idle
100.777,3.91,0.090,0.047,idle
100.797,3.90,0.092,0.047,idle
100.817,3.90,0.089,0.046,idle
100.837,3.87,0.091,0.046,idle
100.857,3.90,0.091,0.045,idle
100.877,3.92,0.089,0.046,idle
100.897,3.92,0.092,0.046,idle
100.917,3.93,0.091,0.046,idle
100.937,3.87,0.090,0.046,idle
100.957,3.85,0.093,0.047,idle
100.977,3.88,0.090,0.046,idle
100.997,3.88,0.092,0.047,idle
101.017,3.89,0.093,0.046,idle
101.037,3.88,0.090,0.046,idle
101.057,3.86,0.093,0.046,idle
101.077,3.86,0.091,0.047,idle
101.097,3.86,0.091,0.045,idle
101.117,3.86,0.094,0.047,idle
101.137,3.88,0.090,0.047,idle
101.157,3.91,0.092,0.045,idle
101.177,3.92,0.092,0.046,idle
101.197,3.93,0.089,0.046,idle
101.217,3.93,0.092,0.046,idle
101.237,3.93,0.090,0.046,idle
101.257,3.92,0.090,0.047,idle
101.277,3.91,0.093,0.047,idle
101.297,3.90,0.087,0.046,idle
101.317,3.91,0.091,0.052,idle
101.337,3.92,0.092,0.051,idle
101.357,3.92,0.090,0.047,idle
101.377,3.92,0.092,0.048,idle
101.397,3.92,0.091,0.044,idle
101.417,3.92,0.091,0.047,idle
101.437,3.92,0.092,0.050,idle
101.457,3.90,0.091,0.045,idle
101.477,3.90,0.092,0.046,idle
101.497,3.88,0.091,0.046,idle
101.517,3.88,0.090,0.046,idle
101.537,3.88,0.093,0.048,idle
101.557,3.88,0.090,0.046,idle
101.577,3.89,0.091,0.046,idle
101.597,3.89,0.093,0.048,idle
101.617,3.90,0.089,0.045,idle
101.637,3.89,0.092,0.045,idle
101.657,3.89,0.090,0.047,idle
101.677,3.88,0.088,0.045,idle
101.697,3.88,0.093,0.046,idle
101.717,3.87,0.089,0.046,idle
101.737,3.88,0.091,0.045,idle
101.757,3.88,0.092,0.045,idle
101.777,3.88,0.089,0.048,idle
101.797,3.88,0.091,0.045,idle
101.817,3.88,0.091,0.047,idle
101.837,3.93,0.089,0.045,idle
101.857,3.92,0.092,0.047,idle
101.877,3.93,0.090,0.046,idle
101.897,3.93,0.092,0.046,idle
101.917,3.92,0.092,0.046,idle
101.937,3.96,0.089,0.047,idle
101.957,3.98,0.093,0.047,idle
101.977,3.95,0.090,0.048,idle
101.997,3.96,0.089,0.046,idle
102.017,3.95,0.092,0.046,idle
102.037,3.96,0.090,0.047,idle
102.057,3.97,0.092,0.047,idle
102.077,3.95,0.093,0.047,idle
102.097,3.95,0.089,0.048,idle
102.117,3.95,0.091,0.046,idle
102.137,3.94,0.091,0.047,idle
102.157,3.94,0.090,0.047,idle
102.177,3.93,0.092,0.045,idle
102.197,3.92,0.089,0.047,idle
102.217,3.92,0.091,0.047,idle
102.237,3.93,0.093,0.046,idle
102.257,3.93,0.090,0.047,idle
102.277,3.94,0.093,0.047,idle
102.297,3.94,0.090,0.046,idle
102.317,3.92,0.091,0.046,idle
102.337,3.91,0.091,0.046,idle
102.357,3.91,0.090,0.047,idle
102.377,3.90,0.093,0.046,idle
102.397,3.90,0.092,0.046,idle
102.417,3.89,0.089,0.048,idle
102.437,3.88,0.094,0.045,idle
102.457,3.90,0.091,0.046,idle
102.477,3.90,0.090,0.046,idle
102.497,3.90,0.092,0.047,idle
102.517,3.89,0.089,0.047,idle
102.537,3.88,0.092,0.047,idle
102.557,3.90,0.092,0.046,idle
102.577,3.89,0.089,0.045,idle
102.597,3.89,0.092,0.045,idle
102.617,3.88,0.090,0.045,idle
102.637,3.90,0.092,0.046,idle
102.657,3.90,0.092,0.045,idle
102.677,3.91,0.089,0.046,idle
102.697,3.90,0.092,0.048,idle
102.717,3.89,0.091,0.047,idle
102.737,3.89,0.089,0.046,idle
102.757,3.88,0.093,0.048,idle
102.777,3.87,0.089,0.046,idle
102.797,3.88,0.091,0.046,idle
102.817,3.88,0.092,0.047,idle
102.837,3.87,0.090,0.046,idle
102.857,3.87,0.092,0.046,idle
102.877,3.86,0.091,0.046,idle
102.897,3.85,0.088,0.047,idle
102.917,3.84,0.093,0.046,idle
102.937,3.87,0.088,0.046,idle
102.957,3.86,0.091,0.047,idle
102.977,3.86,0.092,0.047,idle
102.997,3.86,0.088,0.047,idle
103.017,3.87,0.092,0.046,idle
103.037,3.87,0.092,0.046,idle
103.057,3.88,0.089,0.047,idle
103.077,3.91,0.094,0.047,idle
103.097,3.91,0.091,0.046,idle
103.117,3.91,0.092,0.046,idle
103.137,3.92,0.092,0.046,idle
103.157,3.90,0.089,0.047,idle
103.177,3.90,0.092,0.048,idle
103.197,3.91,0.090,0.047,idle
103.217,3.91,0.090,0.047,idle
103.237,3.91,0.093,0.046,idle
103.257,3.91,0.088,0.046,idle
103.277,3.91,0.091,0.046,idle
103.297,3.92,0.092,0.046,idle
103.317,3.92,0.088,0.046,idle
103.337,3.92,0.093,0.046,idle
103.357,3.93,0.091,0.046,idle
103.377,3.93,0.090,0.046,idle
103.397,3.93,0.093,0.046,idle
103.417,3.94,0.090,0.046,idle
103.437,3.94,0.092,0.047,idle
103.457,3.93,0.094,0.046,idle
103.477,3.91,0.090,0.045,idle
103.497,3.92,0.092,0.045,idle
103.517,3.93,0.091,0.046,idle
103.537,3.94,0.090,0.047,idle
103.557,3.94,0.094,0.047,idle
103.577,3.93,0.090,0.047,idle
103.597,3.93,0.092,0.047,idle
103.617,3.92,0.091,0.046,idle
103.637,3.91,0.090,0.048,idle
103.657,3.92,0.091,0.046,idle
103.677,3.91,0.090,0.046,idle
103.697,3.92,0.091,0.046,idle
103.717,3.93,0.093,0.048,idle
103.737,3.93,0.090,0.047,idle
103.757,3.94,0.093,0.047,idle
103.777,3.95,0.091,0.047,idle
103.797,3.93,0.089,0.048,idle
103.817,3.93,0.092,0.047,idle
103.837,3.92,0.090,0.045,idle
103.857,3.91,0.092,0.045,idle
103.877,3.91,0.092,0.048,idle
103.897,3.91,0.089,0.046,idle
103.917,3.90,0.093,0.048,idle
103.937,3.88,0.091,0.046,idle
103.957,3.87,0.090,0.047,idle
103.977,3.87,0.094,0.047,idle
103.997,3.87,0.089,0.047,idle
104.017,3.87,0.093,0.045,idle
104.037,3.88,0.092,0.045,idle
104.057,3.88,0.088,0.047,idle
104.077,3.89,0.092,0.047,idle
104.097,3.89,0.090,0.047,idle
104.117,3.88,0.089,0.048,idle
104.137,3.87,0.093,0.047,idle
104.157,3.88,0.090,0.048,idle
104.177,3.88,0.091,0.047,idle
104.197,3.88,0.094,0.047,idle
104.217,3.87,0.088,0.047,idle
104.237,3.87,0.094,0.046,idle
104.257,3.86,0.092,0.048,idle
104.277,3.86,0.091,0.048,idle
104.297,3.87,0.094,0.047,idle
104.317,3.88,0.090,0.048,idle
104.337,3.89,0.092,0.047,idle
104.357,3.89,0.093,0.046,idle
104.377,3.88,0.088,0.046,idle
104.397,3.88,0.092,0.046,idle
104.417,3.88,0.091,0.047,idle
104.437,3.89,0.089,0.047,idle
104.457,3.89,0.092,0.048,idle
104.477,3.91,0.089,0.048,idle
104.497,3.91,0.091,0.047,idle
104.517,3.91,0.092,0.046,idle
104.537,3.90,0.089,0.045,idle
104.557,3.89,0.092,0.046,idle
104.577,3.91,0.090,0.048,idle
104.597,3.91,0.091,0.048,idle
104.617,3.93,0.093,0.046,idle
104.637,3.94,0.090,0.047,idle
104.657,3.94,0.094,0.046,idle
104.677,3.95,0.093,0.047,idle
104.697,3.94,0.088,0.047,idle
104.717,3.94,0.093,0.048,idle
104.737,3.94,0.090,0.048,idle
104.757,3.94,0.091,0.047,idle
104.777,3.98,0.093,0.047,idle
104.797,3.98,0.089,0.047,idle
104.817,3.95,0.093,0.047,idle
104.837,3.94,0.092,0.049,idle
104.857,3.94,0.090,0.047,idle
104.877,3.93,0.092,0.048,idle
104.897,3.96,0.090,0.046,idle
104.917,3.95,0.092,0.047,idle
104.937,3.95,0.093,0.047,idle
104.957,3.96,0.089,0.047,idle
104.977,3.95,0.092,0.046,idle
104.997,3.94,0.092,0.047,idle
105.016,3.95,0.090,0.046,idle
105.036,3.94,0.093,0.048,idle
105.056,3.93,0.091,0.048,idle
105.076,3.92,0.091,0.048,idle
105.096,3.90,0.093,0.047,idle
105.116,3.92,0.090,0.046,idle
105.136,3.93,0.093,0.046,idle
105.156,3.94,0.091,0.046,idle
105.176,3.96,0.090,0.047,idle
105.196,3.93,0.092,0.045,idle
105.216,3.94,0.090,0.045,idle
105.236,3.95,0.092,0.047,idle
105.256,3.95,0.094,0.048,idle
105.276,3.95,0.089,0.047,idle
105.296,3.94,0.093,0.050,idle
105.316,3.94,0.091,0.051,idle
105.336,3.93,0.090,0.046,idle
105.356,3.93,0.093,0.046,idle
105.376,3.93,0.090,0.046,idle
105.396,3.93,0.092,0.047,idle
105.416,3.92,0.093,0.049,idle
105.436,3.93,0.089,0.047,idle
105.456,3.92,0.093,0.045,idle
105.476,3.92,0.091,0.047,idle
105.496,3.91,0.091,0.046,idle
105.516,3.91,0.094,0.048,idle
105.536,3.91,0.091,0.045,idle
105.556,3.92,0.092,0.047,idle
105.576,3.90,0.093,0.047,idle
105.596,3.90,0.089,0.046,idle
105.616,3.90,0.093,0.048,idle
105.636,3.90,0.090,0.047,idle
105.656,3.88,0.090,0.047,idle
105.676,3.87,0.092,0.046,idle
105.696,3.86,0.090,0.052,idle
105.716,3.86,0.093,0.049,idle
105.736,3.86,0.093,0.046,idle
105.756,3.84,0.088,0.048,idle
105.776,3.80,0.093,0.046,idle
105.796,3.79,0.091,0.046,idle
105.816,3.82,0.090,0.046,idle
105.836,3.84,0.094,0.046,idle
105.856,3.85,0.090,0.045,idle
105.876,3.85,0.092,0.046,idle
105.896,3.82,0.093,0.047,idle
105.916,3.81,0.090,0.045,idle
105.936,3.80,0.092,0.045,idle
105.956,3.79,0.091,0.046,idle
105.976,3.78,0.090,0.047,idle
105.996,3.77,0.093,0.047,idle
106.016,3.73,0.088,0.046,idle
106.036,3.71,0.092,0.047,idle
106.056,3.68,0.092,0.047,idle
106.076,3.66,0.092,0.046,idle
106.096,3.66,0.097,0.045,idle
106.116,3.62,0.092,0.047,idle
106.136,3.59,0.096,0.046,idle
106.156,3.56,0.091,0.047,idle
106.176,3.52,0.095,0.046,idle
106.196,3.52,0.090,0.045,idle
106.216,3.50,0.093,0.047,idle
106.236,3.47,0.087,0.046,idle
106.256,3.46,0.092,0.046,idle
106.276,3.44,0.087,0.046,idle
106.296,3.41,0.087,0.045,idle
106.316,3.40,0.088,0.045,idle
106.336,3.37,0.082,0.045,idle
106.356,3.36,0.084,0.047,idle
106.376,3.34,0.085,0.046,idle
106.396,3.35,0.079,0.046,idle
106.416,3.36,0.078,0.047,idle
106.436,3.29,0.078,0.046,idle
106.456,3.27,0.077,0.046,idle
106.476,3.22,0.074,0.048,idle
106.496,3.22,0.072,0.046,idle
106.516,3.23,0.070,0.046,idle
106.536,3.18,0.069,0.047,idle
106.556,3.16,0.066,0.045,idle
106.576,3.17,0.066,0.047,idle
106.596,3.14,0.065,0.047,idle
106.616,3.12,0.054,0.046,idle
106.636,3.09,0.036,0.047,idle
106.656,3.05,0.035,0.046,idle
106.676,3.05,0.035,0.047,idle
106.696,3.04,0.034,0.047,idle
106.716,3.03,0.034,0.047,idle
106.736,3.01,0.034,0.046,idle
106.756,3.00,0.035,0.047,idle
106.776,2.99,0.034,0.047,idle
106.796,2.98,0.035,0.046,idle
106.816,2.97,0.034,0.048,idle
106.836,2.95,0.034,0.048,idle
106.856,2.94,0.035,0.050,idle
106.876,2.93,0.035,0.048,idle
106.896,2.91,0.034,0.045,idle
106.916,2.92,0.033,0.047,idle
106.936,2.92,0.034,0.047,idle
106.956,2.91,0.034,0.050,idle
106.976,2.90,0.034,0.048,idle
106.996,2.92,0.035,0.046,idle
107.016,2.91,0.033,0.048,idle
107.036,2.90,0.034,0.048,idle
107.056,2.90,0.036,0.047,idle
107.076,2.91,0.035,0.049,idle
107.096,2.91,0.034,0.048,idle
107.116,2.91,0.034,0.047,idle
107.136,2.94,0.034,0.049,idle
107.156,2.95,0.034,0.046,idle
107.176,2.94,0.034,0.046,idle
107.196,2.95,0.034,0.047,idle
107.216,2.94,0.034,0.047,idle
107.236,2.96,0.035,0.047,idle
107.256,2.95,0.034,0.046,idle
107.276,2.96,0.034,0.047,idle
107.296,2.96,0.034,0.047,idle
107.316,2.98,0.034,0.045,idle
107.336,3.01,0.035,0.047,idle
107.356,3.02,0.034,0.046,idle
107.376,3.02,0.034,0.046,idle
107.396,3.01,0.034,0.045,idle
107.416,3.00,0.034,0.045,idle
107.436,3.05,0.035,0.046,idle
107.456,3.08,0.034,0.045,idle
107.476,3.12,0.035,0.047,idle
107.496,3.11,0.034,0.048,idle
107.516,3.09,0.035,0.046,idle
107.536,3.13,0.035,0.046,idle
107.556,3.13,0.034,0.046,idle
107.576,3.11,0.036,0.047,idle
107.596,3.11,0.035,0.047,idle
107.616,3.11,0.035,0.046,idle
107.636,3.14,0.035,0.048,idle
107.656,3.15,0.034,0.048,idle
107.676,3.14,0.034,0.048,idle
107.696,3.13,0.034,0.046,idle
107.716,3.13,0.035,0.049,idle
107.736,3.13,0.035,0.047,idle
107.756,3.13,0.034,0.047,idle
107.776,3.13,0.035,0.047,idle
107.796,3.12,0.036,0.048,idle
107.816,3.13,0.036,0.048,idle
107.836,3.13,0.035,0.046,idle
107.856,3.13,0.035,0.046,idle
107.876,3.13,0.036,0.047,idle
107.896,3.13,0.035,0.047,idle
107.916,3.14,0.035,0.046,idle
107.936,3.13,0.035,0.046,idle
107.956,3.15,0.035,0.047,idle
107.976,3.16,0.035,0.047,idle
107.996,3.14,0.035,0.047,idle
108.016,3.15,0.035,0.047,idle
108.036,3.17,0.034,0.046,idle
108.056,3.17,0.034,0.048,idle
108.076,3.18,0.034,0.047,idle
108.096,3.17,0.035,0.045,idle
108.116,3.18,0.034,0.047,idle
108.136,3.18,0.035,0.046,idle
108.156,3.17,0.033,0.047,idle
108.176,3.18,0.035,0.046,idle
108.196,3.17,0.034,0.046,idle
108.216,3.18,0.034,0.047,idle
108.236,3.18,0.034,0.047,idle
108.256,3.18,0.035,0.047,idle
108.276,3.18,0.035,0.048,idle
108.296,3.19,0.035,0.046,idle
108.316,3.17,0.035,0.047,idle
108.336,3.16,0.035,0.048,idle
108.356,3.15,0.034,0.048,idle
108.376,3.15,0.035,0.048,idle
108.396,3.14,0.034,0.047,idle
108.416,3.13,0.034,0.046,idle
108.436,3.12,0.035,0.047,idle
108.456,3.09,0.035,0.047,idle
108.476,3.07,0.034,0.047,idle
108.496,3.07,0.035,0.048,idle
108.516,3.07,0.035,0.047,idle
108.536,3.05,0.035,0.046,idle
108.556,3.04,0.034,0.047,idle
108.576,3.03,0.034,0.046,idle
108.596,3.03,0.035,0.046,idle
108.616,3.02,0.035,0.046,idle
108.636,3.01,0.036,0.047,idle
108.656,3.03,0.036,0.048,idle
108.676,3.03,0.035,0.044,idle
108.696,3.04,0.035,0.045,idle
108.716,3.04,0.035,0.045,idle
108.736,3.04,0.035,0.046,idle
108.756,3.04,0.035,0.047,idle
108.776,3.04,0.035,0.047,idle
108.796,3.05,0.034,0.047,idle
108.816,3.05,0.034,0.047,idle
108.836,3.05,0.034,0.046,idle
108.856,3.05,0.034,0.047,idle
108.876,3.06,0.034,0.046,idle
108.896,3.06,0.034,0.047,idle
108.916,3.06,0.034,0.047,idle
108.936,3.07,0.033,0.048,idle
108.956,3.06,0.034,0.047,idle
108.976,3.06,0.034,0.047,idle
108.996,3.07,0.034,0.047,idle
109.016,3.06,0.035,0.046,idle
109.036,3.06,0.035,0.045,idle
109.056,3.05,0.035,0.049,idle
109.076,3.04,0.035,0.047,idle
109.096,3.03,0.035,0.047,idle
109.116,3.03,0.036,0.048,idle
109.136,3.02,0.035,0.047,idle
109.156,3.04,0.035,0.048,idle
109.176,3.04,0.035,0.047,idle
109.196,3.05,0.035,0.047,idle
109.216,3.05,0.034,0.047,idle
109.236,3.05,0.035,0.048,idle
109.256,3.05,0.035,0.046,idle
109.276,3.05,0.034,0.048,idle
109.296,3.05,0.034,0.046,idle
109.316,3.05,0.035,0.047,idle
109.336,3.06,0.035,0.048,idle
109.356,3.06,0.034,0.046,idle
109.376,3.06,0.034,0.048,idle
109.396,3.06,0.034,0.048,idle
109.416,3.06,0.034,0.045,idle
109.436,3.06,0.034,0.047,idle
109.456,3.09,0.035,0.048,idle
109.476,3.10,0.035,0.046,idle
109.496,3.09,0.034,0.047,idle
109.516,3.09,0.034,0.046,idle
109.536,3.07,0.034,0.047,idle
109.556,3.08,0.034,0.047,idle
109.576,3.09,0.034,0.046,idle
109.596,3.08,0.034,0.046,idle
109.616,3.10,0.034,0.047,idle
109.636,3.10,0.034,0.047,idle
109.656,3.10,0.035,0.047,idle
109.676,3.10,0.035,0.047,idle
109.696,3.10,0.035,0.048,idle
109.716,3.10,0.035,0.047,idle
109.736,3.11,0.035,0.046,idle
109.756,3.13,0.035,0.047,idle
109.776,3.12,0.035,0.048,idle
109.796,3.14,0.035,0.047,idle
109.816,3.15,0.035,0.047,idle
109.836,3.12,0.035,0.046,idle
109.856,3.12,0.035,0.048,idle
109.876,3.11,0.035,0.047,idle
109.896,3.11,0.035,0.047,idle
109.916,3.10,0.035,0.047,idle
109.936,3.09,0.035,0.046,idle
109.956,3.09,0.034,0.047,idle
109.976,3.07,0.034,0.047,idle
109.996,3.06,0.034,0.048,idle
110.016,3.06,0.034,0.048,idle
110.036,3.06,0.034,0.048,idle
110.056,3.06,0.034,0.047,idle
110.076,3.07,0.034,0.049,idle
110.096,3.06,0.034,0.047,idle
110.116,3.08,0.035,0.047,idle
110.136,3.08,0.034,0.048,idle
110.156,3.07,0.034,0.047,idle
110.176,3.09,0.035,0.046,idle
110.196,3.07,0.035,0.047,idle
110.216,3.06,0.035,0.048,idle
110.236,3.04,0.036,0.046,idle
110.256,3.03,0.035,0.048,idle
110.276,3.05,0.035,0.046,idle
110.296,3.05,0.036,0.047,idle
110.316,3.04,0.035,0.048,idle
110.336,3.03,0.035,0.046,idle
110.356,3.04,0.035,0.047,idle
110.376,3.01,0.035,0.048,idle
110.396,3.01,0.034,0.048,idle
110.416,3.03,0.034,0.047,idle
110.436,3.02,0.034,0.046,idle
110.456,3.00,0.034,0.048,idle
110.476,3.00,0.034,0.047,idle
110.496,3.01,0.034,0.046,idle
110.516,3.02,0.034,0.046,idle
110.536,3.04,0.034,0.046,idle
110.556,3.05,0.035,0.047,idle
110.576,3.05,0.035,0.047,idle
110.596,3.06,0.035,0.045,idle
110.616,3.05,0.035,0.047,idle
110.636,3.04,0.035,0.049,idle
110.656,3.02,0.037,0.048,idle
110.676,3.01,0.035,0.046,idle
110.696,3.00,0.034,0.048,idle
110.716,3.00,0.034,0.045,idle
110.736,3.02,0.035,0.045,idle
110.756,3.00,0.035,0.047,idle
110.776,3.01,0.035,0.046,idle
110.796,3.00,0.034,0.048,idle
110.816,2.98,0.034,0.048,idle
110.836,2.98,0.034,0.046,idle
110.856,2.97,0.033,0.045,idle
110.876,2.99,0.034,0.048,idle
110.896,2.97,0.035,0.047,idle
110.916,2.96,0.035,0.048,idle
110.936,2.97,0.035,0.047,idle
110.956,2.97,0.035,0.047,idle
110.976,2.99,0.035,0.046,idle
110.996,3.01,0.035,0.048,idle
111.016,3.02,0.035,0.045,idle
111.036,3.02,0.035,0.047,idle
111.056,3.02,0.035,0.046,idle
111.076,3.03,0.034,0.047,idle
111.096,3.02,0.035,0.048,idle
111.116,2.99,0.034,0.047,idle
111.136,2.97,0.034,0.045,idle
111.156,2.96,0.034,0.047,idle
111.176,2.93,0.035,0.045,idle
111.196,2.93,0.035,0.047,idle
111.216,2.94,0.035,0.046,idle
111.236,2.96,0.034,0.046,idle
111.256,2.97,0.034,0.048,idle
111.276,2.97,0.034,0.045,idle
111.296,2.98,0.034,0.046,idle
111.316,3.00,0.034,0.047,idle
111.336,3.01,0.034,0.049,idle
111.356,2.99,0.034,0.045,idle
111.376,3.00,0.033,0.045,idle
111.396,2.97,0.034,0.049,idle
111.416,2.96,0.035,0.047,idle
111.436,2.96,0.035,0.046,idle
111.456,2.96,0.035,0.047,idle
111.476,2.97,0.036,0.047,idle
111.496,2.96,0.035,0.046,idle
111.516,2.97,0.035,0.046,idle
111.536,2.96,0.035,0.047,idle
111.556,2.96,0.035,0.048,idle
111.576,2.97,0.034,0.047,idle
111.596,2.98,0.034,0.046,idle
111.616,2.97,0.034,0.048,idle
111.636,2.98,0.034,0.046,idle
111.656,2.99,0.034,0.046,idle
111.676,2.99,0.034,0.047,idle
111.696,3.00,0.034,0.047,idle
111.716,2.99,0.035,0.047,idle
111.736,2.97,0.035,0.047,idle
111.756,2.97,0.034,0.045,idle
111.776,2.98,0.035,0.047,idle
111.796,2.96,0.035,0.047,idle
111.816,2.97,0.035,0.046,idle
111.836,2.99,0.035,0.047,idle
111.856,2.99,0.034,0.047,idle
111.876,2.97,0.035,0.048,idle
111.896,3.00,0.034,0.045,idle
111.916,3.01,0.035,0.048,idle
111.936,3.02,0.035,0.049,idle
111.956,3.01,0.035,0.046,idle
111.976,2.96,0.035,0.045,idle
111.996,2.96,0.035,0.045,idle
112.016,2.97,0.034,0.047,idle
112.036,2.96,0.035,0.048,idle
112.056,2.99,0.034,0.047,idle
112.076,2.93,0.034,0.047,idle
112.096,2.93,0.034,0.047,idle
112.116,2.98,0.034,0.047,idle
112.136,2.98,0.034,0.045,idle
112.156,2.97,0.034,0.049,idle
112.176,2.99,0.035,0.048,idle
112.196,2.98,0.035,0.047,idle
112.216,3.02,0.034,0.046,idle
112.236,3.02,0.035,0.047,idle
112.256,3.00,0.036,0.046,idle
112.276,3.00,0.035,0.046,idle
112.296,2.99,0.035,0.045,idle
112.316,2.96,0.035,0.047,idle
112.336,2.97,0.034,0.047,idle
112.356,2.98,0.034,0.047,idle
112.376,2.99,0.034,0.047,idle
112.396,3.01,0.034,0.046,idle
112.416,2.99,0.035,0.046,idle
112.436,3.00,0.033,0.046,idle
112.456,3.01,0.034,0.051,idle
112.476,2.98,0.035,0.052,idle
112.496,2.98,0.035,0.048,idle
112.516,2.97,0.035,0.050,idle
112.536,2.96,0.035,0.045,idle
112.556,2.94,0.034,0.049,idle
112.576,2.93,0.034,0.053,idle
112.596,2.92,0.035,0.045,idle
112.616,2.94,0.035,0.047,idle
112.636,2.95,0.034,0.046,idle
112.656,2.95,0.035,0.045,idle
112.676,2.96,0.035,0.049,idle
112.696,2.96,0.035,0.047,idle
112.716,2.97,0.035,0.045,idle
112.736,2.98,0.035,0.048,idle
112.756,2.98,0.035,0.047,idle
112.776,2.97,0.034,0.045,idle
112.796,2.96,0.034,0.048,idle
112.816,2.95,0.034,0.048,idle
112.836,2.97,0.035,0.046,idle
112.856,2.99,0.034,0.047,idle
112.876,2.99,0.034,0.046,idle
112.896,2.98,0.035,0.045,idle
112.916,2.98,0.034,0.047,idle
112.936,2.97,0.035,0.047,idle
112.956,2.97,0.034,0.048,idle
112.976,3.02,0.034,0.046,idle
112.996,3.01,0.034,0.047,idle
113.016,3.00,0.035,0.046,idle
113.036,3.01,0.034,0.047,idle
113.056,2.98,0.034,0.048,idle
113.076,3.05,0.035,0.047,idle
113.096,3.07,0.035,0.046,idle
113.116,3.04,0.035,0.046,idle
113.136,3.08,0.035,0.046,idle
113.156,3.08,0.036,0.047,idle
113.176,3.06,0.035,0.046,idle
113.196,3.09,0.035,0.048,idle
113.216,3.05,0.034,0.047,idle
113.236,3.05,0.034,0.047,idle
113.256,3.05,0.034,0.046,idle
113.276,3.05,0.034,0.048,idle
113.296,3.04,0.034,0.046,idle
113.316,3.06,0.035,0.048,idle
113.336,3.07,0.035,0.047,idle
113.356,3.06,0.035,0.047,idle
113.376,3.07,0.034,0.046,idle
113.396,3.08,0.034,0.046,idle
113.416,3.09,0.034,0.045,idle
113.436,3.08,0.034,0.047,idle
113.456,3.08,0.034,0.045,idle
113.476,3.08,0.034,0.046,idle
113.496,3.09,0.035,0.047,idle
113.516,3.11,0.035,0.045,idle
113.536,3.14,0.035,0.047,idle
113.556,3.15,0.035,0.046,idle
113.576,3.15,0.035,0.047,idle
113.596,3.15,0.035,0.046,idle
113.616,3.14,0.034,0.046,idle
113.636,3.12,0.034,0.047,idle
113.656,3.12,0.034,0.046,idle
113.676,3.11,0.034,0.047,idle
113.696,3.11,0.033,0.047,idle
113.716,3.11,0.034,0.049,idle
113.736,3.11,0.035,0.047,idle
113.756,3.11,0.035,0.046,idle
113.776,3.12,0.035,0.046,idle
113.796,3.14,0.035,0.046,idle
113.816,3.15,0.036,0.046,idle
113.836,3.14,0.034,0.048,idle
113.856,3.12,0.034,0.048,idle
113.876,3.11,0.035,0.045,idle
113.896,3.11,0.035,0.046,idle
113.916,3.12,0.034,0.046,idle
113.936,3.12,0.035,0.046,idle
113.956,3.13,0.035,0.048,idle
113.976,3.13,0.035,0.049,idle
113.996,3.14,0.035,0.048,idle
114.016,3.15,0.035,0.046,idle
114.036,3.14,0.034,0.047,idle
114.056,3.15,0.034,0.047,idle
114.076,3.13,0.034,0.049,idle
114.096,3.12,0.034,0.047,idle
114.116,3.12,0.034,0.047,idle
114.136,3.10,0.034,0.048,idle
114.156,3.11,0.034,0.047,idle
114.176,3.11,0.034,0.047,idle
114.196,3.10,0.035,0.048,idle
114.216,3.11,0.035,0.048,idle
114.236,3.11,0.035,0.048,idle
114.256,3.11,0.035,0.047,idle
114.276,3.11,0.035,0.046,idle
114.296,3.11,0.034,0.047,idle
114.316,3.10,0.034,0.047,idle
114.336,3.09,0.034,0.046,idle
114.356,3.09,0.035,0.050,idle
114.376,3.09,0.035,0.050,idle
114.396,3.09,0.035,0.047,idle
114.416,3.09,0.035,0.045,idle
114.436,3.10,0.035,0.047,idle
114.456,3.11,0.035,0.048,idle
114.476,3.10,0.034,0.048,idle
114.496,3.09,0.035,0.046,idle
114.516,3.06,0.034,0.048,idle
114.536,3.04,0.035,0.049,idle
114.556,3.03,0.034,0.048,idle
114.576,3.03,0.035,0.048,idle
114.596,3.05,0.035,0.046,idle
114.616,3.05,0.035,0.049,idle
114.636,3.06,0.036,0.046,idle
114.656,3.08,0.036,0.048,idle
114.676,3.07,0.036,0.047,idle
114.696,3.08,0.035,0.047,idle
114.716,3.06,0.035,0.046,idle
114.736,3.06,0.034,0.046,idle
114.756,3.05,0.034,0.048,idle
114.776,3.05,0.034,0.047,idle
114.796,3.04,0.034,0.048,idle
114.816,3.02,0.035,0.048,idle
114.836,3.02,0.035,0.048,idle
114.856,3.02,0.034,0.047,idle
114.876,3.03,0.034,0.047,idle
114.896,3.03,0.035,0.048,idle
114.916,3.04,0.034,0.049,idle
114.936,3.06,0.034,0.046,idle
114.956,3.04,0.034,0.048,idle
114.976,3.04,0.034,0.047,idle
114.996,3.01,0.034,0.048,idle
115.016,2.98,0.034,0.046,idle
115.036,2.98,0.034,0.048,idle
115.056,2.98,0.035,0.047,idle
115.076,2.98,0.036,0.048,idle
115.096,2.98,0.035,0.047,idle
115.116,2.99,0.035,0.046,idle
115.136,3.01,0.035,0.047,idle
115.156,3.00,0.034,0.047,idle
115.176,3.00,0.035,0.046,idle
115.196,3.00,0.035,0.047,idle
115.216,2.99,0.035,0.047,idle
115.236,2.98,0.034,0.048,idle
115.256,2.97,0.033,0.046,idle
115.276,2.97,0.034,0.047,idle
115.296,2.96,0.034,0.048,idle
115.316,2.96,0.035,0.048,idle
115.336,2.96,0.034,0.047,idle
115.356,2.96,0.034,0.048,idle
115.376,2.97,0.035,0.047,idle
115.396,2.96,0.035,0.047,idle
115.416,2.97,0.035,0.047,idle
115.436,2.96,0.034,0.047,idle
115.456,2.97,0.034,0.047,idle
115.476,2.95,0.034,0.047,idle
115.496,2.99,0.034,0.047,idle
115.516,3.04,0.035,0.047,idle
115.536,3.05,0.035,0.046,idle
115.556,3.05,0.035,0.046,idle
115.576,3.03,0.035,0.047,idle
115.596,2.99,0.035,0.045,idle
115.616,2.99,0.034,0.046,idle
115.636,3.00,0.034,0.048,idle
115.656,2.99,0.034,0.046,idle
115.676,3.04,0.034,0.046,idle
115.696,3.03,0.034,0.048,idle
115.716,3.01,0.033,0.047,idle
115.736,3.01,0.035,0.047,idle
115.756,3.05,0.034,0.046,idle
115.776,3.05,0.034,0.046,idle
115.796,3.05,0.034,0.048,idle
115.816,3.05,0.035,0.047,idle
115.836,3.06,0.036,0.047,idle
115.856,3.06,0.035,0.046,idle
115.876,3.06,0.035,0.046,idle
115.896,3.07,0.035,0.047,idle
115.916,3.05,0.035,0.049,idle
115.936,3.04,0.034,0.045,idle
115.956,3.05,0.034,0.047,idle
115.976,3.06,0.035,0.048,idle
115.996,3.08,0.035,0.046,idle
116.016,3.09,0.034,0.047,idle
116.036,3.11,0.034,0.049,idle
116.056,3.12,0.034,0.048,idle
116.076,3.14,0.034,0.049,idle
116.096,3.14,0.034,0.046,idle
116.116,3.14,0.035,0.045,idle
116.136,3.13,0.035,0.050,idle
116.156,3.11,0.035,0.048,idle
116.176,3.10,0.035,0.047,idle
116.196,3.11,0.034,0.046,idle
116.216,3.12,0.035,0.047,idle
116.236,3.14,0.035,0.046,idle
116.256,3.13,0.035,0.046,idle
116.276,3.13,0.034,0.048,idle
116.296,3.14,0.034,0.045,idle
116.316,3.15,0.034,0.046,idle
116.336,3.14,0.035,0.046,idle
116.356,3.15,0.034,0.044,idle
116.376,3.15,0.035,0.047,idle
116.396,3.16,0.035,0.047,idle
116.416,3.15,0.035,0.048,idle
116.436,3.18,0.035,0.045,idle
116.456,3.18,0.034,0.046,idle
116.476,3.18,0.034,0.045,idle
116.496,3.16,0.034,0.048,idle
116.516,3.14,0.035,0.046,idle
116.536,3.13,0.035,0.047,idle
116.556,3.07,0.035,0.046,idle
116.576,3.11,0.034,0.046,idle
116.596,3.15,0.034,0.046,idle
116.616,3.14,0.034,0.046,idle
116.636,3.11,0.034,0.045,idle
116.656,3.09,0.035,0.045,idle
116.676,3.07,0.034,0.046,idle
116.696,3.08,0.035,0.047,idle
116.716,3.13,0.035,0.047,idle
116.736,3.11,0.035,0.049,idle
116.756,3.06,0.034,0.046,idle
116.776,3.05,0.035,0.047,idle
116.796,3.07,0.035,0.048,idle
116.816,3.07,0.034,0.047,idle
116.836,3.05,0.035,0.047,idle
116.856,3.05,0.034,0.045,idle
116.876,3.05,0.035,0.047,idle
116.896,3.06,0.035,0.047,idle
116.916,3.05,0.034,0.048,idle
116.936,3.04,0.035,0.049,idle
116.956,3.04,0.034,0.049,idle
116.976,3.03,0.034,0.049,idle
116.996,3.05,0.035,0.046,idle
117.016,3.06,0.034,0.045,idle
117.036,3.02,0.034,0.053,idle
117.056,3.04,0.035,0.048,idle
117.076,3.03,0.035,0.047,idle
117.096,3.04,0.035,0.047,idle
117.116,3.02,0.034,0.047,idle
117.136,3.01,0.035,0.046,idle
117.156,3.03,0.035,0.047,idle
117.176,3.02,0.035,0.046,idle
117.196,3.06,0.035,0.048,idle
117.216,3.05,0.034,0.046,idle
117.236,3.04,0.034,0.045,idle
117.256,3.06,0.034,0.048,idle
117.276,3.06,0.034,0.048,idle
117.296,3.07,0.033,0.046,idle
117.316,3.06,0.033,0.047,idle
117.336,3.06,0.034,0.048,idle
117.356,3.07,0.034,0.049,idle
117.376,3.06,0.034,0.047,idle
117.396,3.05,0.035,0.048,idle
117.416,3.03,0.035,0.047,idle
117.436,3.01,0.036,0.047,idle
117.456,3.00,0.035,0.051,idle
117.476,3.02,0.035,0.046,idle
117.496,3.03,0.035,0.049,idle
117.516,2.98,0.035,0.048,idle
117.536,3.02,0.035,0.046,idle
117.556,3.16,0.034,0.048,idle
117.576,3.13,0.034,0.046,idle
117.596,3.11,0.034,0.047,idle
117.616,3.09,0.034,0.046,idle
117.636,3.11,0.034,0.045,idle
117.656,3.21,0.034,0.048,idle
117.676,3.15,0.034,0.046,idle
117.696,3.12,0.034,0.046,idle
117.716,3.12,0.035,0.047,idle
117.736,3.11,0.036,0.047,idle
117.756,3.14,0.034,0.046,idle
117.776,3.15,0.035,0.047,idle
117.796,3.12,0.035,0.046,idle
117.816,3.13,0.035,0.046,idle
117.836,3.15,0.035,0.047,idle
117.856,3.14,0.035,0.045,idle
117.876,3.15,0.034,0.047,idle
117.896,3.14,0.034,0.048,idle
117.916,3.13,0.035,0.047,idle
117.936,3.14,0.035,0.047,idle
117.956,3.11,0.035,0.047,idle
117.976,3.13,0.035,0.047,idle
117.996,3.12,0.035,0.054,idle
118.016,3.13,0.036,0.052,idle
118.036,3.15,0.035,0.048,idle
118.056,3.14,0.033,0.044,idle
118.076,3.14,0.034,0.045,idle
118.096,3.14,0.034,0.049,idle
118.116,3.14,0.034,0.055,idle
118.136,3.14,0.035,0.048,idle
118.156,3.13,0.034,0.050,idle
118.176,3.17,0.033,0.052,idle
118.196,3.15,0.035,0.045,idle
118.216,3.15,0.035,0.050,idle
118.236,3.15,0.035,0.046,idle
118.256,3.14,0.035,0.046,idle
118.276,3.16,0.035,0.049,idle
118.296,3.15,0.035,0.046,idle
118.316,3.17,0.034,0.045,idle
118.336,3.16,0.034,0.050,idle
118.356,3.15,0.034,0.046,idle
118.376,3.15,0.034,0.047,idle
118.396,3.14,0.034,0.048,idle
118.416,3.16,0.034,0.049,idle
118.436,3.16,0.034,0.048,idle
118.456,3.16,0.035,0.047,idle
118.476,3.14,0.035,0.047,idle
118.496,3.14,0.035,0.049,idle
118.516,3.17,0.035,0.048,idle
118.536,3.15,0.035,0.047,idle
118.556,3.07,0.035,0.047,idle
118.576,3.09,0.034,0.047,idle
118.596,3.09,0.034,0.048,idle
118.616,3.12,0.035,0.048,idle
118.636,3.11,0.035,0.048,idle
118.656,3.02,0.035,0.045,idle
118.676,3.06,0.035,0.045,idle
118.696,3.09,0.035,0.046,idle
118.716,3.08,0.036,0.049,idle
118.736,3.11,0.035,0.048,idle
118.756,3.11,0.036,0.047,idle
118.776,3.12,0.035,0.047,idle
118.796,3.14,0.035,0.046,idle
118.816,3.13,0.035,0.048,idle
118.836,3.13,0.034,0.047,idle
118.856,3.16,0.034,0.046,idle
118.876,3.15,0.034,0.047,idle
118.896,3.16,0.034,0.046,idle
118.916,3.18,0.034,0.048,idle
118.936,3.19,0.034,0.045,idle
118.956,3.17,0.034,0.047,idle
118.976,3.18,0.035,0.047,idle
118.996,3.17,0.035,0.048,idle
119.016,3.15,0.034,0.046,idle
119.036,3.14,0.035,0.047,idle
119.056,3.11,0.035,0.047,idle
119.076,3.09,0.035,0.048,idle
119.096,3.07,0.034,0.045,idle
119.116,3.08,0.035,0.047,idle
119.136,3.10,0.035,0.048,idle
119.156,3.09,0.035,0.048,idle
119.176,3.07,0.035,0.048,idle
119.196,3.06,0.035,0.046,idle
119.216,3.08,0.035,0.047,idle
119.236,3.10,0.035,0.046,idle
119.256,3.09,0.034,0.047,idle
119.276,3.09,0.034,0.048,idle
119.296,3.07,0.034,0.048,idle
119.316,3.06,0.034,0.047,idle
119.336,3.07,0.035,0.046,idle
119.356,3.08,0.034,0.047,idle
119.376,3.09,0.034,0.047,idle
119.396,3.09,0.035,0.047,idle
119.416,3.10,0.035,0.047,idle
119.436,3.10,0.036,0.049,idle
119.456,3.11,0.035,0.046,idle
119.476,3.13,0.035,0.049,idle
119.496,3.13,0.034,0.047,idle
119.516,3.13,0.034,0.046,idle
119.536,3.11,0.034,0.047,idle
119.556,3.11,0.034,0.047,idle
119.576,3.11,0.035,0.048,idle
119.596,3.11,0.035,0.048,idle
119.616,3.12,0.035,0.047,idle
119.636,3.14,0.034,0.048,idle
119.656,3.16,0.034,0.049,idle
119.676,3.16,0.034,0.046,idle
119.696,3.16,0.035,0.048,idle
119.716,3.16,0.034,0.046,idle
119.736,3.15,0.034,0.047,idle
119.756,3.15,0.034,0.047,idle
119.776,3.14,0.034,0.047,idle
119.796,3.13,0.034,0.045,idle
119.816,3.12,0.034,0.045,idle
119.836,3.09,0.035,0.046,idle
119.856,3.06,0.035,0.047,idle
119.876,3.07,0.035,0.047,idle
119.896,3.07,0.035,0.045,idle
119.916,3.08,0.035,0.048,idle
119.936,3.07,0.035,0.047,idle
119.956,3.12,0.035,0.049,idle
119.976,3.11,0.035,0.046,idle
119.996,3.13,0.035,0.048,idle
120.016,3.12,0.034,0.047,idle
120.036,3.11,0.034,0.047,idle
120.056,3.10,0.034,0.047,idle
120.076,3.10,0.034,0.047,idle
120.096,3.11,0.034,0.046,idle
120.116,3.12,0.035,0.046,idle
120.136,3.11,0.035,0.048,idle
120.156,3.13,0.035,0.046,idle
120.176,3.14,0.034,0.048,idle
120.196,3.15,0.035,0.049,idle
120.216,3.15,0.035,0.048,idle
120.236,3.15,0.035,0.047,idle
120.256,3.16,0.035,0.047,idle
120.276,3.16,0.034,0.047,idle
120.296,3.15,0.035,0.048,idle
120.316,3.15,0.034,0.049,idle
120.336,3.13,0.035,0.048,idle
120.356,3.11,0.035,0.048,idle
120.376,3.11,0.035,0.048,idle
120.396,3.12,0.035,0.045,idle
120.416,3.13,0.035,0.049,idle
120.436,3.15,0.035,0.047,idle
120.456,3.15,0.034,0.047,idle
120.476,3.17,0.034,0.046,idle
120.496,3.17,0.034,0.051,idle
120.516,3.15,0.034,0.047,idle
120.536,3.16,0.034,0.047,idle
120.556,3.18,0.034,0.049,idle
120.576,3.18,0.034,0.049,idle
120.596,3.18,0.035,0.046,idle
120.616,3.18,0.035,0.048,idle
120.636,3.17,0.035,0.046,idle
120.656,3.17,0.035,0.047,idle
120.676,3.15,0.035,0.049,idle
120.696,3.13,0.035,0.047,idle
120.716,3.12,0.035,0.048,idle
120.736,3.10,0.035,0.050,idle
120.756,3.09,0.035,0.047,idle
120.776,3.11,0.034,0.049,idle
120.796,3.09,0.034,0.049,idle
120.816,3.07,0.034,0.048,idle
120.836,3.09,0.034,0.049,idle
120.856,3.10,0.034,0.047,idle
120.876,3.07,0.034,0.049,idle
120.896,3.08,0.034,0.047,idle
120.916,3.06,0.034,0.048,idle
120.936,3.05,0.035,0.046,idle
120.956,3.04,0.035,0.047,idle
120.976,2.99,0.035,0.044,idle
120.996,2.97,0.035,0.047,idle
121.016,3.01,0.035,0.048,idle
121.036,3.02,0.035,0.048,idle
121.056,3.03,0.035,0.047,idle
121.076,3.07,0.035,0.047,idle
121.096,3.08,0.034,0.046,idle
121.116,3.08,0.034,0.047,idle
121.136,3.10,0.034,0.048,idle
121.156,3.08,0.035,0.048,idle
121.176,3.05,0.034,0.047,idle
121.196,3.04,0.035,0.045,idle
121.216,3.03,0.034,0.049,idle
121.236,3.01,0.034,0.048,idle
121.256,2.99,0.035,0.050,idle
121.276,3.00,0.034,0.049,idle
121.296,3.01,0.034,0.053,idle
121.316,3.01,0.034,0.045,idle
121.336,3.02,0.034,0.045,idle
121.356,3.06,0.034,0.047,idle
121.376,3.06,0.034,0.047,idle
121.396,3.05,0.034,0.051,idle
121.416,3.07,0.034,0.051,idle
121.436,3.04,0.034,0.045,idle
121.456,3.02,0.034,0.051,idle
121.476,2.98,0.034,0.048,idle
121.496,2.98,0.035,0.045,idle
121.516,2.97,0.035,0.047,idle
121.536,2.94,0.035,0.047,idle
121.556,2.93,0.035,0.046,idle
121.576,2.91,0.035,0.046,idle
121.596,2.91,0.035,0.046,idle
121.616,2.91,0.034,0.046,idle
121.636,2.90,0.034,0.048,idle
121.656,2.91,0.034,0.048,idle
121.676,2.92,0.034,0.048,idle
121.696,2.94,0.034,0.047,idle
121.716,2.97,0.034,0.048,idle
121.736,3.00,0.034,0.048,idle
121.756,2.99,0.035,0.049,idle
121.776,2.97,0.034,0.046,idle
121.796,2.99,0.035,0.048,idle
121.816,3.04,0.034,0.047,idle
121.836,3.05,0.036,0.047,idle
121.856,3.05,0.035,0.048,idle
121.876,3.08,0.036,0.048,idle
121.896,3.03,0.035,0.047,idle
121.916,3.03,0.035,0.048,idle
121.936,3.06,0.034,0.049,idle
121.956,3.08,0.035,0.050,idle
121.976,3.12,0.034,0.048,idle
121.996,3.14,0.034,0.048,idle
122.016,3.11,0.034,0.049,idle
122.036,3.12,0.034,0.048,idle
122.056,3.14,0.034,0.048,idle
122.076,3.12,0.034,0.048,idle
122.096,3.12,0.034,0.046,idle
122.116,3.12,0.034,0.048,idle
122.136,3.12,0.035,0.046,idle
122.156,3.15,0.035,0.046,idle
122.176,3.17,0.036,0.048,idle
122.196,3.12,0.035,0.047,idle
122.216,3.15,0.034,0.047,idle
122.236,3.19,0.035,0.047,idle
122.256,3.20,0.034,0.047,idle
122.276,3.21,0.035,0.047,idle
122.296,3.20,0.035,0.048,idle
122.316,3.20,0.034,0.047,idle
122.336,3.22,0.035,0.048,idle
122.356,3.21,0.035,0.049,idle
122.376,3.21,0.034,0.048,idle
122.396,3.18,0.035,0.049,idle
122.416,3.12,0.035,0.048,idle
122.436,3.14,0.034,0.047,idle
122.456,3.16,0.035,0.045,idle
122.476,3.18,0.034,0.046,idle
122.496,3.17,0.034,0.046,idle
122.516,3.21,0.034,0.048,idle
122.536,3.23,0.034,0.046,idle
122.556,3.23,0.034,0.048,idle
122.576,3.23,0.035,0.046,idle
122.596,3.26,0.035,0.047,idle
122.616,3.26,0.034,0.047,idle
122.636,3.26,0.035,0.046,idle
122.656,3.26,0.035,0.046,idle
122.676,3.27,0.035,0.054,idle
122.696,3.27,0.036,0.053,idle
122.716,3.22,0.036,0.046,idle
122.736,3.22,0.035,0.048,idle
122.756,3.21,0.035,0.050,idle
122.776,3.21,0.035,0.047,idle
122.796,3.20,0.034,0.050,idle
122.816,3.19,0.034,0.048,idle
122.836,3.16,0.035,0.045,idle
122.856,3.16,0.034,0.045,idle
122.876,3.19,0.033,0.049,idle
122.896,3.22,0.034,0.048,idle
122.916,3.24,0.034,0.047,idle
122.936,3.21,0.034,0.048,idle
122.956,3.19,0.035,0.048,idle
122.976,3.18,0.034,0.049,idle
122.996,3.18,0.035,0.047,idle
123.016,3.15,0.035,0.046,idle
123.036,3.14,0.035,0.048,idle
123.056,3.12,0.035,0.046,idle
123.076,3.16,0.035,0.048,idle
123.096,3.20,0.036,0.046,idle
123.116,3.10,0.035,0.049,idle
123.136,3.01,0.035,0.047,idle
123.156,2.99,0.035,0.047,idle
123.176,2.97,0.034,0.047,idle
123.196,3.11,0.034,0.048,idle
123.216,3.03,0.034,0.049,idle
123.236,2.93,0.034,0.048,idle
123.256,2.99,0.034,0.049,idle
123.276,2.99,0.034,0.046,idle
123.296,2.99,0.034,0.049,idle
123.316,3.02,0.035,0.048,idle
123.336,2.95,0.035,0.048,idle
123.356,2.95,0.035,0.050,idle
123.376,2.96,0.035,0.046,idle
123.396,2.96,0.035,0.046,idle
123.416,3.01,0.034,0.047,idle
123.436,3.00,0.035,0.051,idle
123.456,2.96,0.034,0.047,idle
123.476,2.97,0.034,0.045,idle
123.496,3.01,0.035,0.047,idle
123.516,3.00,0.034,0.048,idle
123.536,3.02,0.034,0.047,idle
123.556,3.03,0.034,0.045,idle
123.576,3.03,0.035,0.047,idle
123.596,3.01,0.034,0.055,idle
123.616,3.00,0.034,0.057,idle
123.636,3.01,0.035,0.052,idle
123.656,2.99,0.035,0.052,idle
123.676,2.97,0.034,0.048,idle
123.696,2.96,0.034,0.049,idle
123.716,2.98,0.034,0.057,idle
123.736,2.98,0.036,0.050,idle
123.756,3.00,0.035,0.045,idle
123.776,3.00,0.034,0.047,idle
123.796,2.99,0.034,0.047,idle
123.816,2.99,0.034,0.051,idle
123.836,3.01,0.034,0.049,idle
123.856,2.99,0.035,0.048,idle
123.876,2.98,0.034,0.047,idle
123.896,3.00,0.035,0.048,idle
123.916,2.97,0.035,0.047,idle
123.936,3.01,0.035,0.051,idle
123.956,3.01,0.035,0.048,idle
123.976,3.01,0.035,0.049,idle
123.996,3.01,0.035,0.049,idle
124.016,3.04,0.035,0.047,idle
124.036,3.06,0.034,0.048,idle
124.056,3.07,0.034,0.049,idle
124.076,3.04,0.034,0.048,idle
124.096,2.98,0.034,0.048,idle
124.116,3.09,0.035,0.051,idle
124.136,3.17,0.034,0.050,idle
124.156,3.17,0.034,0.047,idle
124.176,3.18,0.034,0.048,idle
124.196,3.09,0.034,0.049,idle
124.216,3.14,0.034,0.047,idle
124.236,3.21,0.035,0.049,idle
124.256,3.13,0.035,0.048,idle
124.276,3.13,0.035,0.049,idle
124.296,3.14,0.035,0.049,idle
124.316,3.12,0.035,0.050,idle
124.336,3.19,0.035,0.049,idle
124.356,3.19,0.035,0.048,idle
124.376,3.16,0.035,0.047,idle
124.396,3.19,0.035,0.049,idle
124.416,3.17,0.035,0.047,idle
124.436,3.17,0.034,0.049,idle
124.456,3.21,0.034,0.048,idle
124.476,3.20,0.035,0.048,idle
124.496,3.18,0.034,0.047,idle
124.516,3.18,0.034,0.048,idle
124.536,3.17,0.033,0.048,idle
124.556,3.14,0.034,0.049,idle
124.576,3.15,0.034,0.050,idle
124.596,3.15,0.034,0.048,idle
124.616,3.16,0.034,0.049,idle
124.636,3.16,0.035,0.048,idle
124.656,3.21,0.035,0.048,idle
124.676,3.20,0.035,0.050,idle
124.696,3.23,0.035,0.048,idle
124.716,3.22,0.035,0.049,idle
124.736,3.22,0.035,0.049,idle
124.756,3.22,0.035,0.050,idle
124.776,3.22,0.035,0.048,idle
124.796,3.25,0.035,0.048,idle
124.816,3.25,0.035,0.048,idle
124.836,3.26,0.035,0.050,idle
124.856,3.28,0.034,0.048,idle
124.876,3.27,0.034,0.049,idle
124.896,3.26,0.034,0.047,idle
124.916,3.28,0.034,0.048,idle
124.936,3.27,0.034,0.048,idle
124.956,3.25,0.034,0.048,idle
124.976,3.25,0.034,0.050,idle
124.996,3.25,0.034,0.051,idle
125.016,3.23,0.034,0.048,idle
125.036,3.22,0.034,0.049,idle
125.056,3.23,0.035,0.049,idle
125.076,3.23,0.036,0.049,idle
125.096,3.24,0.035,0.047,idle
125.116,3.25,0.035,0.049,idle
125.136,3.23,0.036,0.046,idle
125.156,3.25,0.035,0.047,idle
125.176,3.26,0.035,0.050,idle
125.196,3.25,0.035,0.048,idle
125.216,3.27,0.034,0.049,idle
125.236,3.29,0.034,0.047,idle
125.256,3.30,0.034,0.048,idle
125.276,3.31,0.034,0.047,idle
125.296,3.29,0.035,0.047,idle
125.316,3.28,0.033,0.050,idle
125.336,3.21,0.034,0.048,idle
125.356,3.21,0.034,0.047,idle
125.376,3.23,0.034,0.049,idle
125.396,3.22,0.034,0.047,idle
125.416,3.21,0.034,0.047,idle
125.436,3.22,0.034,0.047,idle
125.456,3.23,0.035,0.048,idle
125.476,3.20,0.035,0.047,idle
125.496,3.16,0.034,0.048,idle
125.516,3.16,0.035,0.046,idle
125.536,3.17,0.035,0.048,idle
125.556,3.18,0.035,0.044,idle
125.576,3.14,0.035,0.047,idle
125.596,3.15,0.034,0.046,idle
125.616,3.14,0.035,0.047,idle
125.636,3.11,0.035,0.049,idle
125.656,3.05,0.035,0.048,idle
125.676,3.06,0.034,0.049,idle
125.696,3.04,0.034,0.046,idle
125.716,3.06,0.034,0.048,idle
125.736,3.05,0.034,0.049,idle
125.756,3.05,0.034,0.048,idle
125.776,3.06,0.033,0.046,idle
125.796,3.07,0.034,0.050,idle
125.816,3.07,0.034,0.049,idle
125.836,3.04,0.035,0.050,idle
125.856,3.05,0.035,0.048,idle
125.876,3.05,0.035,0.049,idle
125.896,3.03,0.035,0.049,idle
125.916,3.03,0.035,0.046,idle
125.936,3.01,0.035,0.049,idle
125.956,3.03,0.035,0.054,idle
125.976,3.02,0.035,0.052,idle
125.996,3.04,0.035,0.049,idle
126.016,3.06,0.035,0.050,idle
126.036,3.07,0.035,0.052,idle
126.056,3.05,0.034,0.050,idle
126.076,3.03,0.033,0.045,idle
126.096,3.03,0.034,0.048,idle
126.116,2.99,0.034,0.048,idle
126.136,3.02,0.034,0.048,idle
126.156,3.02,0.034,0.047,idle
126.176,3.04,0.034,0.047,idle
126.196,2.99,0.034,0.047,idle
126.216,2.91,0.034,0.049,idle
126.236,2.90,0.035,0.048,idle
126.256,2.92,0.036,0.049,idle
126.276,2.97,0.035,0.047,idle
126.296,2.99,0.035,0.046,idle
126.316,3.00,0.035,0.049,idle
126.336,3.04,0.035,0.048,idle
126.356,3.04,0.036,0.047,idle
126.376,3.00,0.034,0.046,idle
126.396,3.03,0.034,0.048,idle
126.416,3.08,0.035,0.049,idle
126.436,3.07,0.034,0.048,idle
126.456,3.07,0.034,0.048,idle
126.476,3.09,0.034,0.047,idle
126.496,3.12,0.034,0.046,idle
126.516,3.12,0.035,0.047,idle
126.536,3.10,0.033,0.048,idle
126.556,3.09,0.034,0.049,idle
126.576,3.12,0.034,0.049,idle
126.596,3.13,0.034,0.048,idle
126.616,3.14,0.034,0.052,idle
126.636,3.18,0.036,0.054,idle
126.656,3.21,0.035,0.051,idle
126.676,3.21,0.035,0.051,idle
126.696,3.23,0.034,0.050,idle
126.716,3.22,0.035,0.046,idle
126.736,3.24,0.036,0.047,idle
126.756,3.24,0.036,0.051,idle
126.776,3.23,0.035,0.049,idle
126.796,3.23,0.035,0.053,idle
126.816,3.23,0.034,0.051,idle
126.836,3.25,0.034,0.047,idle
126.856,3.23,0.033,0.049,idle
126.876,3.22,0.034,0.048,idle
126.896,3.24,0.035,0.046,idle
126.916,3.23,0.034,0.048,idle
126.936,3.24,0.034,0.047,idle
126.956,3.25,0.034,0.047,idle
126.976,3.29,0.035,0.048,idle
126.996,3.25,0.034,0.047,idle
127.016,3.25,0.035,0.049,idle
127.036,3.21,0.035,0.048,idle
127.056,3.22,0.035,0.047,idle
127.076,3.24,0.035,0.048,idle
127.096,3.23,0.035,0.049,idle
127.116,3.24,0.035,0.048,idle
127.136,3.22,0.035,0.046,idle
127.156,3.20,0.035,0.046,idle
127.176,3.18,0.035,0.048,idle
127.196,3.22,0.035,0.045,idle
127.216,3.26,0.035,0.045,idle
127.236,3.25,0.034,0.048,idle
127.256,3.23,0.035,0.049,idle
127.276,3.19,0.034,0.046,idle
127.296,3.18,0.034,0.049,idle
127.316,3.19,0.034,0.046,idle
127.336,3.20,0.034,0.048,idle
127.356,3.21,0.034,0.047,idle
127.376,3.25,0.034,0.050,idle
127.396,3.22,0.034,0.047,idle
127.416,3.18,0.035,0.047,idle
127.436,3.17,0.034,0.046,idle
127.456,3.15,0.034,0.047,idle
127.476,3.13,0.034,0.048,idle
127.496,3.13,0.035,0.047,idle
127.516,3.15,0.035,0.049,idle
127.536,3.16,0.035,0.047,idle
127.556,3.18,0.035,0.048,idle
127.576,3.15,0.034,0.047,idle
127.596,3.14,0.035,0.047,idle
127.616,3.14,0.034,0.048,idle
127.636,3.13,0.034,0.047,idle
127.656,3.13,0.035,0.048,idle
127.676,3.14,0.035,0.048,idle
127.696,3.15,0.035,0.047,idle
127.716,3.15,0.034,0.047,idle
127.736,3.14,0.035,0.046,idle
127.756,3.12,0.035,0.047,idle
127.776,3.13,0.035,0.047,idle
127.796,3.11,0.035,0.048,idle
127.816,3.10,0.034,0.047,idle
127.836,3.05,0.035,0.048,idle
127.856,3.07,0.036,0.047,idle
127.876,3.11,0.035,0.049,idle
127.896,3.04,0.035,0.046,idle
127.916,3.00,0.035,0.047,idle
127.936,3.02,0.034,0.045,idle
127.956,3.00,0.035,0.049,idle
127.976,2.97,0.034,0.048,idle
127.996,2.99,0.034,0.049,idle
128.016,2.97,0.034,0.047,idle
128.036,3.00,0.035,0.048,idle
128.056,2.98,0.034,0.048,idle
128.076,3.00,0.034,0.048,idle
128.096,3.02,0.034,0.047,idle
128.116,3.02,0.034,0.049,idle
128.136,3.04,0.034,0.047,idle
128.156,3.06,0.034,0.046,idle
128.176,3.07,0.034,0.048,idle
128.196,3.07,0.034,0.045,idle
128.216,3.07,0.034,0.048,idle
128.236,3.09,0.034,0.047,idle
128.256,3.11,0.034,0.047,idle
128.276,3.07,0.034,0.047,idle
128.296,3.09,0.034,0.049,idle
128.316,3.08,0.034,0.051,idle
128.336,3.08,0.035,0.050,idle
128.356,3.07,0.035,0.048,idle
128.376,3.04,0.034,0.049,idle
128.396,3.05,0.033,0.050,idle
128.416,3.05,0.035,0.050,idle
128.436,3.05,0.035,0.049,idle
128.456,3.05,0.034,0.044,idle
128.476,3.08,0.034,0.047,idle
128.496,3.08,0.034,0.047,idle
128.516,3.08,0.034,0.050,idle
128.536,3.08,0.035,0.050,idle
128.556,3.09,0.034,0.047,idle
128.576,3.13,0.034,0.047,idle
128.596,3.15,0.034,0.049,idle
128.616,3.15,0.035,0.049,idle
128.636,3.15,0.035,0.047,idle
128.656,3.04,0.035,0.049,idle
128.676,3.03,0.034,0.048,idle
128.696,3.14,0.035,0.048,idle
128.716,3.19,0.035,0.047,idle
128.736,3.21,0.035,0.047,idle
128.756,3.20,0.035,0.048,idle
128.776,3.14,0.035,0.048,idle
128.796,3.26,0.034,0.049,idle
128.816,3.28,0.035,0.047,idle
128.836,3.28,0.034,0.049,idle
128.856,3.30,0.034,0.045,idle
128.876,3.25,0.034,0.050,idle
128.896,3.31,0.034,0.049,idle
128.916,3.39,0.034,0.044,idle
128.936,3.37,0.034,0.049,idle
128.956,3.38,0.034,0.047,idle
128.976,3.38,0.034,0.047,idle
128.996,3.37,0.034,0.046,idle
129.016,3.40,0.035,0.048,idle
129.036,3.43,0.034,0.049,idle
129.056,3.44,0.035,0.047,idle
129.076,3.41,0.035,0.048,idle
129.096,3.43,0.035,0.049,idle
129.116,3.45,0.034,0.048,idle
129.136,3.42,0.034,0.059,idle
129.156,3.38,0.035,0.059,idle
129.176,3.37,0.036,0.053,idle
129.196,3.39,0.034,0.045,idle
129.216,3.38,0.034,0.046,idle
129.236,3.36,0.034,0.049,idle
129.256,3.35,0.035,0.058,idle
129.276,3.34,0.036,0.055,idle
129.296,3.34,0.035,0.046,idle
129.316,3.35,0.034,0.052,idle
129.336,3.37,0.035,0.048,idle
129.356,3.38,0.035,0.049,idle
129.376,3.38,0.034,0.048,idle
129.396,3.38,0.035,0.047,idle
129.416,3.40,0.035,0.049,idle
129.436,3.40,0.034,0.052,idle
129.456,3.41,0.035,0.045,idle
129.476,3.41,0.035,0.051,idle
129.496,3.42,0.035,0.047,idle
129.516,3.40,0.035,0.047,idle
129.536,3.39,0.035,0.048,idle
129.556,3.39,0.034,0.049,idle
129.576,3.37,0.035,0.047,idle
129.596,3.38,0.035,0.048,idle
129.616,3.36,0.034,0.046,idle
129.636,3.37,0.034,0.049,idle
129.656,3.46,0.034,0.050,idle
129.676,3.47,0.035,0.048,idle
129.696,3.36,0.034,0.049,idle
129.716,3.30,0.034,0.046,idle
129.736,3.29,0.034,0.047,idle
129.756,3.29,0.034,0.048,idle
129.776,3.34,0.034,0.048,idle
129.796,3.22,0.035,0.048,idle
129.816,3.23,0.034,0.046,idle
129.836,3.26,0.035,0.049,idle
129.856,3.23,0.035,0.050,idle
129.876,3.23,0.035,0.050,idle
129.896,3.22,0.035,0.049,idle
129.916,3.16,0.035,0.048,idle
129.936,3.17,0.035,0.048,idle
129.956,3.15,0.035,0.048,idle
129.976,3.13,0.035,0.047,idle
129.996,3.12,0.034,0.047,idle
130.016,3.12,0.034,0.048,idle
130.036,3.10,0.035,0.049,idle
130.056,3.10,0.034,0.048,idle
130.076,3.10,0.034,0.048,idle
130.096,3.09,0.034,0.051,idle
130.116,3.08,0.034,0.048,idle
130.136,3.12,0.034,0.048,idle
130.156,3.14,0.035,0.047,idle
130.176,3.15,0.034,0.045,idle
130.196,3.15,0.034,0.049,idle
130.216,3.17,0.034,0.049,idle
130.236,3.20,0.034,0.048,idle
130.256,3.19,0.034,0.047,idle
130.276,3.21,0.034,0.050,idle
130.296,3.17,0.036,0.044,idle
130.316,3.17,0.033,0.048,idle
130.336,3.12,0.034,0.049,idle
130.356,3.13,0.034,0.048,idle
130.376,3.13,0.034,0.047,idle
130.396,3.12,0.034,0.049,idle
130.416,3.12,0.034,0.051,idle
130.436,3.12,0.034,0.049,idle
130.456,3.13,0.034,0.048,idle
130.476,3.11,0.034,0.047,idle
130.496,3.11,0.034,0.046,idle
130.516,3.11,0.034,0.047,idle
130.536,3.12,0.034,0.047,idle
130.556,3.11,0.035,0.051,idle
130.576,3.12,0.034,0.049,idle
130.596,3.11,0.034,0.047,idle
130.616,3.11,0.034,0.046,idle
130.636,3.09,0.035,0.048,idle
130.656,3.06,0.035,0.048,idle
130.676,3.07,0.035,0.048,idle
130.696,3.04,0.035,0.047,idle
130.716,3.05,0.035,0.048,idle
130.736,3.05,0.035,0.049,idle
130.756,3.07,0.034,0.047,idle
130.776,3.07,0.034,0.048,idle
130.796,3.08,0.034,0.048,idle
130.816,3.06,0.035,0.049,idle
130.836,3.09,0.034,0.046,idle
130.856,3.08,0.034,0.049,idle
130.876,3.09,0.034,0.047,idle
130.896,3.09,0.034,0.048,idle
130.916,3.10,0.034,0.048,idle
130.936,3.10,0.035,0.047,idle
130.956,3.11,0.034,0.050,idle
130.976,3.11,0.034,0.048,idle
130.996,3.16,0.035,0.046,idle
131.016,3.15,0.034,0.050,idle
131.036,3.16,0.035,0.049,idle
131.056,3.17,0.035,0.049,idle
131.076,3.17,0.035,0.047,idle
131.096,3.16,0.035,0.048,idle
131.116,3.16,0.035,0.047,idle
131.136,3.14,0.034,0.048,idle
131.156,3.13,0.035,0.048,idle
131.176,3.14,0.035,0.046,idle
131.196,3.14,0.034,0.047,idle
131.216,3.12,0.035,0.047,idle
131.236,3.10,0.034,0.050,idle
131.256,3.10,0.034,0.047,idle
131.276,3.10,0.034,0.047,idle
131.296,3.11,0.035,0.049,idle
131.316,3.10,0.034,0.047,idle
131.336,3.13,0.034,0.048,idle
131.356,3.11,0.034,0.050,idle
131.376,3.13,0.034,0.047,idle
131.396,3.12,0.035,0.046,idle
131.416,3.10,0.035,0.047,idle
131.436,3.07,0.035,0.047,idle
131.456,3.07,0.035,0.050,idle
131.476,3.09,0.035,0.046,idle
131.496,3.15,0.035,0.047,idle
131.516,3.19,0.035,0.046,idle
131.536,3.16,0.034,0.050,idle
131.556,3.19,0.035,0.049,idle
131.576,3.17,0.034,0.049,idle
131.596,3.12,0.034,0.048,idle
131.616,3.15,0.035,0.047,idle
131.636,3.15,0.034,0.046,idle
131.656,3.20,0.034,0.047,idle
131.676,3.22,0.033,0.047,idle
131.696,3.20,0.034,0.049,idle
131.716,3.20,0.034,0.046,idle
131.736,3.22,0.034,0.049,idle
131.756,3.22,0.035,0.049,idle
131.776,3.20,0.034,0.048,idle
131.796,3.21,0.034,0.047,idle
131.816,3.21,0.035,0.048,idle
131.836,3.20,0.035,0.047,idle
131.856,3.22,0.034,0.049,idle
131.876,3.21,0.035,0.048,idle
131.896,3.23,0.035,0.047,idle
131.916,3.23,0.034,0.049,idle
131.936,3.23,0.034,0.046,idle
131.956,3.21,0.035,0.044,idle
131.976,3.19,0.036,0.048,idle
131.996,3.16,0.034,0.046,idle
132.016,3.15,0.034,0.054,idle
132.036,3.14,0.035,0.053,idle
132.056,3.14,0.035,0.049,idle
132.076,3.14,0.034,0.049,idle
132.096,3.14,0.034,0.047,idle
132.116,3.14,0.035,0.047,idle
132.136,3.14,0.035,0.049,idle
132.156,3.15,0.034,0.048,idle
132.176,3.12,0.034,0.048,idle
132.196,3.10,0.034,0.050,idle
132.216,3.10,0.035,0.047,idle
132.236,3.10,0.035,0.044,idle
132.256,3.10,0.035,0.049,idle
132.276,3.10,0.035,0.045,idle
132.296,3.11,0.035,0.046,idle
132.316,3.12,0.035,0.048,idle
132.336,3.13,0.034,0.045,idle
132.356,3.12,0.034,0.047,idle
132.376,3.12,0.034,0.045,idle
132.396,3.13,0.034,0.048,idle
132.416,3.17,0.034,0.046,idle
132.436,3.19,0.034,0.050,idle
132.456,3.19,0.033,0.047,idle
132.476,3.18,0.035,0.051,idle
132.496,3.13,0.034,0.049,idle
132.516,3.08,0.035,0.049,idle
132.536,3.12,0.034,0.046,idle
132.556,3.08,0.034,0.048,idle
132.576,3.10,0.034,0.046,idle
132.596,3.14,0.034,0.047,idle
132.616,3.14,0.034,0.048,idle
132.636,3.15,0.035,0.048,idle
132.656,3.13,0.035,0.050,idle
132.676,3.10,0.035,0.048,idle
132.696,3.11,0.034,0.046,idle
132.716,3.11,0.035,0.046,idle
132.736,3.07,0.035,0.049,idle
132.756,3.07,0.034,0.048,idle
132.776,3.08,0.035,0.049,idle
132.796,3.07,0.034,0.049,idle
132.816,3.05,0.034,0.047,idle
132.836,3.05,0.034,0.049,idle
132.856,3.05,0.035,0.048,idle
132.876,3.04,0.034,0.048,idle
132.896,3.02,0.035,0.047,idle
132.916,3.03,0.034,0.045,idle
132.936,3.03,0.034,0.047,idle
132.956,3.05,0.034,0.045,idle
132.976,3.07,0.034,0.047,idle
132.996,3.11,0.034,0.049,idle
133.016,3.12,0.034,0.046,idle
133.036,3.13,0.035,0.046,idle
133.056,3.12,0.035,0.050,idle
133.076,3.14,0.035,0.049,idle
133.096,3.14,0.035,0.048,idle
133.116,3.15,0.035,0.048,idle
133.136,3.13,0.034,0.046,idle
133.156,3.12,0.035,0.046,idle
133.176,3.14,0.034,0.048,idle
133.196,3.16,0.035,0.049,idle
133.216,3.17,0.035,0.047,idle
133.236,3.19,0.034,0.045,idle
133.256,3.20,0.034,0.046,idle
133.276,3.20,0.034,0.047,idle
133.296,3.20,0.034,0.050,idle
133.316,3.21,0.034,0.048,idle
133.336,3.19,0.034,0.045,idle
133.356,3.20,0.035,0.048,idle
133.376,3.19,0.035,0.049,idle
133.396,3.19,0.035,0.049,idle
133.416,3.17,0.034,0.048,idle
133.436,3.18,0.035,0.048,idle
133.456,3.18,0.035,0.047,idle
133.476,3.18,0.035,0.047,idle
133.496,3.21,0.034,0.046,idle
133.516,3.25,0.035,0.048,idle
133.536,3.19,0.034,0.048,idle
133.556,3.20,0.035,0.048,idle
133.576,3.25,0.034,0.046,idle
133.596,3.25,0.034,0.047,idle
133.616,3.24,0.034,0.048,idle
133.636,3.24,0.034,0.049,idle
133.656,3.23,0.035,0.047,idle
133.676,3.24,0.035,0.047,idle
133.696,3.26,0.034,0.048,idle
133.716,3.26,0.035,0.047,idle
133.736,3.25,0.034,0.047,idle
133.756,3.24,0.034,0.043,idle
133.776,3.25,0.034,0.049,idle
133.796,3.27,0.035,0.047,idle
133.816,3.25,0.035,0.047,idle
133.836,3.23,0.035,0.047,idle
133.856,3.24,0.035,0.047,idle
133.876,3.27,0.035,0.048,idle
133.896,3.29,0.035,0.049,idle
133.916,3.26,0.036,0.046,idle
133.936,3.27,0.035,0.047,idle
133.956,3.31,0.035,0.047,idle
133.976,3.30,0.035,0.048,idle
133.996,3.28,0.035,0.048,idle
134.016,3.28,0.034,0.049,idle
134.036,3.27,0.035,0.053,idle
134.056,3.25,0.035,0.049,idle
134.076,3.23,0.034,0.050,idle
134.096,3.23,0.034,0.048,idle
134.116,3.24,0.034,0.047,idle
134.136,3.25,0.035,0.048,idle
134.156,3.27,0.034,0.047,idle
134.176,3.26,0.035,0.047,idle
134.196,3.25,0.034,0.047,idle
134.216,3.28,0.034,0.047,idle
134.236,3.34,0.035,0.050,idle
134.256,3.24,0.035,0.049,idle
134.276,3.17,0.035,0.046,idle
134.296,3.14,0.034,0.048,idle
134.316,3.12,0.034,0.049,idle
134.336,3.22,0.035,0.049,idle
134.356,3.18,0.034,0.046,idle
134.376,3.09,0.035,0.049,idle
134.396,3.15,0.035,0.050,idle
134.416,3.18,0.034,0.048,idle
134.436,3.15,0.035,0.047,idle
134.456,3.18,0.034,0.046,idle
134.476,3.14,0.034,0.050,idle
134.496,3.12,0.034,0.047,idle
134.516,3.11,0.035,0.048,idle
134.536,3.13,0.035,0.047,idle
134.556,3.14,0.035,0.048,idle
134.576,3.09,0.035,0.049,idle
134.596,3.06,0.035,0.048,idle
134.616,3.09,0.035,0.049,idle
134.636,3.07,0.035,0.047,idle
134.656,3.08,0.035,0.048,idle
134.676,3.09,0.035,0.047,idle
134.696,3.08,0.035,0.047,idle
134.716,3.08,0.035,0.048,idle
134.736,3.12,0.034,0.053,idle
134.756,3.14,0.034,0.056,idle
134.776,3.12,0.035,0.052,idle
134.796,3.12,0.034,0.053,idle
134.816,3.16,0.034,0.051,idle
134.836,3.20,0.034,0.049,idle
134.856,3.17,0.034,0.059,idle
134.876,3.17,0.035,0.049,idle
134.896,3.16,0.035,0.049,idle
134.916,3.17,0.034,0.048,idle
134.936,3.16,0.034,0.047,idle
134.956,3.13,0.034,0.049,idle
134.976,3.12,0.034,0.047,idle
134.996,3.12,0.034,0.046,idle
135.015,3.13,0.034,0.049,idle
135.035,3.12,0.035,0.050,idle
135.055,3.13,0.035,0.049,idle
135.075,3.16,0.036,0.050,idle
135.095,3.16,0.035,0.047,idle
135.115,3.15,0.035,0.047,idle
135.135,3.17,0.035,0.050,idle
135.155,3.15,0.035,0.048,idle
135.175,3.16,0.034,0.047,idle
135.195,3.17,0.034,0.048,idle
135.215,3.13,0.035,0.046,idle
135.235,3.05,0.035,0.049,idle
135.255,3.15,0.034,0.049,idle
135.275,3.23,0.034,0.049,idle
135.295,3.26,0.034,0.048,idle
135.315,3.29,0.034,0.046,idle
135.335,3.20,0.034,0.047,idle
135.355,3.25,0.034,0.048,idle
135.375,3.33,0.034,0.046,idle
135.395,3.26,0.034,0.047,idle
135.415,3.24,0.034,0.049,idle
135.435,3.23,0.035,0.047,idle
135.455,3.19,0.035,0.047,idle
135.475,3.23,0.035,0.050,idle
135.495,3.21,0.035,0.047,idle
135.515,3.19,0.035,0.049,idle
135.535,3.22,0.035,0.047,idle
135.555,3.19,0.035,0.046,idle
135.575,3.19,0.035,0.049,idle
135.595,3.22,0.034,0.049,idle
135.615,3.21,0.034,0.048,idle
135.635,3.21,0.034,0.048,idle
135.655,3.20,0.035,0.048,idle
135.675,3.20,0.035,0.048,idle
135.695,3.20,0.035,0.047,idle
135.715,3.20,0.034,0.048,idle
135.735,3.18,0.034,0.045,idle
135.755,3.21,0.034,0.047,idle
135.775,3.22,0.034,0.048,idle
135.795,3.20,0.035,0.047,idle
135.815,3.20,0.035,0.048,idle
135.835,3.18,0.034,0.048,idle
135.855,3.20,0.035,0.047,idle
135.875,3.19,0.035,0.048,idle
135.895,3.19,0.034,0.048,idle
135.915,3.19,0.035,0.048,idle
135.935,3.20,0.035,0.051,idle
135.955,3.22,0.034,0.048,idle
135.975,3.21,0.034,0.047,idle
135.995,3.22,0.035,0.047,idle
136.015,3.21,0.034,0.048,idle
136.035,3.20,0.034,0.048,idle
136.055,3.19,0.034,0.047,idle
136.075,3.16,0.035,0.047,idle
136.095,3.15,0.034,0.047,idle
136.115,3.14,0.034,0.047,idle
136.135,3.09,0.034,0.048,idle
136.155,3.10,0.035,0.048,idle
136.175,3.10,0.034,0.047,idle
136.195,3.11,0.034,0.047,idle
136.215,3.10,0.034,0.049,idle
136.235,3.09,0.035,0.046,idle
136.255,3.08,0.035,0.049,idle
136.275,3.08,0.034,0.048,idle
136.295,3.07,0.035,0.048,idle
136.315,3.06,0.034,0.046,idle
136.335,3.06,0.034,0.047,idle
136.355,3.03,0.035,0.048,idle
136.375,3.04,0.035,0.049,idle
136.395,3.03,0.034,0.047,idle
136.415,3.03,0.034,0.048,idle
136.435,3.04,0.034,0.048,idle
136.455,3.06,0.034,0.047,idle
136.475,3.05,0.034,0.050,idle
136.495,3.06,0.034,0.047,idle
136.515,3.06,0.034,0.047,idle
136.535,3.06,0.035,0.047,idle
136.555,3.07,0.034,0.046,idle
136.575,3.08,0.034,0.050,idle
136.595,3.07,0.035,0.048,idle
136.615,3.07,0.034,0.047,idle
136.635,3.09,0.035,0.045,idle
136.655,3.10,0.035,0.048,idle
136.675,3.08,0.035,0.048,idle
136.695,3.10,0.035,0.048,idle
136.715,3.11,0.034,0.046,idle
136.735,3.14,0.034,0.049,idle
136.755,3.11,0.034,0.047,idle
136.775,3.14,0.034,0.047,idle
136.795,3.16,0.035,0.047,idle
136.815,3.15,0.035,0.047,idle
136.835,3.13,0.034,0.048,idle
136.855,3.07,0.034,0.047,idle
136.875,3.11,0.034,0.048,idle
136.895,3.20,0.034,0.050,idle
136.915,3.21,0.034,0.046,idle
136.935,3.21,0.034,0.048,idle
136.955,3.16,0.034,0.049,idle
136.975,3.14,0.034,0.047,idle
136.995,3.15,0.034,0.047,idle
137.015,3.16,0.035,0.048,idle
137.035,3.17,0.035,0.045,idle
137.055,3.20,0.035,0.048,idle
137.075,3.21,0.035,0.045,idle
137.095,3.18,0.035,0.047,idle
137.115,3.18,0.035,0.046,idle
137.135,3.22,0.035,0.046,idle
137.155,3.21,0.035,0.046,idle
137.175,3.19,0.035,0.050,idle
137.195,3.19,0.035,0.046,idle
137.215,3.21,0.035,0.047,idle
137.235,3.24,0.035,0.047,idle
137.255,3.25,0.034,0.048,idle
137.275,3.25,0.035,0.048,idle
137.295,3.24,0.034,0.047,idle
137.315,3.25,0.034,0.048,idle
137.335,3.27,0.034,0.051,idle
137.355,3.29,0.035,0.047,idle
137.375,3.27,0.035,0.047,idle
137.395,3.28,0.035,0.048,idle
137.415,3.28,0.034,0.053,idle
137.435,3.28,0.034,0.046,idle
137.455,3.29,0.035,0.050,idle
137.475,3.28,0.034,0.048,idle
137.495,3.27,0.035,0.046,idle
137.515,3.27,0.035,0.047,idle
137.535,3.25,0.034,0.047,idle
137.555,3.26,0.035,0.045,idle
137.575,3.25,0.034,0.049,idle
137.595,3.26,0.034,0.049,idle
137.615,3.23,0.035,0.048,idle
137.635,3.24,0.035,0.048,idle
137.655,3.23,0.034,0.048,idle
137.675,3.25,0.035,0.047,idle
137.695,3.25,0.035,0.048,idle
137.715,3.24,0.034,0.047,idle
137.735,3.21,0.034,0.046,idle
137.755,3.21,0.035,0.046,idle
137.775,3.19,0.034,0.047,idle
137.795,3.17,0.035,0.045,idle
137.815,3.19,0.034,0.044,idle
137.835,3.21,0.035,0.046,idle
137.855,3.26,0.035,0.047,idle
137.875,3.23,0.035,0.049,idle
137.895,3.16,0.035,0.045,idle
137.915,3.15,0.035,0.048,idle
137.935,3.17,0.035,0.048,idle
137.955,3.19,0.034,0.048,idle
137.975,3.23,0.034,0.047,idle
137.995,3.22,0.034,0.049,idle
138.015,3.21,0.033,0.049,idle
138.035,3.20,0.034,0.048,idle
138.055,3.18,0.034,0.046,idle
138.075,3.18,0.034,0.050,idle
138.095,3.20,0.033,0.046,idle
138.115,3.20,0.034,0.049,idle
138.135,3.20,0.034,0.047,idle
138.155,3.22,0.033,0.045,idle
138.175,3.21,0.034,0.050,idle
138.195,3.22,0.035,0.048,idle
138.215,3.21,0.034,0.046,idle
138.235,3.17,0.035,0.047,idle
138.255,3.18,0.035,0.048,idle
138.275,3.16,0.035,0.048,idle
138.295,3.16,0.035,0.046,idle
138.315,3.15,0.034,0.045,idle
138.335,3.14,0.035,0.049,idle
138.355,3.12,0.035,0.049,idle
138.375,3.14,0.035,0.046,idle
138.395,3.14,0.034,0.046,idle
138.415,3.14,0.035,0.046,idle
138.435,3.17,0.035,0.046,idle
138.455,3.16,0.034,0.045,idle
138.475,3.19,0.034,0.047,idle
138.495,3.19,0.035,0.049,idle
138.515,3.19,0.034,0.047,idle
138.535,3.22,0.034,0.048,idle
138.555,3.19,0.035,0.051,idle
138.575,3.22,0.034,0.048,idle
138.595,3.23,0.034,0.051,idle
138.615,3.26,0.034,0.046,idle
138.635,3.23,0.034,0.047,idle
138.655,3.24,0.035,0.047,idle
138.675,3.23,0.035,0.049,idle
138.695,3.23,0.035,0.048,idle
138.715,3.22,0.034,0.049,idle
138.735,3.25,0.035,0.049,idle
138.755,3.25,0.034,0.047,idle
138.775,3.25,0.034,0.049,idle
138.795,3.26,0.035,0.047,idle
138.815,3.26,0.034,0.050,idle
138.835,3.27,0.034,0.046,idle
138.855,3.25,0.034,0.049,idle
138.875,3.24,0.034,0.048,idle
138.895,3.22,0.034,0.048,idle
138.915,3.23,0.035,0.047,idle
138.935,3.20,0.034,0.048,idle
138.955,3.21,0.034,0.048,idle
138.975,3.21,0.035,0.049,idle
138.995,3.19,0.035,0.049,idle
139.015,3.21,0.035,0.049,idle
139.035,3.20,0.035,0.049,idle
139.055,3.19,0.035,0.049,idle
139.075,3.21,0.036,0.047,idle
139.095,3.24,0.035,0.049,idle
139.115,3.24,0.034,0.049,idle
139.135,3.21,0.035,0.051,idle
139.155,3.20,0.036,0.045,idle
139.175,3.13,0.035,0.049,idle
139.195,3.09,0.035,0.049,idle
139.215,3.15,0.035,0.048,idle
139.235,3.15,0.034,0.047,idle
139.255,3.11,0.034,0.049,idle
139.275,3.14,0.035,0.052,idle
139.295,3.18,0.035,0.050,idle
139.315,3.21,0.034,0.048,idle
139.335,3.20,0.035,0.047,idle
139.355,3.21,0.034,0.049,idle
139.375,3.19,0.035,0.047,idle
139.395,3.21,0.035,0.049,idle
139.415,3.21,0.035,0.049,idle
139.435,3.19,0.034,0.050,idle
139.455,3.18,0.035,0.046,idle
139.475,3.17,0.034,0.048,idle
139.495,3.19,0.035,0.047,idle
139.515,3.21,0.034,0.050,idle
139.535,3.19,0.035,0.048,idle
139.555,3.19,0.034,0.049,idle
139.575,3.19,0.034,0.049,idle
139.595,3.20,0.034,0.049,idle
139.615,3.15,0.034,0.048,idle
139.635,3.18,0.034,0.048,idle
139.655,3.17,0.034,0.055,idle
139.675,3.14,0.035,0.050,idle
139.695,3.15,0.035,0.047,idle
139.715,3.17,0.034,0.049,idle
139.735,3.15,0.034,0.052,idle
139.755,3.16,0.035,0.049,idle
139.775,3.14,0.035,0.048,idle
139.795,3.04,0.034,0.048,idle
139.815,3.02,0.034,0.048,idle
139.835,3.17,0.035,0.048,idle
139.855,3.26,0.034,0.049,idle
139.875,3.31,0.034,0.048,idle
139.895,3.31,0.035,0.048,idle
139.915,3.24,0.034,0.049,idle
139.935,3.37,0.035,0.048,idle
139.955,3.37,0.035,0.052,idle
139.975,3.31,0.035,0.049,idle
139.995,3.34,0.035,0.046,idle
140.015,3.32,0.035,0.047,idle
140.035,3.30,0.034,0.047,idle
140.055,3.35,0.035,0.049,idle
140.075,3.29,0.035,0.048,idle
140.095,3.28,0.034,0.052,idle
140.115,3.31,0.035,0.048,idle
140.135,3.31,0.035,0.048,idle
140.155,3.31,0.034,0.048,idle
140.175,3.38,0.034,0.046,idle
140.195,3.39,0.034,0.048,idle
140.215,3.32,0.034,0.049,idle
140.235,3.35,0.035,0.048,idle
140.255,3.36,0.034,0.052,idle
140.275,3.37,0.034,0.058,idle
140.295,3.33,0.035,0.061,idle
140.315,3.28,0.036,0.055,idle
140.335,3.28,0.035,0.049,idle
140.355,3.29,0.034,0.047,idle
140.375,3.30,0.034,0.047,idle
140.395,3.29,0.034,0.062,idle
140.415,3.30,0.035,0.053,idle
140.435,3.30,0.035,0.047,idle
140.455,3.29,0.034,0.054,idle
140.475,3.27,0.034,0.049,idle
140.495,3.24,0.035,0.048,idle
140.515,3.21,0.034,0.050,idle
140.535,3.20,0.034,0.050,idle
140.555,3.20,0.035,0.050,idle
140.575,3.18,0.034,0.048,idle
140.595,3.14,0.034,0.046,idle
140.615,3.18,0.034,0.048,idle
140.635,3.16,0.034,0.049,idle
140.655,3.17,0.034,0.046,idle
140.675,3.21,0.034,0.051,idle
140.695,3.20,0.034,0.047,idle
140.715,3.17,0.034,0.050,idle
140.735,3.16,0.034,0.048,idle
140.755,3.14,0.034,0.047,idle
140.775,3.16,0.034,0.049,idle
140.795,3.23,0.034,0.048,idle
140.815,3.24,0.034,0.049,idle
140.835,3.05,0.034,0.047,idle
140.855,2.97,0.034,0.047,idle
140.875,2.89,0.034,0.048,idle
140.895,2.90,0.033,0.049,idle
140.915,2.96,0.034,0.046,idle
140.935,2.86,0.034,0.047,idle
140.955,2.82,0.034,0.049,idle
140.975,2.90,0.034,0.048,idle
140.995,2.85,0.034,0.049,idle
141.015,2.88,0.034,0.048,idle
141.035,2.89,0.034,0.049,idle
141.055,2.86,0.034,0.050,idle
141.075,2.90,0.034,0.047,idle
141.095,2.90,0.034,0.048,idle
141.115,2.89,0.034,0.047,idle
141.135,2.90,0.034,0.045,idle
141.155,2.92,0.034,0.045,idle
141.175,2.92,0.035,0.048,idle
141.195,2.93,0.034,0.045,idle
141.215,2.93,0.033,0.047,idle
141.235,2.93,0.033,0.048,idle
141.255,2.96,0.034,0.047,idle
141.275,2.93,0.034,0.051,idle
141.295,2.94,0.033,0.046,idle
141.315,2.97,0.034,0.049,idle
141.335,2.95,0.033,0.049,idle
141.355,2.95,0.034,0.050,idle
141.375,2.94,0.034,0.049,idle
141.395,2.93,0.034,0.048,idle
141.415,2.94,0.034,0.046,idle
141.435,2.94,0.034,0.049,idle
141.455,2.94,0.034,0.046,idle
141.475,2.97,0.033,0.050,idle
141.495,2.99,0.034,0.048,idle
141.515,2.99,0.034,0.050,idle
141.535,3.02,0.034,0.047,idle
141.555,3.03,0.034,0.046,idle
141.575,3.08,0.034,0.049,idle
141.595,3.10,0.034,0.048,idle
141.615,3.08,0.034,0.048,idle
141.635,3.08,0.035,0.046,idle
141.655,3.09,0.035,0.047,idle
141.675,3.07,0.034,0.048,idle
141.695,3.09,0.035,0.049,idle
141.715,3.10,0.035,0.050,idle
141.735,3.12,0.034,0.049,idle
141.755,3.14,0.034,0.048,idle
141.775,3.13,0.034,0.049,idle
141.795,3.14,0.034,0.048,idle
141.815,3.14,0.034,0.047,idle
141.835,3.17,0.035,0.047,idle
141.855,3.19,0.035,0.047,idle
141.875,3.23,0.034,0.050,idle
141.895,3.23,0.035,0.045,idle
141.915,3.22,0.035,0.049,idle
141.935,3.21,0.035,0.050,idle
141.955,3.24,0.035,0.046,idle
141.975,3.24,0.035,0.049,idle
141.995,3.25,0.034,0.046,idle
142.015,3.25,0.034,0.046,idle
142.035,3.24,0.035,0.049,idle
142.055,3.24,0.035,0.048,idle
142.075,3.24,0.034,0.047,idle
142.095,3.27,0.034,0.048,idle
142.115,3.24,0.034,0.047,idle
142.135,3.23,0.035,0.047,idle
142.155,3.20,0.034,0.048,idle
142.175,3.21,0.034,0.048,idle
142.195,3.18,0.035,0.048,idle
142.215,3.19,0.034,0.047,idle
142.235,3.13,0.034,0.047,idle
142.255,3.06,0.034,0.048,idle
142.275,3.11,0.034,0.048,idle
142.295,3.11,0.034,0.047,idle
142.315,3.09,0.034,0.047,idle
142.335,3.11,0.034,0.051,idle
142.355,3.04,0.034,0.046,idle
142.375,3.07,0.034,0.047,idle
142.395,3.10,0.034,0.046,idle
142.415,3.07,0.034,0.049,idle
142.435,3.09,0.034,0.044,idle
142.455,3.13,0.034,0.050,idle
142.475,3.12,0.034,0.049,idle
142.495,3.09,0.034,0.046,idle
142.515,3.12,0.034,0.049,idle
142.535,3.12,0.034,0.048,idle
142.555,3.12,0.034,0.047,idle
142.575,3.09,0.034,0.047,idle
142.595,3.07,0.034,0.050,idle
142.615,3.08,0.034,0.047,idle
142.635,3.07,0.034,0.047,idle
142.655,3.07,0.035,0.051,idle
142.675,3.07,0.034,0.053,idle
142.695,3.07,0.034,0.051,idle
142.715,3.07,0.034,0.048,idle
142.735,3.08,0.034,0.051,idle
142.755,3.06,0.035,0.046,idle
142.775,3.05,0.035,0.050,idle
142.795,3.06,0.034,0.051,idle
142.815,3.07,0.034,0.049,idle
142.835,3.07,0.035,0.053,idle
142.855,3.06,0.035,0.050,idle
142.875,3.07,0.034,0.045,idle
142.895,3.07,0.035,0.050,idle
142.915,3.07,0.035,0.048,idle
142.935,3.09,0.035,0.047,idle
142.955,3.09,0.034,0.048,idle
142.975,3.05,0.034,0.049,idle
142.995,3.07,0.035,0.047,idle
143.015,3.04,0.035,0.048,idle
143.035,3.07,0.034,0.050,idle
143.055,3.06,0.035,0.047,idle
143.075,3.04,0.034,0.049,idle
143.095,3.00,0.034,0.048,idle
143.115,3.03,0.034,0.048,idle
143.135,3.05,0.035,0.048,idle
143.155,3.08,0.034,0.051,idle
143.175,3.06,0.035,0.047,idle
143.195,3.10,0.035,0.049,idle
143.215,3.10,0.035,0.048,idle
143.235,3.17,0.035,0.047,idle
143.255,3.24,0.034,0.049,idle
143.275,3.22,0.034,0.048,idle
143.295,3.22,0.034,0.048,idle
143.315,3.21,0.035,0.050,idle
143.335,3.22,0.034,0.049,idle
143.355,3.31,0.035,0.048,idle
143.375,3.29,0.035,0.047,idle
143.395,3.29,0.034,0.048,idle
143.415,3.29,0.035,0.049,idle
143.435,3.25,0.034,0.047,idle
143.455,3.22,0.034,0.052,idle
143.475,3.23,0.034,0.049,idle
143.495,3.25,0.034,0.048,idle
143.515,3.28,0.035,0.048,idle
143.535,3.26,0.035,0.050,idle
143.555,3.22,0.034,0.051,idle
143.575,3.23,0.034,0.049,idle
143.595,3.25,0.034,0.048,idle
143.615,3.26,0.034,0.048,idle
143.635,3.27,0.035,0.048,idle
143.655,3.27,0.035,0.049,idle
143.675,3.28,0.035,0.048,idle
143.695,3.24,0.034,0.047,idle
143.715,3.22,0.034,0.046,idle
143.735,3.24,0.035,0.047,idle
143.755,3.27,0.034,0.047,idle
143.775,3.25,0.034,0.044,idle
143.795,3.25,0.035,0.047,idle
143.815,3.28,0.034,0.049,idle
143.835,3.28,0.034,0.046,idle
143.855,3.27,0.034,0.049,idle
143.875,3.25,0.035,0.051,idle
143.895,3.27,0.034,0.052,idle
143.915,3.29,0.035,0.050,idle
143.935,3.24,0.035,0.048,idle
143.955,3.24,0.034,0.048,idle
143.975,3.25,0.034,0.051,idle
143.995,3.27,0.035,0.046,idle
144.015,3.24,0.035,0.047,idle
144.035,3.21,0.035,0.051,idle
144.055,3.21,0.035,0.048,idle
144.075,3.21,0.034,0.048,idle
144.095,3.20,0.035,0.050,idle
144.115,3.19,0.034,0.049,idle
144.135,3.19,0.034,0.048,idle
144.155,3.17,0.034,0.049,idle
144.175,3.18,0.035,0.052,idle
144.195,3.19,0.034,0.055,idle
144.215,3.20,0.034,0.046,idle
144.235,3.17,0.035,0.050,idle
144.255,3.14,0.035,0.054,idle
144.275,3.13,0.034,0.054,idle
144.295,3.10,0.034,0.049,idle
144.315,3.14,0.035,0.050,idle
144.335,3.11,0.034,0.055,idle
144.355,3.09,0.034,0.053,idle
144.375,3.10,0.034,0.048,idle
144.395,3.08,0.034,0.049,idle
144.415,3.10,0.034,0.049,idle
144.435,3.11,0.034,0.049,idle
144.455,3.09,0.034,0.049,idle
144.475,3.08,0.034,0.051,idle
144.495,3.09,0.034,0.052,idle
144.515,3.02,0.034,0.049,idle
144.535,3.06,0.034,0.051,idle
144.555,3.12,0.034,0.052,idle
144.575,3.08,0.034,0.051,idle
144.595,3.07,0.034,0.046,idle
144.615,3.03,0.034,0.050,idle
144.635,3.03,0.035,0.051,idle
144.655,3.02,0.035,0.049,idle
144.675,4.88,0.035,0.050,idle
144.695,5.22,0.035,0.048,idle
144.715,4.61,0.035,0.049,idle
144.735,4.58,0.035,0.052,idle
144.755,25.76,0.035,0.050,idle
144.775,22.91,0.034,0.051,idle
144.795,22.92,0.034,0.049,idle
144.815,31.78,0.035,0.053,idle
144.835,31.78,0.035,0.048,idle
144.855,33.62,0.034,0.048,idle
144.875,37.16,0.034,0.050,idle
144.895,40.54,0.034,0.049,idle
144.915,40.52,0.035,0.051,idle
144.935,40.57,0.034,0.051,idle
144.955,40.61,0.034,0.048,idle
144.975,40.62,0.034,0.049,idle
144.995,40.62,0.034,0.049,idle
145.015,40.66,0.034,0.050,idle
145.035,40.70,0.034,0.049,idle
145.055,40.73,0.034,0.050,idle
145.075,40.77,0.034,0.049,idle
145.095,40.80,0.034,0.047,idle
145.115,40.83,0.034,0.047,idle
145.135,40.85,0.035,0.050,idle
145.155,40.86,0.037,0.633,idle
145.175,40.85,0.043,0.388,idle
145.195,40.87,0.051,0.490,idle
145.215,40.88,0.058,0.048,idle
145.235,40.93,0.063,6.169,idle
145.255,40.96,0.066,4.594,idle
145.275,40.98,0.069,0.049,idle
145.295,41.02,0.072,3.521,idle
145.315,41.01,0.073,0.049,idle
145.335,41.02,0.076,1.500,idle
145.355,41.07,0.077,2.065,idle
145.375,41.12,0.081,1.767,idle
145.395,41.11,0.081,0.074,idle
145.415,41.07,0.082,0.050,idle
145.435,41.09,0.085,0.048,idle
145.455,41.11,0.088,0.048,idle
145.475,41.15,0.088,0.047,idle
145.495,41.17,0.087,0.047,idle
145.515,41.15,0.092,0.046,idle
145.535,41.17,0.093,0.046,idle
145.555,41.17,0.092,0.047,idle
145.575,41.18,0.097,0.045,idle
145.595,41.22,0.094,0.046,idle
145.615,41.24,0.098,0.046,idle
145.635,41.25,0.099,0.047,idle
145.655,41.29,0.098,0.048,idle
145.675,39.42,0.101,0.047,idle
145.695,39.11,0.099,0.047,idle
145.715,39.74,0.103,0.045,idle
145.735,39.75,0.102,0.047,idle
145.755,18.56,0.103,0.047,idle
145.775,21.45,0.101,0.047,idle
145.795,21.46,0.089,0.047,idle
145.815,12.58,0.093,0.047,idle
145.835,12.59,0.092,0.048,idle
145.855,10.77,0.093,0.045,idle
145.875,10.41,0.093,0.045,idle
145.895,6.87,0.089,0.051,idle
145.915,6.88,0.094,0.047,idle
145.935,6.88,0.093,0.049,idle
145.955,6.86,0.090,0.045,idle
145.975,6.86,0.094,0.043,idle
145.995,6.88,0.090,0.050,idle
146.015,6.91,0.093,0.048,idle
146.035,6.90,0.094,0.045,idle
146.055,6.90,0.090,0.050,idle
146.075,6.90,0.093,0.045,idle
146.095,6.91,0.092,0.048,idle
146.115,6.90,0.090,0.048,idle
146.135,6.89,0.093,0.046,idle
146.155,6.90,0.090,0.048,idle
146.175,6.90,0.092,0.048,idle
146.195,6.88,0.093,0.046,idle
146.215,6.88,0.089,0.047,idle
146.235,6.87,0.093,0.048,idle
146.255,6.87,0.092,0.047,idle
146.275,6.85,0.090,0.047,idle
146.295,6.85,0.093,0.047,idle
146.315,6.85,0.090,0.047,idle
146.335,6.86,0.092,0.048,idle
146.355,6.84,0.092,1.019,idle
146.375,6.80,0.089,0.215,idle
146.395,6.83,0.092,0.051,idle
146.415,6.86,0.091,0.046,idle
146.435,6.87,0.090,0.046,idle
146.455,6.88,0.093,0.048,idle
146.475,6.86,0.091,0.047,idle
146.495,6.85,0.091,0.046,idle
146.515,6.91,0.092,0.046,idle
146.535,6.89,0.089,0.046,idle
146.555,6.88,0.093,0.046,idle
146.575,6.89,0.090,0.048,idle
146.595,6.87,0.091,0.048,idle
146.615,6.88,0.093,0.048,idle
146.635,6.88,0.089,0.046,idle
146.655,6.85,0.094,0.047,idle
146.675,6.87,0.092,0.046,idle
146.695,6.86,0.089,0.046,idle
146.715,6.86,0.093,0.046,idle
146.735,6.86,0.091,0.047,idle
146.755,6.87,0.090,0.046,idle
146.775,6.87,0.092,0.046,idle
146.795,6.88,0.088,0.047,idle
146.815,6.89,0.092,0.047,idle
146.835,6.89,0.092,0.047,idle
146.855,6.90,0.089,0.047,idle
146.875,3.74,0.092,0.046,idle
146.895,3.91,0.091,0.046,idle
146.915,3.90,0.090,0.046,idle
146.935,3.90,0.093,0.046,idle
146.955,3.89,0.090,0.046,idle
146.975,3.89,0.092,0.046,idle
146.995,3.88,0.092,0.046,idle
147.015,3.86,0.089,0.047,idle
147.035,3.87,0.092,0.047,idle
147.055,3.84,0.090,0.047,idle
147.075,3.84,0.091,0.047,idle
147.095,3.83,0.094,0.047,idle
147.115,3.82,0.089,0.047,idle
147.135,3.84,0.093,0.046,idle
147.155,3.83,0.093,0.046,idle
147.175,3.83,0.088,0.047,idle
147.195,3.85,0.092,0.046,idle
147.215,3.84,0.090,0.046,idle
147.235,3.83,0.090,0.046,idle
147.255,3.82,0.093,0.046,idle
147.275,3.84,0.089,0.046,idle
147.295,3.81,0.092,0.045,idle
147.315,3.82,0.091,0.045,idle
147.335,3.81,0.090,0.047,idle
147.355,3.80,0.092,0.047,idle
147.375,3.79,0.091,0.046,idle
147.395,3.80,0.091,0.046,idle
147.415,3.81,0.093,0.047,idle
147.435,3.79,0.089,0.047,idle
147.455,3.80,0.093,0.048,idle
147.475,3.81,0.091,0.047,idle
147.495,3.81,0.089,0.046,idle
147.515,3.81,0.093,0.047,idle
147.535,3.84,0.090,0.047,idle
147.555,3.85,0.093,0.047,idle
147.575,3.85,0.093,0.046,idle
147.595,3.86,0.089,0.047,idle
147.615,3.85,0.092,0.047,idle
147.635,3.83,0.091,0.047,idle
147.655,3.86,0.090,0.047,idle
147.675,3.87,0.093,0.046,idle
147.695,3.88,0.091,0.046,idle
147.715,3.90,0.092,0.046,idle
147.735,3.88,0.093,0.046,idle
147.755,3.88,0.090,0.048,idle
147.775,3.89,0.093,0.048,idle
147.795,3.89,0.091,0.047,idle
147.815,3.88,0.090,0.047,idle
147.835,3.88,0.093,0.047,idle
147.855,3.88,0.089,0.047,idle
147.875,3.87,0.092,0.046,idle
147.895,3.88,0.092,0.047,idle
147.915,3.88,0.087,0.045,idle
147.935,3.87,0.093,0.047,idle
147.955,3.87,0.091,0.046,idle
147.975,3.86,0.091,0.046,idle
147.995,3.86,0.092,0.046,idle
148.015,3.86,0.089,0.046,idle
148.035,3.87,0.092,0.046,idle
148.055,3.87,0.091,0.050,idle
148.075,3.87,0.088,0.048,idle
148.095,3.88,0.092,0.048,idle
148.115,3.90,0.090,0.046,idle
148.135,3.89,0.092,0.045,idle
148.155,3.91,0.093,0.046,idle
148.175,3.91,0.090,0.046,idle
148.195,3.89,0.092,0.045,idle
148.215,3.90,0.091,0.046,idle
148.235,3.90,0.089,0.048,idle
148.255,3.91,0.093,0.047,idle
148.275,3.91,0.091,0.045,idle
148.295,3.94,0.092,0.046,idle
148.315,3.95,0.093,0.046,idle
148.335,3.95,0.090,0.046,idle
148.355,3.96,0.093,0.047,idle
148.375,3.97,0.091,0.047,idle
148.395,3.96,0.089,0.045,idle
148.415,3.96,0.093,0.048,idle
148.435,3.97,0.090,0.048,idle
148.455,3.97,0.091,0.048,idle
148.475,3.97,0.092,0.046,idle
148.495,3.95,0.089,0.046,idle
148.515,3.94,0.093,0.046,idle
148.535,3.91,0.091,0.047,idle
148.555,3.89,0.090,0.046,idle
148.575,3.89,0.093,0.047,idle
148.595,3.88,0.090,0.047,idle
148.615,3.88,0.092,0.048,idle
148.635,3.90,0.093,0.047,idle
148.655,3.88,0.089,0.049,idle
148.675,3.87,0.093,0.047,idle
148.695,3.87,0.091,0.046,idle
148.715,3.86,0.089,0.047,idle
148.735,3.88,0.093,0.045,idle
148.755,3.88,0.091,0.047,idle
148.775,3.86,0.092,0.046,idle
148.795,3.87,0.092,0.047,idle
148.815,3.88,0.089,0.046,idle
148.835,3.89,0.092,0.047,idle
148.855,3.90,0.091,0.047,idle
148.875,3.90,0.090,0.046,idle
148.895,3.90,0.094,0.047,idle
148.915,3.90,0.090,0.046,idle
148.935,3.91,0.092,0.047,idle
148.955,3.91,0.092,0.047,idle
148.975,3.92,0.089,0.046,idle
148.995,3.93,0.093,0.047,idle
149.015,3.92,0.090,0.047,idle
149.035,3.91,0.091,0.047,idle
149.055,3.93,0.093,0.048,idle
149.075,3.93,0.090,0.047,idle
149.095,2.95,0.093,0.047,idle
149.115,4.15,0.092,0.047,idle
149.135,4.14,0.090,0.048,idle
149.155,4.59,0.093,0.048,idle
149.175,4.27,0.091,0.047,idle
149.195,6.15,0.091,0.049,idle
149.215,7.44,0.094,0.047,idle
149.235,13.82,0.089,0.048,idle
149.255,14.18,0.092,0.048,idle
149.275,16.66,0.091,0.046,idle
149.295,22.32,0.091,0.047,idle
149.315,22.36,0.093,0.046,idle
149.335,23.73,0.091,0.048,idle
149.355,22.06,0.091,0.047,idle
149.375,30.87,0.093,0.048,idle
149.395,30.93,0.090,0.047,idle
149.415,29.53,0.092,0.047,idle
149.435,21.19,0.093,0.048,idle
149.455,28.83,0.089,0.047,idle
149.475,24.92,0.093,0.047,idle
149.495,24.36,0.090,0.046,idle
149.515,26.40,0.091,0.047,idle
149.535,24.63,0.093,0.047,idle
149.555,24.66,0.091,0.047,idle
149.575,24.67,0.094,1.059,idle
149.595,24.69,0.093,0.950,idle
149.615,24.70,0.091,0.068,idle
149.635,24.71,0.094,0.344,idle
149.655,24.73,0.092,1.402,idle
149.675,24.73,0.092,0.890,idle
149.695,24.75,0.094,0.963,idle
149.715,24.77,0.089,3.673,idle
149.735,24.78,0.094,0.369,idle
149.755,24.80,0.093,1.832,idle
149.775,24.83,0.090,2.803,idle
149.795,24.84,0.094,0.975,idle
149.815,24.85,0.092,1.358,idle
149.835,24.86,0.093,1.376,idle
149.855,24.85,0.094,2.808,idle
149.875,24.85,0.091,0.217,idle
149.895,24.86,0.094,1.577,idle
149.915,24.88,0.094,2.762,idle
149.935,24.90,0.091,2.108,idle
149.955,24.90,0.095,2.876,idle
149.975,24.91,0.091,0.621,idle
149.995,23.64,0.093,2.006,idle
150.015,23.67,0.095,0.835,idle
150.035,23.72,0.091,0.051,idle
150.055,23.73,0.094,0.048,idle
150.075,23.75,0.094,0.048,idle
150.095,24.74,0.092,0.049,idle
150.115,23.55,0.096,0.048,idle
150.135,23.56,0.092,0.048,idle
150.155,23.59,0.094,0.048,idle
150.175,23.70,0.095,0.046,idle
150.195,21.84,0.092,0.047,idle
150.215,20.57,0.095,0.048,idle
150.235,14.20,0.094,0.048,idle
150.255,13.90,0.093,0.048,idle
150.275,11.46,0.097,0.047,idle
150.295,5.25,0.092,0.047,idle
150.315,5.43,0.095,0.046,idle
150.335,4.07,0.095,0.047,idle
150.355,5.67,0.091,0.047,idle
150.375,-3.14,0.096,0.048,idle
150.395,-0.17,0.095,0.048,idle
150.415,1.40,0.093,0.046,idle
150.435,15.63,0.096,0.049,idle
150.455,8.00,0.093,0.133,idle
150.475,11.89,0.095,0.732,idle
150.495,12.44,0.095,0.046,idle
150.515,9.92,0.092,0.056,idle
150.535,11.94,0.096,0.046,idle
150.555,11.98,0.095,0.047,idle
150.575,11.71,0.092,0.060,idle
150.595,11.66,0.096,0.047,idle
150.615,11.66,0.092,0.049,idle
150.635,10.46,0.094,0.377,idle
150.655,8.88,0.096,0.159,idle
150.675,11.47,0.091,0.049,idle
150.695,13.29,0.096,0.047,idle
150.715,19.62,0.094,0.088,idle
150.735,26.13,0.094,0.306,idle
150.755,25.75,0.095,0.052,idle
150.775,17.04,0.091,0.628,idle
150.795,15.70,0.095,0.887,idle
150.815,15.43,0.095,0.170,idle
150.835,17.53,0.091,0.103,idle
150.855,16.31,0.094,0.059,idle
150.875,19.13,0.094,0.818,idle
150.895,19.45,0.094,0.181,idle
150.915,20.27,0.096,1.895,idle
150.935,20.48,0.092,0.051,idle
150.955,26.45,0.095,0.047,idle
150.975,26.20,0.094,0.074,idle
150.995,27.51,0.092,0.249,idle
151.015,27.42,0.095,0.138,idle
151.035,27.34,0.094,0.065,idle
151.055,27.22,0.094,1.103,idle
151.075,27.33,0.095,0.050,idle
151.095,27.33,0.092,0.052,idle
151.115,27.12,0.096,0.586,idle
151.135,27.42,0.096,0.759,idle
151.155,27.38,0.091,1.233,idle
151.175,27.87,0.096,0.935,idle
151.195,27.97,0.093,1.968,idle
151.215,27.82,0.093,2.153,idle
151.235,34.90,0.096,0.989,idle
151.255,36.00,0.092,2.866,idle
151.275,37.04,0.094,0.957,idle
151.295,38.78,0.094,1.824,idle
151.315,39.18,0.092,2.422,idle
151.335,42.22,0.096,2.957,idle
151.355,40.98,0.093,1.527,idle
151.375,51.63,0.095,1.082,idle
151.395,48.63,0.095,0.592,idle
151.415,48.78,0.092,0.324,idle
151.435,47.78,0.097,2.128,idle
151.455,47.81,0.095,1.151,idle
151.475,49.44,0.094,0.164,idle
151.495,48.58,0.096,1.778,idle
151.515,49.06,0.092,0.053,idle
151.535,50.33,0.093,0.060,idle
151.555,50.48,0.096,0.070,idle
151.575,50.90,0.092,0.062,idle
151.595,50.95,0.095,0.113,idle
151.615,50.95,0.093,0.181,idle
151.635,52.15,0.094,0.175,idle
151.655,53.74,0.097,0.103,idle
151.675,51.13,0.093,0.174,idle
151.695,49.32,0.095,0.363,idle
151.715,42.99,0.097,2.077,idle
151.735,36.47,0.092,0.779,idle
151.755,36.83,0.096,0.528,idle
151.775,45.52,0.095,0.429,idle
151.795,46.84,0.093,0.817,idle
151.815,47.10,0.097,1.798,idle
151.835,44.98,0.093,0.650,idle
151.855,46.20,0.095,2.819,idle
151.875,43.39,0.096,0.050,idle
151.895,43.10,0.093,0.533,idle
151.915,42.28,0.096,1.716,idle
151.935,42.07,0.093,0.065,idle
151.955,36.09,0.094,1.332,idle
151.975,36.35,0.097,0.909,idle
151.995,36.30,0.093,0.048,idle
152.015,36.39,0.095,0.503,idle
152.035,36.41,0.096,0.135,idle
152.055,36.51,0.092,0.081,idle
152.075,36.41,0.095,0.051,idle
152.095,36.43,0.093,0.048,idle
152.115,36.63,0.093,0.047,idle
152.135,37.36,0.095,0.048,idle
152.155,37.33,0.092,0.049,idle
152.175,37.05,0.095,0.046,idle
152.195,36.94,0.095,0.050,idle
152.215,37.10,0.091,0.049,idle
152.235,30.02,0.095,0.045,idle
152.255,28.88,0.094,0.049,idle
152.275,27.81,0.093,0.047,idle
152.295,28.67,0.096,0.049,idle
152.315,29.32,0.093,0.048,idle
152.335,28.65,0.094,0.047,idle
152.355,35.77,0.095,0.047,idle
152.375,23.70,0.092,0.047,idle
152.395,23.62,0.095,0.047,idle
152.415,23.34,0.093,0.047,idle
152.435,18.45,0.094,0.047,idle
152.455,18.43,0.095,0.048,idle
152.475,16.82,0.093,0.048,idle
152.495,17.72,0.095,0.047,idle
152.515,17.71,0.095,0.048,idle
152.535,16.20,0.091,0.046,idle
152.555,16.03,0.095,0.056,idle
152.575,15.91,0.093,0.055,idle
152.595,15.89,0.093,0.053,idle
152.615,15.88,0.094,0.389,idle
152.635,15.88,0.091,0.297,idle
152.655,15.88,0.094,0.068,idle
152.675,15.91,0.094,0.047,idle
152.695,15.90,0.092,0.046,idle
152.715,15.88,0.095,0.052,idle
152.735,15.88,0.092,0.048,idle
152.755,15.92,0.093,0.049,idle
152.775,16.01,0.095,0.533,idle
152.795,16.03,0.091,1.231,idle
152.815,16.06,0.095,2.043,idle
152.835,16.11,0.093,4.123,idle
152.855,16.10,0.091,1.619,idle
152.875,16.08,0.094,3.832,idle
152.895,15.98,0.093,0.053,idle
152.915,16.02,0.093,0.052,idle
152.935,16.10,0.095,0.057,idle
152.955,16.15,0.091,0.056,idle
152.975,16.14,0.094,0.051,idle
152.995,16.10,0.094,0.053,idle
153.015,16.05,0.091,0.052,idle
153.035,16.07,0.094,0.054,idle
153.055,16.07,0.091,0.051,idle
153.075,16.07,0.093,0.048,idle
153.095,16.07,0.094,0.056,idle
153.115,16.07,0.091,0.051,idle
153.135,15.01,0.094,0.052,idle
153.155,14.63,0.093,0.048,idle
153.175,14.66,0.092,0.046,idle
153.195,14.67,0.095,0.051,idle
153.215,14.67,0.091,0.047,idle
153.235,14.67,0.094,0.048,idle
153.255,14.64,0.094,0.072,idle
153.275,14.63,0.090,0.047,idle
153.295,12.58,0.094,0.051,idle
153.315,11.31,0.093,0.046,idle
153.335,8.94,0.092,0.049,idle
153.355,3.16,0.094,0.052,idle
153.375,4.58,0.090,0.053,idle
153.395,4.69,0.093,0.055,idle
153.415,5.42,0.095,0.046,idle
153.435,8.56,0.091,0.047,idle
153.455,10.02,0.092,0.062,idle
153.475,13.08,0.091,0.051,idle
153.495,13.04,0.091,0.060,idle
153.515,14.33,0.094,0.049,idle
153.535,14.70,0.090,0.046,idle
153.555,23.43,0.093,0.053,idle
153.575,22.47,0.094,0.048,idle
153.595,21.81,0.090,0.048,idle
153.615,26.02,0.093,0.047,idle
153.635,25.14,0.091,0.046,idle
153.655,21.83,0.091,0.051,idle
153.675,22.79,0.094,0.047,idle
153.695,23.69,0.089,0.046,idle
153.715,23.73,0.092,0.049,idle
153.735,23.94,0.093,0.051,idle
153.755,24.48,0.089,0.045,idle
153.775,30.07,0.093,0.048,idle
153.795,29.87,0.091,0.048,idle
153.815,30.75,0.091,0.048,idle
153.835,30.69,0.093,0.048,idle
153.855,35.31,0.090,0.047,idle
153.875,36.41,0.094,0.061,idle
153.895,36.60,0.092,1.618,idle
153.915,36.53,0.091,3.030,idle
153.935,35.80,0.093,2.196,idle
153.955,39.95,0.090,2.231,idle
153.975,51.60,0.092,0.067,idle
153.995,51.64,0.093,2.708,idle
154.015,51.67,0.089,0.834,idle
154.035,51.64,0.094,3.680,idle
154.055,51.64,0.091,1.229,idle
154.075,51.61,0.090,4.135,idle
154.095,51.60,0.094,2.875,idle
154.115,51.58,0.091,4.234,idle
154.135,51.60,0.091,3.299,idle
154.155,51.56,0.092,1.136,idle
154.175,51.52,0.089,1.086,idle
154.195,51.50,0.092,0.127,idle
154.215,51.47,0.091,0.162,idle
154.235,51.46,0.088,0.746,idle
154.255,51.48,0.094,1.999,idle
154.275,51.48,0.090,0.112,idle
154.295,51.47,0.092,0.532,idle
154.315,51.48,0.094,0.933,idle
154.335,51.46,0.089,2.158,idle
154.355,51.43,0.092,0.649,idle
154.375,51.44,0.092,0.096,idle
154.395,51.40,0.090,0.047,idle
154.415,50.62,0.093,0.505,idle
154.435,47.47,0.091,2.011,idle
154.455,46.01,0.092,3.040,idle
154.475,42.93,0.093,0.048,idle
154.495,42.96,0.089,0.048,idle
154.515,41.70,0.093,0.048,idle
154.535,41.33,0.092,0.049,idle
154.555,32.55,0.090,0.049,idle
154.575,33.49,0.093,0.045,idle
154.595,34.14,0.090,0.047,idle
154.615,29.95,0.092,0.049,idle
154.635,30.82,0.093,0.050,idle
154.655,34.12,0.089,0.050,idle
154.675,33.13,0.092,0.047,idle
154.695,32.21,0.091,0.049,idle
154.715,32.13,0.091,0.049,idle
154.735,31.94,0.093,0.046,idle
154.755,31.36,0.089,0.047,idle
154.775,25.67,0.092,0.047,idle
154.795,25.85,0.093,0.049,idle
154.815,24.91,0.089,0.048,idle
154.835,24.92,0.092,0.047,idle
154.855,20.30,0.092,0.049,idle
154.875,19.21,0.090,0.049,idle
154.895,19.08,0.094,0.047,idle
154.915,19.09,0.090,0.048,idle
154.935,19.71,0.092,0.047,idle
154.955,15.50,0.092,0.047,idle
154.975,3.83,0.088,0.050,idle
154.995,3.84,0.093,0.047,idle
155.015,3.85,0.091,0.049,idle
155.035,3.83,0.091,0.048,idle
155.055,3.85,0.093,0.047,idle
155.075,3.84,0.091,0.048,idle
155.095,3.83,0.092,0.047,idle
155.115,3.83,0.093,0.049,idle
155.135,3.79,0.090,0.049,idle
155.155,3.82,0.092,0.046,idle
155.175,3.84,0.091,0.051,idle
155.195,3.87,0.091,0.051,idle
155.215,3.86,0.093,0.048,idle
155.235,3.85,0.090,0.047,idle
155.255,3.85,0.093,0.049,idle
155.275,3.85,0.093,0.048,idle
155.295,3.87,0.089,0.048,idle
155.315,3.86,0.094,0.047,idle
155.335,3.86,0.091,0.049,idle
155.355,3.87,0.092,0.047,idle
155.375,3.85,0.094,0.049,idle
155.395,3.84,0.090,0.046,idle
155.415,3.83,0.093,0.049,idle
155.435,3.85,0.093,0.049,idle
155.455,3.86,0.089,0.047,idle
155.475,3.86,0.093,0.048,idle
155.495,3.86,0.092,0.047,idle
155.515,3.87,0.092,0.047,idle
155.535,3.87,0.093,0.048,idle
155.555,3.87,0.089,0.047,idle
155.575,3.86,0.093,0.049,idle
155.595,3.87,0.092,0.051,idle
155.615,3.85,0.090,0.049,idle
155.635,3.86,0.094,0.047,idle
155.655,3.87,0.091,0.047,idle
155.675,3.89,0.092,0.048,idle
155.695,3.89,0.094,0.049,idle
155.715,3.91,0.089,0.048,idle
155.735,3.90,0.093,0.050,idle
155.755,3.90,0.093,0.050,idle
155.775,3.90,0.091,0.049,idle
155.795,3.91,0.093,0.049,idle
155.815,3.92,0.090,0.048,idle
155.835,3.95,0.092,0.049,idle
155.855,3.97,0.094,0.049,idle
155.875,3.98,0.090,0.048,idle
155.895,3.99,0.093,0.049,idle
155.915,4.00,0.091,0.048,idle
155.935,3.98,0.090,0.047,idle
155.955,3.99,0.094,0.047,idle
155.975,4.02,0.090,0.049,idle
155.995,4.01,0.093,0.048,idle
156.015,4.01,0.093,0.048,idle
156.035,4.01,0.090,0.049,idle
156.055,3.98,0.092,0.049,idle
156.075,4.00,0.092,0.047,idle
156.095,4.00,0.091,0.049,idle
156.115,4.04,0.094,0.047,idle
156.135,4.07,0.091,0.047,idle
156.155,6.54,0.092,0.048,idle
156.175,6.52,0.093,0.048,idle
156.195,6.55,0.089,0.049,idle
156.215,6.51,0.093,0.047,idle
156.235,6.47,0.091,0.047,idle
156.255,-0.06,0.091,0.047,idle
156.275,-0.03,0.093,0.047,idle
156.295,1.50,0.090,0.049,idle
156.315,1.52,0.093,0.048,idle
156.335,1.51,0.092,0.048,idle
156.355,1.49,0.090,0.049,idle
156.375,1.52,0.093,0.049,idle
156.395,1.55,0.091,0.049,idle
156.415,1.59,0.092,0.049,idle
156.435,1.56,0.093,0.050,idle
156.455,1.53,0.089,0.049,idle
156.475,1.55,0.093,0.046,idle
156.495,1.59,0.093,0.047,idle
156.515,1.63,0.090,0.049,idle
156.535,1.62,0.093,0.048,idle
156.555,1.36,0.091,0.048,idle
156.575,1.27,0.091,0.049,idle
156.595,1.24,0.093,0.048,idle
156.615,1.35,0.090,0.048,idle
156.635,1.41,0.092,1.764,idle
156.655,1.31,0.092,0.059,idle
156.675,1.34,0.090,0.077,idle
156.695,1.38,0.092,0.102,idle
156.715,1.37,0.091,0.053,idle
156.735,1.42,0.093,3.343,idle
156.755,1.44,0.094,0.048,idle
156.775,1.44,0.090,2.043,idle
156.795,1.47,0.092,0.049,idle
156.815,1.48,0.092,0.054,idle
156.835,1.45,0.091,0.049,idle
156.855,1.45,0.093,0.051,idle
156.875,1.39,0.092,0.048,idle
156.895,1.40,0.094,0.046,idle
156.915,1.43,0.094,0.050,idle
156.935,1.45,0.090,0.048,idle
156.955,1.46,0.094,0.046,idle
156.975,1.48,0.094,0.054,idle
156.995,1.50,0.092,0.050,idle
157.015,1.51,0.095,0.047,idle
157.035,1.52,0.091,0.130,idle
157.055,1.53,0.093,0.061,idle
157.075,1.55,0.094,0.082,idle
157.095,1.55,0.091,0.061,idle
157.115,1.96,0.095,0.055,idle
157.135,1.90,0.092,0.057,idle
157.155,-0.59,0.092,0.052,idle
157.175,3.74,0.095,0.045,idle
157.195,8.14,0.092,0.052,idle
157.215,9.36,0.094,0.046,idle
157.235,8.53,0.095,0.048,idle
157.255,14.63,0.091,0.054,idle
157.275,16.06,0.094,0.045,idle
157.295,14.51,0.093,0.048,idle
157.315,14.47,0.092,0.055,idle
157.335,14.49,0.096,0.048,idle
157.355,14.49,0.092,0.052,idle
157.375,20.15,0.094,0.050,idle
157.395,21.86,0.096,0.047,idle
157.415,22.81,0.090,0.049,idle
157.435,20.01,0.095,0.050,idle
157.455,20.01,0.093,0.045,idle
157.475,19.99,0.093,0.047,idle
157.495,19.96,0.095,0.047,idle
157.515,19.93,0.092,0.047,idle
157.535,21.00,0.095,0.049,idle
157.555,21.26,0.094,0.048,idle
157.575,21.30,0.092,0.062,idle
157.595,21.37,0.094,0.149,idle
157.615,21.30,0.093,0.090,idle
157.635,21.29,0.094,0.159,idle
157.655,21.58,0.095,1.933,idle
157.675,22.23,0.092,1.926,idle
157.695,25.05,0.095,0.505,idle
157.715,25.25,0.095,1.332,idle
157.735,31.65,0.090,0.589,idle
157.755,31.69,0.094,1.220,idle
157.775,32.06,0.093,0.060,idle
157.795,32.06,0.092,0.047,idle
157.815,32.36,0.096,0.049,idle
157.835,31.81,0.091,0.328,idle
157.855,31.97,0.094,2.036,idle
157.875,35.37,0.095,1.187,idle
157.895,35.42,0.091,0.718,idle
157.915,35.78,0.094,2.253,idle
157.935,36.00,0.093,0.046,idle
157.955,36.78,0.094,0.047,idle
157.975,36.78,0.094,0.048,idle
157.995,36.77,0.091,0.048,idle
158.015,38.10,0.095,2.117,idle
158.035,38.09,0.094,0.055,idle
158.055,39.10,0.091,0.067,idle
158.075,39.08,0.095,0.047,idle
158.095,39.43,0.092,0.059,idle
158.115,39.75,0.094,0.058,idle
158.135,39.80,0.095,0.159,idle
158.155,40.03,0.091,0.294,idle
158.175,42.95,0.094,1.856,idle
158.195,44.65,0.094,0.465,idle
158.215,42.28,0.091,2.305,idle
158.235,49.55,0.094,0.055,idle
158.255,51.07,0.092,0.349,idle
158.275,50.43,0.092,0.071,idle
158.295,51.14,0.094,0.125,idle
158.315,52.00,0.089,0.605,idle
158.335,51.26,0.094,0.113,idle
158.355,64.01,0.092,0.981,idle
158.375,58.07,0.090,0.065,idle
158.395,56.16,0.095,0.181,idle
158.415,55.21,0.091,0.161,idle
158.435,58.47,0.093,0.273,idle
158.455,58.48,0.095,0.102,idle
158.475,65.20,0.090,0.055,idle
158.495,66.21,0.094,0.430,idle
158.515,66.90,0.092,0.054,idle
158.535,65.85,0.090,0.331,idle
158.555,65.92,0.094,0.087,idle
158.575,65.97,0.090,0.269,idle
158.595,65.96,0.093,0.239,idle
158.615,65.94,0.094,0.049,idle
158.635,65.89,0.090,0.238,idle
158.655,65.73,0.093,2.126,idle
158.675,65.06,0.092,3.255,idle
158.695,62.21,0.091,1.331,idle
158.715,62.04,0.093,2.533,idle
158.735,55.55,0.090,1.055,idle
158.755,55.52,0.091,0.292,idle
158.775,55.18,0.092,3.372,idle
158.795,55.14,0.088,2.911,idle
158.815,54.84,0.092,1.058,idle
158.835,55.42,0.091,3.778,idle
158.855,55.24,0.091,0.183,idle
158.875,51.94,0.094,0.075,idle
158.895,51.86,0.090,0.051,idle
158.915,51.44,0.093,0.193,idle
158.935,51.24,0.093,0.054,idle
158.955,50.49,0.089,2.480,idle
158.975,50.45,0.093,1.142,idle
158.995,50.45,0.091,0.638,idle
159.015,49.15,0.090,0.046,idle
159.035,49.15,0.093,0.052,idle
159.055,48.14,0.089,0.063,idle
159.075,48.17,0.092,0.058,idle
159.095,47.80,0.092,0.050,idle
159.115,47.08,0.089,0.059,idle
159.135,47.06,0.092,0.080,idle
159.155,46.86,0.091,0.076,idle
159.175,39.60,0.091,0.053,idle
159.195,33.44,0.092,0.060,idle
159.215,34.63,0.090,0.055,idle
159.235,28.28,0.091,0.067,idle
159.255,27.18,0.092,0.063,idle
159.275,26.36,0.088,0.060,idle
159.295,25.66,0.092,0.061,idle
159.315,24.84,0.092,0.059,idle
159.335,25.54,0.090,0.059,idle
159.355,12.81,0.092,0.062,idle
159.375,13.10,0.089,0.064,idle
159.395,13.29,0.091,0.061,idle
159.415,13.26,0.092,0.054,idle
159.435,12.82,0.089,0.055,idle
159.455,12.84,0.092,0.062,idle
159.475,6.11,0.090,0.050,idle
159.495,5.08,0.090,0.059,idle
159.515,4.34,0.092,0.058,idle
159.535,4.29,0.090,0.059,idle
159.555,4.25,0.092,0.053,idle
159.575,4.26,0.092,0.058,idle
159.595,4.23,0.090,0.053,idle
159.615,4.17,0.092,0.055,idle
159.635,4.19,0.090,0.052,idle
159.655,4.15,0.091,0.056,idle
159.675,4.16,0.092,0.057,idle
159.695,4.14,0.089,0.053,idle
159.715,4.10,0.093,0.060,idle
159.735,4.14,0.092,0.059,idle
159.755,4.13,0.089,0.065,idle
159.775,4.09,0.093,0.057,idle
159.795,4.13,0.090,0.055,idle
159.815,4.16,0.091,0.062,idle
159.835,4.14,0.093,0.053,idle
159.855,4.15,0.088,0.054,idle
159.875,4.11,0.092,0.051,idle
159.895,4.12,0.090,0.055,idle
159.915,4.15,0.089,0.054,idle
159.935,4.14,0.092,0.054,idle
159.955,4.13,0.089,0.054,idle
159.975,4.11,0.090,0.056,idle
159.995,4.09,0.093,0.053,idle
160.015,4.11,0.089,0.053,idle
160.035,4.11,0.091,0.052,idle
160.055,4.10,0.092,0.055,idle
160.075,4.08,0.089,0.053,idle
160.095,4.09,0.092,0.053,idle
160.115,4.09,0.090,0.050,idle
160.135,4.13,0.092,0.055,idle
160.155,4.11,0.093,0.053,idle
160.175,4.15,0.089,0.053,idle
160.195,4.19,0.093,0.052,idle
160.215,4.20,0.091,0.055,idle
160.235,4.14,0.089,0.052,idle
160.255,4.17,0.094,0.055,idle
160.275,4.21,0.089,0.054,idle
160.295,4.24,0.091,0.052,idle
160.315,4.20,0.093,0.058,idle
160.335,4.23,0.089,0.046,idle
160.355,4.22,0.092,0.052,idle
160.375,4.20,0.091,0.050,idle
160.395,4.18,0.091,0.052,idle
160.415,4.21,0.092,0.051,idle
160.435,4.22,0.089,0.050,idle
160.455,4.21,0.092,0.056,idle
160.475,4.22,0.091,0.054,idle
160.495,4.22,0.089,0.051,idle
160.515,4.22,0.092,0.050,idle
160.535,4.27,0.090,0.055,idle
160.555,4.27,0.091,0.052,idle
160.575,4.26,0.094,0.051,idle
160.595,4.30,0.090,0.054,idle
160.615,4.32,0.092,0.052,idle
160.635,4.31,0.091,0.052,idle
160.655,4.32,0.089,0.053,idle
160.675,4.26,0.092,0.052,idle
160.695,4.30,0.090,0.053,idle
160.715,4.32,0.090,0.051,idle
160.735,4.32,0.092,0.053,idle
160.755,4.34,0.089,0.053,idle
160.775,4.33,0.093,0.055,idle
160.795,4.29,0.091,0.055,idle
160.815,4.28,0.088,0.053,idle
160.835,4.28,0.093,0.054,idle
160.855,4.31,0.090,0.049,idle
160.875,4.29,0.090,0.052,idle
160.895,4.36,0.091,0.048,idle
160.915,4.37,0.089,0.046,idle
160.935,4.42,0.092,0.050,idle
160.955,4.37,0.092,0.052,idle
160.975,4.41,0.088,0.053,idle
160.995,4.43,0.093,0.051,idle
161.015,4.35,0.090,0.052,idle
161.035,4.33,0.091,0.054,idle
161.055,4.36,0.092,0.052,idle
161.075,4.36,0.089,0.048,idle
161.095,4.36,0.092,0.051,idle
161.115,4.37,0.092,0.052,idle
161.135,4.36,0.089,0.055,idle
161.155,4.38,0.093,0.053,idle
161.175,4.37,0.090,0.051,idle
161.195,4.37,0.092,0.048,idle
161.215,4.38,0.093,0.056,idle
161.235,4.35,0.089,0.053,idle
161.255,4.28,0.092,0.052,idle
161.275,4.25,0.091,0.052,idle
161.295,4.22,0.090,0.051,idle
161.315,4.23,0.093,0.057,idle
161.335,4.25,0.090,0.050,idle
161.355,4.22,0.092,0.055,idle
161.375,4.22,0.093,0.056,idle
161.395,4.21,0.088,0.052,idle
161.415,4.21,0.094,0.051,idle
161.435,4.20,0.091,0.051,idle
161.455,4.21,0.089,0.054,idle
161.475,4.23,0.093,0.053,idle
161.495,4.29,0.090,0.054,idle
161.515,4.33,0.092,0.049,idle
161.535,4.28,0.093,0.054,idle
161.555,4.27,0.089,0.055,idle
161.575,4.26,0.092,0.055,idle
161.595,4.25,0.091,0.052,idle
161.615,4.24,0.089,0.057,idle
161.635,4.27,0.092,0.054,idle
161.655,4.32,0.090,0.055,idle
161.675,4.39,0.091,0.053,idle
161.695,4.36,0.092,0.054,idle
161.715,4.35,0.089,0.050,idle
161.735,4.34,0.091,0.054,idle
161.755,4.36,0.089,0.049,idle
161.775,4.38,0.090,0.052,idle
161.795,4.40,0.092,0.052,idle
161.815,4.43,0.088,0.052,idle
161.835,4.51,0.092,0.052,idle
161.855,4.42,0.092,0.055,idle
161.875,4.34,0.089,0.055,idle
161.895,4.39,0.092,0.053,idle
161.915,4.47,0.090,0.051,idle
161.935,4.43,0.090,0.051,idle
161.955,4.47,0.092,0.052,idle
161.975,4.46,0.088,0.049,idle
161.995,4.45,0.092,0.056,idle
162.015,4.47,0.092,0.054,idle
162.035,4.51,0.089,0.052,idle
162.055,4.50,0.092,0.050,idle
162.075,4.39,0.090,0.051,idle
162.095,4.16,0.091,0.052,idle
162.115,4.23,0.092,0.048,idle
162.135,4.34,0.090,0.051,idle
162.155,4.29,0.092,0.051,idle
162.175,4.34,0.092,0.053,idle
162.195,4.17,0.089,0.053,idle
162.215,4.17,0.093,0.050,idle
162.235,4.30,0.090,0.055,idle
162.255,4.27,0.092,0.058,idle
162.275,4.29,0.093,0.054,idle
162.295,4.29,0.090,0.052,idle
162.315,4.26,0.094,0.053,idle
162.335,4.34,0.093,0.056,idle
162.355,4.41,0.089,0.064,idle
162.375,4.38,0.093,0.059,idle
162.395,4.41,0.090,0.055,idle
162.415,4.35,0.090,0.056,idle
162.435,4.38,0.093,0.060,idle
162.455,4.37,0.089,0.054,idle
162.475,4.36,0.092,0.060,idle
162.495,4.34,0.091,0.061,idle
162.515,4.33,0.089,0.053,idle
162.535,4.33,0.093,0.062,idle
162.555,4.35,0.091,0.060,idle
162.575,4.39,0.090,0.108,idle
162.595,4.36,0.093,0.073,idle
162.615,4.37,0.089,0.068,idle
162.635,4.33,0.092,0.067,idle
162.655,4.31,0.091,0.065,idle
162.675,4.27,0.087,0.078,idle
162.695,4.27,0.093,0.082,idle
162.715,4.29,0.090,0.054,idle
162.735,4.31,0.092,0.062,idle
162.755,4.26,0.093,0.051,idle
162.775,4.28,0.088,0.051,idle
162.795,4.29,0.093,0.063,idle
162.815,4.26,0.090,0.054,idle
162.835,4.21,0.090,0.054,idle
162.855,4.29,0.092,0.063,idle
162.875,4.37,0.090,0.053,idle
162.895,4.31,0.091,0.053,idle
162.915,4.18,0.092,0.054,idle
162.935,4.17,0.088,0.053,idle
162.955,4.20,0.093,0.055,idle
162.975,4.22,0.092,0.051,idle
162.995,4.25,0.090,0.053,idle
163.015,4.29,0.093,0.054,idle
163.035,4.27,0.089,0.057,idle
163.055,4.23,0.091,0.050,idle
163.075,4.34,0.092,0.053,idle
163.095,4.56,0.088,0.053,idle
163.115,4.50,0.092,0.050,idle
163.135,4.42,0.091,0.053,idle
163.155,4.44,0.089,0.053,idle
163.175,4.40,0.093,0.054,idle
163.195,4.58,0.089,0.050,idle
163.215,4.55,0.092,0.054,idle
163.235,4.48,0.092,0.052,idle
163.255,4.52,0.089,0.054,idle
163.275,4.52,0.092,0.052,idle
163.295,4.50,0.090,0.049,idle
163.315,4.53,0.089,0.048,idle
163.335,4.45,0.094,0.051,idle
163.355,4.39,0.090,0.055,idle
163.375,4.42,0.092,0.052,idle
163.395,4.40,0.092,0.052,idle
163.415,4.45,0.089,0.051,idle
163.435,4.43,0.092,0.054,idle
163.455,4.43,0.091,0.051,idle
163.475,4.42,0.091,0.052,idle
163.495,4.41,0.092,0.050,idle
163.515,4.42,0.088,0.052,idle
163.535,4.46,0.092,0.053,idle
163.555,4.48,0.092,0.052,idle
163.575,4.55,0.089,0.056,idle
163.595,4.63,0.093,0.052,idle
163.615,4.48,0.090,0.053,idle
163.635,4.39,0.090,0.055,idle
163.655,4.38,0.093,0.049,idle
163.675,4.41,0.089,0.051,idle
163.695,4.51,0.090,0.059,idle
163.715,4.54,0.091,0.056,idle
163.735,4.47,0.088,0.050,idle
163.755,4.49,0.092,0.051,idle
163.775,4.43,0.091,0.049,idle
163.795,4.37,0.091,0.054,idle
163.815,4.40,0.093,0.050,idle
163.835,4.37,0.089,0.050,idle
163.855,4.34,0.091,0.055,idle
163.875,4.33,0.091,0.054,idle
163.895,4.30,0.088,0.053,idle
163.915,4.32,0.092,0.053,idle
163.935,4.31,0.091,0.055,idle
163.955,4.26,0.090,0.054,idle
163.975,4.19,0.093,0.047,idle
163.995,4.19,0.089,0.053,idle
164.015,4.16,0.092,0.051,idle
164.035,4.14,0.092,0.057,idle
164.055,4.17,0.089,0.062,idle
164.075,4.22,0.092,0.058,idle
164.095,4.21,0.090,0.070,idle
164.115,4.16,0.091,0.066,idle
164.135,4.12,0.093,0.049,idle
164.155,4.12,0.090,0.048,idle
164.175,4.11,0.093,0.056,idle
164.195,4.07,0.091,0.052,idle
164.215,4.10,0.089,0.067,idle
164.235,4.12,0.093,0.052,idle
164.255,4.15,0.089,0.051,idle
164.275,4.14,0.091,0.054,idle
164.295,4.16,0.092,0.055,idle
164.315,4.17,0.089,0.052,idle
164.335,4.18,0.092,0.054,idle
164.355,4.20,0.090,0.051,idle
164.375,4.19,0.089,0.053,idle
164.395,4.18,0.093,0.057,idle
164.415,4.16,0.090,0.050,idle
164.435,4.13,0.091,0.051,idle
164.455,4.10,0.093,0.053,idle
164.475,4.10,0.089,0.054,idle
164.495,4.10,0.093,0.048,idle
164.515,4.04,0.092,0.053,idle
164.535,4.04,0.090,0.052,idle
164.555,3.98,0.092,0.054,idle
164.575,3.88,0.090,0.054,idle
164.595,3.81,0.092,0.054,idle
164.615,3.96,0.093,0.052,idle
164.635,4.05,0.089,0.053,idle
164.655,4.05,0.093,0.048,idle
164.675,4.04,0.091,0.054,idle
164.695,3.94,0.089,0.049,idle
164.715,3.90,0.093,0.049,idle
164.735,3.96,0.089,0.052,idle
164.755,3.99,0.091,0.055,idle
164.775,3.99,0.091,0.054,idle
164.795,4.04,0.087,0.053,idle
164.815,4.02,0.092,0.054,idle
164.835,4.08,0.090,0.056,idle
164.855,4.09,0.091,0.054,idle
164.875,4.16,0.093,0.054,idle
164.895,4.18,0.089,0.052,idle
164.915,4.18,0.091,0.055,idle
164.935,4.17,0.092,0.057,idle
164.955,4.19,0.088,0.049,idle
164.975,4.23,0.092,0.053,idle
164.995,4.27,0.091,0.051,idle
165.014,4.27,0.091,0.051,idle
165.034,4.31,0.093,0.051,idle
165.054,4.29,0.089,0.047,idle
165.074,4.25,0.092,0.050,idle
165.094,4.28,0.092,0.056,idle
165.114,4.25,0.088,0.054,idle
165.134,4.28,0.093,0.048,idle
165.154,4.29,0.091,0.052,idle
165.174,4.32,0.092,0.054,idle
165.194,4.31,0.093,0.050,idle
165.214,4.28,0.088,0.049,idle
165.234,4.25,0.092,0.054,idle
165.254,4.24,0.092,0.053,idle
165.274,4.26,0.089,0.046,idle
165.294,4.28,0.093,0.052,idle
165.314,4.26,0.090,0.050,idle
165.334,4.28,0.092,0.056,idle
165.354,4.26,0.092,0.053,idle
165.374,4.24,0.089,0.051,idle
165.394,4.21,0.092,0.057,idle
165.414,4.20,0.092,0.053,idle
165.434,4.22,0.090,0.056,idle
165.454,4.24,0.093,0.052,idle
165.474,4.26,0.091,0.051,idle
165.494,4.25,0.092,0.051,idle
165.514,4.28,0.093,0.052,idle
165.534,4.33,0.089,0.052,idle
165.554,4.34,0.094,0.050,idle
165.574,4.38,0.091,0.049,idle
165.594,4.40,0.089,0.055,idle
165.614,4.35,0.093,0.048,idle
165.634,4.37,0.090,0.054,idle
165.654,4.35,0.090,0.053,idle
165.674,4.30,0.092,0.053,idle
165.694,4.31,0.087,0.052,idle
165.714,4.30,0.091,0.054,idle
165.734,4.26,0.092,0.054,idle
165.754,4.20,0.089,0.051,idle
165.774,4.22,0.094,0.051,idle
165.794,4.25,0.090,0.053,idle
165.814,4.22,0.091,0.056,idle
165.834,4.14,0.092,0.054,idle
165.854,4.15,0.087,0.050,idle
165.874,4.10,0.092,0.055,idle
165.894,4.05,0.091,0.049,idle
165.914,4.04,0.089,0.051,idle
165.934,4.09,0.092,0.052,idle
165.954,4.10,0.089,0.053,idle
165.974,4.10,0.091,0.055,idle
165.994,4.04,0.092,0.049,idle
166.014,4.04,0.088,0.047,idle
166.034,4.02,0.092,0.057,idle
166.054,4.07,0.091,0.053,idle
166.074,4.05,0.090,0.054,idle
166.094,4.02,0.092,0.053,idle
166.114,4.05,0.090,0.054,idle
166.134,4.05,0.091,0.052,idle
166.154,4.05,0.093,0.053,idle
166.174,4.01,0.089,0.050,idle
166.194,4.06,0.093,0.053,idle
166.214,4.07,0.091,0.052,idle
166.234,4.01,0.091,0.054,idle
166.254,3.99,0.093,0.050,idle
166.274,3.95,0.090,0.052,idle
166.294,3.92,0.091,0.051,idle
166.314,3.93,0.092,0.052,idle
166.334,3.89,0.089,0.048,idle
166.354,3.95,0.093,0.050,idle
166.374,3.97,0.091,0.053,idle
166.394,4.00,0.090,0.052,idle
166.414,4.03,0.093,0.052,idle
166.434,4.03,0.089,0.052,idle
166.454,4.00,0.092,0.056,idle
166.474,3.99,0.093,0.052,idle
166.494,3.99,0.089,0.052,idle
166.514,4.01,0.092,0.052,idle
166.534,3.95,0.091,0.051,idle
166.554,3.93,0.090,0.050,idle
166.574,3.89,0.092,0.055,idle
166.594,3.89,0.089,0.053,idle
166.614,3.94,0.092,0.049,idle
166.634,3.89,0.092,0.048,idle
166.654,3.87,0.090,0.054,idle
166.674,3.93,0.093,0.047,idle
166.694,3.92,0.090,0.055,idle
166.714,3.97,0.090,0.051,idle
166.734,4.00,0.093,0.051,idle
166.754,4.03,0.088,0.056,idle
166.774,4.07,0.092,0.050,idle
166.794,4.05,0.092,0.050,idle
166.814,4.05,0.089,0.051,idle
166.834,4.08,0.093,0.055,idle
166.854,4.07,0.090,0.050,idle
166.874,4.06,0.090,0.050,idle
166.894,4.07,0.092,0.055,idle
166.914,4.10,0.088,0.052,idle
166.934,4.07,0.092,0.051,idle
166.954,4.05,0.092,0.051,idle
166.974,4.05,0.088,0.054,idle
166.994,4.03,0.092,0.048,idle
167.014,4.02,0.089,0.053,idle
167.034,4.03,0.091,0.053,idle
167.054,4.02,0.092,0.051,idle
167.074,4.03,0.088,0.052,idle
167.094,4.02,0.092,0.053,idle
167.114,4.05,0.091,0.051,idle
167.134,4.06,0.089,0.054,idle
167.154,4.04,0.094,0.055,idle
167.174,4.06,0.089,0.053,idle
167.194,4.06,0.092,0.051,idle
167.214,4.07,0.094,0.052,idle
167.234,4.13,0.088,0.051,idle
167.254,4.13,0.093,0.052,idle
167.274,4.18,0.092,0.051,idle
167.294,4.19,0.089,0.050,idle
167.314,4.18,0.093,0.048,idle
167.334,4.17,0.089,0.053,idle
167.354,4.10,0.091,0.053,idle
167.374,4.11,0.093,0.053,idle
167.394,4.10,0.088,0.053,idle
167.414,4.08,0.093,0.051,idle
167.434,4.07,0.091,0.052,idle
167.454,4.10,0.089,0.051,idle
167.474,4.07,0.093,0.051,idle
167.494,4.01,0.090,0.051,idle
167.514,3.89,0.092,0.052,idle
167.534,3.87,0.093,0.047,idle
167.554,3.99,0.088,0.052,idle
167.574,3.94,0.093,0.054,idle
167.594,3.87,0.091,0.052,idle
167.614,3.90,0.090,0.049,idle
167.634,3.78,0.093,0.053,idle
167.654,3.83,0.089,0.051,idle
167.674,4.07,0.091,0.053,idle
167.694,4.14,0.093,0.049,idle
167.714,4.13,0.088,0.052,idle
167.734,4.09,0.092,0.052,idle
167.754,4.01,0.092,0.051,idle
167.774,4.17,0.089,0.055,idle
167.794,4.15,0.092,0.050,idle
167.814,4.00,0.088,0.051,idle
167.834,4.02,0.092,0.050,idle
167.854,4.00,0.092,0.053,idle
167.874,3.99,0.088,0.053,idle
167.894,4.02,0.093,0.048,idle
167.914,3.96,0.090,0.054,idle
167.934,4.02,0.091,0.050,idle
167.954,4.08,0.092,0.052,idle
167.974,4.07,0.089,0.051,idle
167.994,4.11,0.092,0.063,idle
168.014,4.09,0.092,0.059,idle
168.034,4.12,0.089,0.054,idle
168.054,4.12,0.092,0.056,idle
168.074,4.10,0.090,0.055,idle
168.094,4.15,0.090,0.057,idle
168.114,4.14,0.092,0.069,idle
168.134,4.13,0.090,0.070,idle
168.154,4.16,0.093,0.074,idle
168.174,4.19,0.094,0.052,idle
168.194,4.17,0.088,0.053,idle
168.214,4.14,0.092,0.060,idle
168.234,4.13,0.091,0.072,idle
168.254,4.15,0.091,0.073,idle
168.274,4.13,0.092,0.055,idle
168.294,4.12,0.088,0.067,idle
168.314,4.11,0.091,0.055,idle
168.334,4.11,0.093,0.053,idle
168.354,4.12,0.090,0.054,idle
168.374,4.13,0.092,0.051,idle
168.394,4.11,0.091,0.055,idle
168.414,4.13,0.090,0.052,idle
168.434,4.13,0.093,0.047,idle
168.454,4.10,0.090,0.049,idle
168.474,4.14,0.091,0.052,idle
168.494,4.19,0.093,0.054,idle
168.514,4.29,0.089,0.052,idle
168.534,4.28,0.092,0.051,idle
168.554,4.18,0.091,0.050,idle
168.574,4.23,0.091,0.052,idle
168.594,4.29,0.093,0.050,idle
168.614,4.26,0.088,0.051,idle
168.634,4.40,0.091,0.052,idle
168.654,4.40,0.091,0.047,idle
168.674,4.13,0.089,0.055,idle
168.694,4.06,0.092,0.048,idle
168.714,4.08,0.090,0.056,idle
168.734,4.14,0.091,0.052,idle
168.754,4.24,0.093,0.049,idle
168.774,4.05,0.089,0.053,idle
168.794,4.07,0.091,0.053,idle
168.814,4.24,0.093,0.050,idle
168.834,4.22,0.090,0.049,idle
168.854,4.25,0.092,0.055,idle
168.874,4.26,0.089,0.051,idle
168.894,4.25,0.091,0.054,idle
168.914,4.39,0.093,0.050,idle
168.934,4.38,0.089,0.054,idle
168.954,4.26,0.091,0.050,idle
168.974,4.31,0.091,0.054,idle
168.994,4.27,0.089,0.052,idle
169.014,4.26,0.093,0.049,idle
169.034,4.27,0.091,0.051,idle
169.054,4.27,0.090,0.051,idle
169.074,4.30,0.092,0.053,idle
169.094,4.31,0.088,0.047,idle
169.114,4.26,0.092,0.049,idle
169.134,4.25,0.092,0.050,idle
169.154,4.27,0.090,0.053,idle
169.174,4.25,0.093,0.050,idle
169.194,4.23,0.089,0.055,idle
169.214,4.23,0.091,0.049,idle
169.234,4.24,0.092,0.052,idle
169.254,4.25,0.089,0.050,idle
169.274,4.24,0.092,0.050,idle
169.294,4.23,0.091,0.053,idle
169.314,4.23,0.090,0.051,idle
169.334,4.25,0.092,0.054,idle
169.354,4.27,0.090,0.051,idle
169.374,4.26,0.092,0.052,idle
169.394,4.28,0.094,0.055,idle
169.414,4.25,0.090,0.047,idle
169.434,4.28,0.092,0.070,idle
169.454,4.29,0.091,0.072,idle
169.474,4.28,0.090,0.054,idle
169.494,4.29,0.092,0.051,idle
169.514,4.28,0.090,0.051,idle
169.534,4.31,0.092,0.049,idle
169.554,4.33,0.092,0.055,idle
169.574,4.35,0.089,0.052,idle
169.594,4.37,0.093,0.055,idle
169.614,4.35,0.091,0.054,idle
169.634,4.35,0.091,0.051,idle
169.654,4.30,0.092,0.050,idle
169.674,4.33,0.089,0.051,idle
169.694,4.36,0.092,0.050,idle
169.714,4.34,0.092,0.051,idle
169.734,4.32,0.089,0.053,idle
169.754,4.26,0.093,0.054,idle
169.774,4.27,0.091,0.050,idle
169.794,4.26,0.091,0.053,idle
169.814,4.24,0.093,0.057,idle
169.834,4.21,0.089,0.049,idle
169.854,4.20,0.092,0.053,idle
169.874,4.23,0.091,0.051,idle
169.894,4.22,0.088,0.052,idle
169.914,4.13,0.092,0.049,idle
169.934,4.07,0.091,0.049,idle
169.954,4.14,0.089,0.052,idle
169.974,4.12,0.093,0.055,idle
169.994,4.14,0.090,0.052,idle
170.014,4.19,0.091,0.054,idle
170.034,4.15,0.093,0.049,idle
170.054,4.12,0.089,0.050,idle
170.074,4.10,0.092,0.045,idle
170.094,4.06,0.090,0.055,idle
170.114,4.12,0.091,0.049,idle
170.134,4.12,0.093,0.049,idle
170.154,4.08,0.089,0.050,idle
170.174,4.03,0.092,0.051,idle
170.194,4.06,0.093,0.058,idle
170.214,4.07,0.088,0.051,idle
170.234,4.06,0.092,0.052,idle
170.254,4.09,0.091,0.052,idle
170.274,4.10,0.092,0.051,idle
170.294,4.13,0.093,0.050,idle
170.314,4.10,0.089,0.054,idle
170.334,4.11,0.092,0.051,idle
170.354,4.13,0.093,0.051,idle
170.374,4.16,0.090,0.052,idle
170.394,4.15,0.093,0.051,idle
170.414,4.17,0.091,0.053,idle
170.434,4.14,0.091,0.051,idle
170.454,4.13,0.094,0.052,idle
170.474,4.14,0.090,0.051,idle
170.494,4.14,0.093,0.048,idle
170.514,4.18,0.092,0.052,idle
170.534,4.13,0.089,0.053,idle
170.554,4.13,0.093,0.053,idle
170.574,4.14,0.091,0.052,idle
170.594,4.07,0.091,0.050,idle
170.614,4.08,0.094,0.054,idle
170.634,4.10,0.089,0.054,idle
170.654,4.11,0.092,0.051,idle
170.674,4.10,0.092,0.053,idle
170.694,4.07,0.089,0.053,idle
170.714,4.09,0.093,0.051,idle
170.734,4.10,0.090,0.052,idle
170.754,4.09,0.091,0.050,idle
170.774,4.09,0.093,0.050,idle
170.794,4.10,0.089,0.057,idle
170.814,4.11,0.092,0.051,idle
170.834,4.14,0.092,0.053,idle
170.854,4.15,0.090,0.048,idle
170.874,4.11,0.093,0.052,idle
170.894,4.10,0.090,0.050,idle
170.914,4.11,0.091,0.052,idle
170.934,4.09,0.093,0.053,idle
170.954,4.07,0.090,0.049,idle
170.974,4.03,0.093,0.056,idle
170.994,4.03,0.093,0.052,idle
171.014,4.04,0.089,0.054,idle
171.034,4.06,0.093,0.051,idle
171.054,4.04,0.091,0.050,idle
171.074,4.03,0.091,0.052,idle
171.094,4.06,0.093,0.051,idle
171.114,4.02,0.089,0.051,idle
171.134,4.03,0.093,0.051,idle
171.154,4.02,0.092,0.053,idle
171.174,4.02,0.090,0.052,idle
171.194,3.98,0.094,0.052,idle
171.214,3.98,0.090,0.054,idle
171.234,4.00,0.092,0.050,idle
171.254,4.00,0.093,0.054,idle
171.274,3.98,0.089,0.050,idle
171.294,4.00,0.094,0.052,idle
171.314,4.01,0.091,0.051,idle
171.334,3.97,0.090,0.048,idle
171.354,3.97,0.094,0.050,idle
171.374,3.93,0.091,0.052,idle
171.394,3.96,0.094,0.049,idle
171.414,3.97,0.093,0.053,idle
171.434,3.97,0.089,0.055,idle
171.454,4.02,0.092,0.050,idle
171.474,4.02,0.092,0.052,idle
171.494,4.05,0.090,0.048,idle
171.514,4.03,0.093,0.052,idle
171.534,4.08,0.090,0.057,idle
171.554,4.09,0.093,0.050,idle
171.574,4.10,0.092,0.050,idle
171.594,4.12,0.089,0.051,idle
171.614,4.15,0.093,0.053,idle
171.634,4.15,0.091,0.049,idle
171.654,4.18,0.090,0.055,idle
171.674,4.17,0.093,0.052,idle
171.694,4.17,0.089,0.053,idle
171.714,4.14,0.093,0.052,idle
171.734,4.12,0.092,0.051,idle
171.754,4.12,0.089,0.048,idle
171.774,4.14,0.093,0.054,idle
171.794,4.10,0.091,0.054,idle
171.814,4.10,0.091,0.053,idle
171.834,4.11,0.094,0.051,idle
171.854,4.10,0.090,0.049,idle
171.874,4.12,0.091,0.053,idle
171.894,4.08,0.093,0.051,idle
171.914,4.06,0.089,0.051,idle
171.934,4.11,0.092,0.052,idle
171.954,4.13,0.091,0.053,idle
171.974,4.15,0.090,0.046,idle
171.994,4.17,0.093,0.052,idle
172.014,4.15,0.090,0.051,idle
172.034,4.14,0.091,0.052,idle
172.054,4.17,0.092,0.051,idle
172.074,4.20,0.088,0.050,idle
172.094,4.19,0.092,0.052,idle
172.114,4.19,0.092,0.049,idle
172.134,4.21,0.091,0.047,idle
172.154,4.23,0.093,0.049,idle
172.174,4.24,0.090,0.051,idle
172.194,4.29,0.092,0.050,idle
172.214,4.26,0.093,0.055,idle
172.234,4.24,0.090,0.052,idle
172.254,4.20,0.093,0.049,idle
172.274,4.23,0.091,0.052,idle
172.294,4.21,0.091,0.051,idle
172.314,4.25,0.093,0.052,idle
172.334,4.30,0.089,0.052,idle
172.354,4.29,0.092,0.053,idle
172.374,4.27,0.092,0.051,idle
172.394,4.25,0.089,0.055,idle
172.414,4.26,0.093,0.048,idle
172.434,4.27,0.091,0.053,idle
172.454,4.25,0.091,0.053,idle
172.474,4.26,0.093,0.051,idle
172.494,4.25,0.089,0.052,idle
172.514,4.27,0.093,0.055,idle
172.534,4.26,0.093,0.052,idle
172.554,4.26,0.090,0.054,idle
172.574,4.23,0.093,0.049,idle
172.594,4.26,0.090,0.053,idle
172.614,4.23,0.091,0.054,idle
172.634,4.19,0.093,0.051,idle
172.654,4.14,0.089,0.051,idle
172.674,4.13,0.092,0.048,idle
172.694,4.13,0.092,0.054,idle
172.714,4.13,0.089,0.053,idle
172.734,4.11,0.093,0.054,idle
172.754,4.12,0.091,0.055,idle
172.774,4.13,0.091,0.052,idle
172.794,4.15,0.093,0.052,idle
172.814,4.16,0.089,0.052,idle
172.834,4.14,0.093,0.053,idle
172.854,4.16,0.092,0.054,idle
172.874,4.16,0.089,0.050,idle
172.894,4.21,0.093,0.051,idle
172.914,4.23,0.090,0.050,idle
172.934,4.21,0.091,0.052,idle
172.954,4.19,0.093,0.051,idle
172.974,4.18,0.089,0.053,idle
172.994,4.16,0.092,0.051,idle
173.014,4.16,0.091,0.051,idle
173.034,4.17,0.089,0.051,idle
173.054,4.17,0.094,0.054,idle
173.074,4.15,0.090,0.052,idle
173.094,4.15,0.091,0.053,idle
173.114,4.21,0.093,0.050,idle
173.134,4.19,0.089,0.052,idle
173.154,4.18,0.093,0.046,idle
173.174,4.19,0.092,0.050,idle
173.194,4.32,0.090,0.056,idle
173.214,4.49,0.093,0.050,idle
173.234,4.48,0.091,0.052,idle
173.254,4.40,0.093,0.048,idle
173.274,4.37,0.093,0.053,idle
173.294,4.25,0.089,0.053,idle
173.314,4.29,0.092,0.052,idle
173.334,4.41,0.091,0.052,idle
173.354,4.31,0.091,0.055,idle
173.374,4.31,0.093,0.051,idle
173.394,4.40,0.090,0.049,idle
173.414,4.40,0.092,0.050,idle
173.434,4.41,0.094,0.050,idle
173.454,4.35,0.090,0.054,idle
173.474,4.32,0.093,0.054,idle
173.494,4.29,0.092,0.052,idle
173.514,4.24,0.090,0.052,idle
173.534,4.20,0.093,0.048,idle
173.554,4.17,0.090,0.050,idle
173.574,4.18,0.092,0.050,idle
173.594,4.15,0.093,0.053,idle
173.614,4.18,0.089,0.054,idle
173.634,4.18,0.092,0.054,idle
173.654,4.21,0.090,0.059,idle
173.674,4.17,0.091,0.067,idle
173.694,4.19,0.095,0.071,idle
173.714,4.19,0.089,0.064,idle
173.734,4.24,0.091,0.068,idle
173.754,4.21,0.092,0.055,idle
173.774,4.21,0.089,0.055,idle
173.794,4.20,0.093,0.067,idle
173.814,4.18,0.092,0.061,idle
173.834,4.17,0.091,0.062,idle
173.854,4.19,0.091,0.064,idle
173.874,4.20,0.090,0.054,idle
173.894,4.18,0.092,0.055,idle
173.914,4.18,0.090,0.056,idle
173.934,4.17,0.088,0.051,idle
173.954,4.20,0.093,0.056,idle
173.974,4.21,0.091,0.051,idle
173.994,4.23,0.091,0.050,idle
174.014,4.22,0.093,0.054,idle
174.034,4.19,0.090,0.053,idle
174.054,4.20,0.093,0.050,idle
174.074,4.20,0.092,0.052,idle
174.094,4.17,0.090,0.051,idle
174.114,4.15,0.093,0.050,idle
174.134,4.16,0.091,0.051,idle
174.154,4.16,0.092,0.055,idle
174.174,4.17,0.093,0.050,idle
174.194,4.04,0.090,0.049,idle
174.214,3.87,0.092,0.053,idle
174.234,3.92,0.092,0.054,idle
174.254,4.02,0.089,0.051,idle
174.274,4.03,0.093,0.054,idle
174.294,4.16,0.091,0.056,idle
174.314,4.24,0.092,0.051,idle
174.334,4.14,0.093,0.056,idle
174.354,4.18,0.089,0.051,idle
174.374,4.19,0.093,0.052,idle
174.394,4.09,0.092,0.051,idle
174.414,4.13,0.089,0.050,idle
174.434,4.22,0.094,0.053,idle
174.454,4.23,0.091,0.051,idle
174.474,4.21,0.092,0.053,idle
174.494,4.23,0.093,0.056,idle
174.514,4.20,0.089,0.052,idle
174.534,4.24,0.093,0.053,idle
174.554,4.27,0.092,0.052,idle
174.574,4.29,0.090,0.050,idle
174.594,4.30,0.094,0.052,idle
174.614,4.28,0.091,0.053,idle
174.634,4.30,0.092,0.050,idle
174.654,4.30,0.092,0.052,idle
174.674,4.33,0.089,0.051,idle
174.694,4.35,0.092,0.051,idle
174.714,4.31,0.092,0.049,idle
174.734,4.29,0.089,0.052,idle
174.754,4.32,0.094,0.058,idle
174.774,4.31,0.090,0.057,idle
174.794,4.34,0.091,0.068,idle
174.814,4.33,0.094,0.057,idle
174.834,4.34,0.088,0.062,idle
174.854,4.32,0.093,0.051,idle
174.874,4.29,0.092,0.052,idle
174.894,4.31,0.090,0.054,idle
174.914,4.30,0.094,0.047,idle
174.934,4.31,0.091,0.053,idle
174.954,4.28,0.091,0.056,idle
174.974,4.23,0.092,0.056,idle
174.994,4.22,0.089,0.052,idle
175.014,4.24,0.091,0.053,idle
175.034,4.25,0.091,0.052,idle
175.054,4.27,0.089,0.053,idle
175.074,4.26,0.093,0.051,idle
175.094,4.29,0.091,0.048,idle
175.114,4.26,0.090,0.056,idle
175.134,4.26,0.094,0.055,idle
175.154,4.23,0.089,0.055,idle
175.174,4.27,0.094,0.049,idle
175.194,4.27,0.092,0.053,idle
175.214,4.30,0.090,0.051,idle
175.234,4.27,0.094,0.054,idle
175.254,4.28,0.090,0.049,idle
175.274,4.27,0.093,0.051,idle
175.294,4.26,0.094,0.050,idle
175.314,4.11,0.089,0.053,idle
175.334,4.10,0.092,0.049,idle
175.354,4.15,0.091,0.051,idle
175.374,4.20,0.089,0.051,idle
175.394,4.22,0.094,0.050,idle
175.414,4.16,0.090,0.050,idle
175.434,4.08,0.092,0.053,idle
175.454,4.10,0.094,0.054,idle
175.474,4.14,0.090,0.050,idle
175.494,4.14,0.093,0.053,idle
175.514,4.16,0.092,0.052,idle
175.534,4.17,0.090,0.053,idle
175.554,4.12,0.095,0.049,idle
175.574,4.15,0.090,0.049,idle
175.594,4.16,0.092,0.050,idle
175.614,4.16,0.093,0.049,idle
175.634,4.16,0.089,0.053,idle
175.654,4.18,0.093,0.048,idle
175.674,4.19,0.091,0.050,idle
175.694,4.17,0.090,0.050,idle
175.714,4.26,0.093,0.051,idle
175.734,4.26,0.090,0.051,idle
175.754,4.23,0.092,0.052,idle
175.774,4.25,0.092,0.053,idle
175.794,4.24,0.089,0.049,idle
175.814,4.24,0.093,0.053,idle
175.834,4.23,0.090,0.051,idle
175.854,4.26,0.091,0.050,idle
175.874,4.25,0.092,0.052,idle
175.894,4.20,0.089,0.053,idle
175.914,4.22,0.091,0.052,idle
175.934,4.21,0.092,0.056,idle
175.954,4.24,0.090,0.050,idle
175.974,4.26,0.092,0.055,idle
175.994,4.23,0.090,0.052,idle
176.014,4.21,0.091,0.049,idle
176.034,4.25,0.094,0.052,idle
176.054,4.21,0.089,0.049,idle
176.074,4.24,0.092,0.049,idle
176.094,4.23,0.093,0.051,idle
176.114,4.25,0.089,0.049,idle
176.134,4.23,0.093,0.047,idle
176.154,4.28,0.091,0.056,idle
176.174,4.26,0.092,0.048,idle
176.194,4.25,0.094,0.051,idle
176.214,4.21,0.090,0.049,idle
176.234,4.16,0.092,0.052,idle
176.254,4.15,0.092,0.052,idle
176.274,4.15,0.089,0.050,idle
176.294,4.13,0.094,0.051,idle
176.314,4.11,0.091,0.051,idle
176.334,4.09,0.091,0.053,idle
176.354,4.09,0.094,0.053,idle
176.374,4.02,0.089,0.052,idle
176.394,4.03,0.094,0.048,idle
176.414,4.03,0.091,0.045,idle
176.434,3.99,0.089,0.050,idle
176.454,4.03,0.093,0.051,idle
176.474,4.00,0.091,0.053,idle
176.494,4.00,0.092,0.050,idle
176.514,3.98,0.093,0.053,idle
176.534,3.98,0.088,0.054,idle
176.554,4.03,0.093,0.050,idle
176.574,3.98,0.092,0.051,idle
176.594,3.95,0.091,0.051,idle
176.614,3.96,0.093,0.050,idle
176.634,3.98,0.090,0.052,idle
176.654,3.99,0.091,0.053,idle
176.674,3.97,0.093,0.053,idle
176.694,3.98,0.089,0.054,idle
176.714,3.92,0.092,0.054,idle
176.734,3.89,0.092,0.052,idle
176.754,3.91,0.089,0.052,idle
176.774,3.91,0.093,0.054,idle
176.794,3.91,0.091,0.056,idle
176.814,3.93,0.091,0.045,idle
176.834,3.93,0.093,0.050,idle
176.854,3.93,0.090,0.052,idle
176.874,3.94,0.092,0.053,idle
176.894,3.93,0.093,0.054,idle
176.914,3.94,0.089,0.049,idle
176.934,3.95,0.094,0.052,idle
176.954,3.96,0.091,0.053,idle
176.974,3.98,0.091,0.050,idle
176.994,4.00,0.092,0.055,idle
177.014,4.01,0.089,0.055,idle
177.034,4.01,0.092,0.050,idle
177.054,4.05,0.091,0.051,idle
177.074,4.03,0.090,0.050,idle
177.094,4.08,0.093,0.054,idle
177.114,4.08,0.091,0.050,idle
177.134,4.09,0.093,0.052,idle
177.154,4.06,0.093,0.047,idle
177.174,4.03,0.089,0.051,idle
177.194,4.02,0.094,0.050,idle
177.214,4.06,0.092,0.052,idle
177.234,4.13,0.089,0.053,idle
177.254,4.13,0.093,0.051,idle
177.274,4.17,0.089,0.052,idle
177.294,4.18,0.092,0.049,idle
177.314,4.22,0.093,0.052,idle
177.334,4.19,0.089,0.055,idle
177.354,4.18,0.093,0.054,idle
177.374,4.18,0.092,0.053,idle
177.394,4.17,0.091,0.055,idle
177.414,4.18,0.094,0.056,idle
177.434,4.19,0.090,0.050,idle
177.454,4.14,0.092,0.055,idle
177.474,4.15,0.094,0.053,idle
177.494,4.13,0.090,0.055,idle
177.514,4.17,0.093,0.054,idle
177.534,4.18,0.092,0.049,idle
177.554,4.15,0.091,0.053,idle
177.574,4.19,0.095,0.056,idle
177.594,4.18,0.089,0.052,idle
177.614,4.18,0.092,0.054,idle
177.634,4.13,0.093,0.054,idle
177.654,4.13,0.089,0.053,idle
177.674,4.15,0.093,0.053,idle
177.694,4.11,0.092,0.053,idle
177.714,4.10,0.090,0.051,idle
177.734,4.11,0.094,0.053,idle
177.754,4.10,0.089,0.050,idle
177.774,4.09,0.092,0.050,idle
177.794,4.08,0.093,0.052,idle
177.814,4.08,0.089,0.052,idle
177.834,4.09,0.092,0.051,idle
177.854,4.10,0.091,0.049,idle
177.874,4.10,0.090,0.049,idle
177.894,4.16,0.093,0.047,idle
177.914,4.14,0.090,0.055,idle
177.934,4.18,0.093,0.049,idle
177.954,4.16,0.094,0.050,idle
177.974,4.20,0.089,0.049,idle
177.994,4.24,0.093,0.056,idle
178.014,4.24,0.091,0.051,idle
178.034,4.21,0.090,0.050,idle
178.054,4.19,0.092,0.053,idle
178.074,4.18,0.088,0.053,idle
178.094,4.12,0.093,0.050,idle
178.114,4.12,0.093,0.050,idle
178.134,4.11,0.090,0.049,idle
178.154,4.09,0.093,0.050,idle
178.174,4.10,0.092,0.052,idle
178.194,4.12,0.091,0.053,idle
178.214,4.08,0.094,0.054,idle
178.234,4.03,0.090,0.050,idle
178.254,4.06,0.093,0.053,idle
178.274,4.05,0.094,0.049,idle
178.294,4.06,0.089,0.049,idle
178.314,4.06,0.093,0.056,idle
178.334,4.08,0.090,0.047,idle
178.354,4.10,0.091,0.053,idle
178.374,4.17,0.094,0.050,idle
178.394,4.15,0.090,0.051,idle
178.414,4.13,0.093,0.049,idle
178.434,4.13,0.093,0.051,idle
178.454,4.16,0.089,0.049,idle
178.474,4.18,0.094,0.049,idle
178.494,4.15,0.091,0.051,idle
178.514,4.15,0.091,0.052,idle
178.534,4.16,0.093,0.053,idle
178.554,4.18,0.090,0.052,idle
178.574,4.16,0.092,0.053,idle
178.594,4.17,0.093,0.055,idle
178.614,4.20,0.088,0.051,idle
178.634,4.20,0.092,0.050,idle
178.654,4.17,0.090,0.055,idle
178.674,4.17,0.091,0.052,idle
178.694,4.25,0.092,0.053,idle
178.714,4.27,0.089,0.053,idle
178.734,4.28,0.093,0.050,idle
178.754,4.28,0.092,0.053,idle
178.774,4.36,0.090,0.050,idle
178.794,4.33,0.093,0.054,idle
178.814,4.21,0.090,0.051,idle
178.834,4.18,0.091,0.052,idle
178.854,4.17,0.093,0.050,idle
178.874,4.18,0.089,0.054,idle
178.894,4.14,0.092,0.054,idle
178.914,4.10,0.092,0.048,idle
178.934,4.09,0.089,0.051,idle
178.954,4.17,0.093,0.052,idle
178.974,4.11,0.091,0.050,idle
178.994,4.05,0.091,0.052,idle
179.014,4.01,0.092,0.055,idle
179.034,4.01,0.090,0.045,idle
179.054,4.03,0.092,0.052,idle
179.074,4.05,0.092,0.054,idle
179.094,4.03,0.089,0.053,idle
179.114,4.06,0.093,0.051,idle
179.134,4.05,0.091,0.054,idle
179.154,4.05,0.092,0.052,idle
179.174,4.04,0.094,0.050,idle
179.194,4.05,0.090,0.051,idle
179.214,4.11,0.092,0.054,idle
179.234,4.12,0.092,0.053,idle
179.254,4.07,0.090,0.057,idle
179.274,4.07,0.093,0.060,idle
179.294,4.07,0.089,0.071,idle
179.314,4.09,0.092,0.071,idle
179.334,4.09,0.093,0.061,idle
179.354,4.09,0.089,0.057,idle
179.374,4.06,0.093,0.075,idle
179.394,4.12,0.092,0.068,idle
179.414,4.13,0.090,0.064,idle
179.434,4.12,0.093,0.054,idle
179.454,4.14,0.091,0.052,idle
179.474,4.15,0.093,0.056,idle
179.494,4.16,0.092,0.053,idle
179.514,4.18,0.089,0.057,idle
179.534,4.15,0.092,0.052,idle
179.554,4.11,0.090,0.050,idle
179.574,4.13,0.090,0.053,idle
179.594,4.09,0.094,0.051,idle
179.614,4.04,0.089,0.052,idle
179.634,4.06,0.092,0.051,idle
179.654,4.18,0.092,0.052,idle
179.674,4.28,0.088,0.053,idle
179.694,4.23,0.094,0.053,idle
179.714,4.18,0.091,0.050,idle
179.734,4.10,0.090,0.055,idle
179.754,4.11,0.093,0.052,idle
179.774,4.09,0.089,0.054,idle
179.794,4.14,0.093,0.049,idle
179.814,4.27,0.092,0.054,idle
179.834,4.32,0.088,0.052,idle
179.854,4.29,0.092,0.053,idle
179.874,4.26,0.091,0.050,idle
179.894,4.27,0.091,0.054,idle
179.914,4.37,0.092,0.052,idle
179.934,4.37,0.089,0.050,idle
179.954,4.35,0.091,0.053,idle
179.974,4.32,0.092,0.051,idle
179.994,4.35,0.090,0.053,idle
180.014,4.41,0.092,0.052,idle
180.034,4.40,0.092,0.053,idle
180.054,4.39,0.090,0.050,idle
180.074,4.37,0.093,0.047,idle
180.094,4.40,0.089,0.057,idle
180.114,4.37,0.093,0.058,idle
180.134,4.37,0.092,0.056,idle
180.154,4.43,0.090,0.055,idle
180.174,4.44,0.093,0.053,idle
180.194,4.44,0.089,0.055,idle
180.214,4.41,0.091,0.056,idle
180.234,4.45,0.093,0.050,idle
180.254,4.45,0.090,0.051,idle
180.274,4.44,0.092,0.052,idle
180.294,4.46,0.091,0.056,idle
180.314,4.44,0.090,0.047,idle
180.334,4.41,0.093,0.051,idle
180.354,4.39,0.091,0.051,idle
180.374,4.42,0.091,0.052,idle
180.394,4.36,0.092,0.050,idle
180.414,4.33,0.090,0.053,idle
180.434,4.34,0.093,0.048,idle
180.454,4.34,0.092,0.051,idle
180.474,4.34,0.090,0.048,idle
180.494,4.36,0.093,0.052,idle
180.514,4.34,0.090,0.054,idle
180.534,4.36,0.092,0.048,idle
180.554,4.37,0.092,0.050,idle
180.574,4.34,0.090,0.052,idle
180.594,4.37,0.092,0.053,idle
180.614,4.38,0.091,0.054,idle
180.634,4.36,0.089,0.053,idle
180.654,4.27,0.092,0.055,idle
180.674,4.19,0.090,0.052,idle
180.694,4.18,0.091,0.051,idle
180.714,4.22,0.092,0.052,idle
180.734,4.29,0.089,0.054,idle
180.754,4.32,0.093,0.052,idle
180.774,4.28,0.091,0.050,idle
180.794,4.28,0.090,0.057,idle
180.814,4.26,0.092,0.055,idle
180.834,4.21,0.089,0.059,idle
180.854,4.24,0.092,0.051,idle
180.874,4.31,0.091,0.062,idle
180.894,4.36,0.089,0.056,idle
180.914,4.30,0.092,0.054,idle
180.934,4.27,0.089,0.050,idle
180.954,4.26,0.091,0.061,idle
180.974,4.28,0.092,0.052,idle
180.994,4.30,0.091,0.052,idle
181.014,4.29,0.093,0.050,idle
181.034,4.30,0.092,0.055,idle
181.054,4.25,0.090,0.053,idle
181.074,4.28,0.093,0.051,idle
181.094,4.25,0.090,0.059,idle
181.114,4.22,0.091,0.052,idle
181.134,4.27,0.092,0.053,idle
181.154,4.21,0.091,0.053,idle
181.174,4.20,0.093,0.055,idle
181.194,4.21,0.091,0.054,idle
181.214,4.19,0.091,0.050,idle
181.234,4.16,0.093,0.052,idle
181.254,4.19,0.090,0.047,idle
181.274,4.19,0.093,0.053,idle
181.294,4.19,0.092,0.053,idle
181.314,4.17,0.091,0.048,idle
181.334,4.21,0.093,0.051,idle
181.354,4.23,0.091,0.052,idle
181.374,4.21,0.092,0.052,idle
181.394,4.20,0.093,0.051,idle
181.414,4.23,0.090,0.048,idle
181.434,4.22,0.092,0.054,idle
181.454,4.21,0.091,0.052,idle
181.474,4.19,0.092,0.050,idle
181.494,4.18,0.093,0.052,idle
181.514,4.20,0.091,0.054,idle
181.534,4.20,0.091,0.055,idle
181.554,4.21,0.093,0.050,idle
181.574,4.23,0.090,0.050,idle
181.594,4.24,0.092,0.048,idle
181.614,4.26,0.090,0.053,idle
181.634,4.28,0.091,0.049,idle
181.654,4.24,0.093,0.053,idle
181.674,4.20,0.089,0.054,idle
181.694,4.24,0.093,0.050,idle
181.714,4.23,0.093,0.053,idle
181.734,4.25,0.089,0.050,idle
181.754,4.24,0.093,0.049,idle
181.774,4.23,0.090,0.050,idle
181.794,4.21,0.092,0.056,idle
181.814,4.21,0.093,0.054,idle
181.834,4.25,0.089,0.053,idle
181.854,4.20,0.092,0.047,idle
181.874,4.14,0.092,0.053,idle
181.894,4.12,0.090,0.050,idle
181.914,4.09,0.094,0.052,idle
181.934,4.09,0.090,0.050,idle
181.954,4.07,0.091,0.051,idle
181.974,4.08,0.092,0.048,idle
181.994,4.06,0.089,0.050,idle
182.014,4.05,0.092,0.052,idle
182.034,4.06,0.092,0.050,idle
182.054,4.10,0.090,0.052,idle
182.074,4.02,0.093,0.052,idle
182.094,4.06,0.090,0.054,idle
182.114,4.07,0.093,0.052,idle
182.134,4.03,0.094,0.051,idle
182.154,4.05,0.089,0.048,idle
182.174,4.06,0.093,0.048,idle
182.194,4.06,0.092,0.051,idle
182.214,4.09,0.090,0.049,idle
182.234,4.13,0.094,0.052,idle
182.254,4.12,0.091,0.052,idle
182.274,4.11,0.092,0.054,idle
182.294,4.12,0.094,0.054,idle
182.314,4.14,0.089,0.047,idle
182.334,4.10,0.093,0.054,idle
182.354,4.11,0.093,0.054,idle
182.374,4.09,0.091,0.049,idle
182.394,4.12,0.094,0.049,idle
182.414,4.13,0.090,0.051,idle
182.434,4.13,0.093,0.050,idle
182.454,4.12,0.093,0.051,idle
182.474,4.17,0.089,0.049,idle
182.494,4.18,0.093,0.054,idle
182.514,4.16,0.092,0.049,idle
182.534,4.15,0.090,0.053,idle
182.554,4.16,0.095,0.052,idle
182.574,4.15,0.090,0.049,idle
182.594,4.17,0.092,0.055,idle
182.614,4.16,0.092,0.053,idle
182.634,4.16,0.089,0.050,idle
182.654,-3.13,0.092,0.066,idle
182.674,-4.97,0.091,0.062,idle
182.694,0.16,0.091,0.053,idle
182.714,2.49,0.094,0.060,idle
182.734,4.81,0.089,0.048,idle
182.754,5.79,0.092,0.055,idle
182.774,5.79,0.093,0.058,idle
182.794,10.88,0.089,0.055,idle
182.814,11.89,0.094,0.053,idle
182.834,11.83,0.091,0.053,idle
182.854,11.95,0.089,0.052,idle
182.874,8.52,0.093,0.052,idle
182.894,4.69,0.089,0.052,idle
182.914,8.13,0.091,0.052,idle
182.934,11.50,0.093,0.054,idle
182.954,11.84,0.089,0.053,idle
182.974,11.93,0.092,0.049,idle
182.994,12.23,0.091,0.054,idle
183.014,11.24,0.092,0.054,idle
183.034,16.72,0.094,0.049,idle
183.054,17.38,0.090,0.054,idle
183.074,17.46,0.092,0.051,idle
183.094,17.44,0.092,0.052,idle
183.114,17.43,0.089,0.050,idle
183.134,17.46,0.094,2.848,idle
183.154,17.46,0.091,2.248,idle
183.174,17.44,0.092,2.284,idle
183.194,17.48,0.093,2.102,idle
183.214,17.48,0.089,2.035,idle
183.234,17.60,0.094,0.924,idle
183.254,30.66,0.092,0.047,idle
183.274,40.65,0.090,1.759,idle
183.294,40.09,0.093,1.073,idle
183.314,40.12,0.091,0.066,idle
183.334,40.14,0.093,0.239,idle
183.354,40.22,0.094,2.242,idle
183.374,40.27,0.090,1.893,idle
183.394,40.26,0.094,1.992,idle
183.414,40.26,0.093,2.877,idle
183.434,40.25,0.090,0.261,idle
183.454,40.36,0.094,0.110,idle
183.474,40.33,0.090,0.402,idle
183.494,40.48,0.090,0.973,idle
183.514,40.50,0.093,1.393,idle
183.534,40.51,0.089,0.966,idle
183.554,42.27,0.092,0.045,idle
183.574,46.50,0.093,0.045,idle
183.594,51.40,0.090,0.051,idle
183.614,55.60,0.092,0.058,idle
183.634,55.61,0.091,0.051,idle
183.654,62.90,0.092,0.047,idle
183.674,64.75,0.092,0.100,idle
183.694,59.59,0.089,0.054,idle
183.714,57.28,0.092,0.607,idle
183.734,54.96,0.091,3.775,idle
183.754,53.95,0.090,3.834,idle
183.774,53.93,0.093,0.686,idle
183.794,48.84,0.089,0.057,idle
183.814,47.84,0.091,0.048,idle
183.834,47.89,0.092,0.134,idle
183.854,47.80,0.090,0.058,idle
183.874,51.24,0.093,0.077,idle
183.894,55.06,0.090,0.046,idle
183.914,51.64,0.090,0.048,idle
183.934,48.28,0.094,0.066,idle
183.954,47.91,0.091,0.056,idle
183.974,47.83,0.092,0.107,idle
183.994,47.51,0.094,0.048,idle
184.014,48.52,0.089,0.049,idle
184.034,43.03,0.092,0.676,idle
184.054,42.34,0.092,1.050,idle
184.074,42.32,0.090,1.155,idle
184.094,42.33,0.093,1.538,idle
184.114,42.35,0.090,0.046,idle
184.134,42.32,0.092,0.049,idle
184.154,42.35,0.093,0.046,idle
184.174,42.34,0.090,0.048,idle
184.194,42.28,0.093,0.047,idle
184.214,42.25,0.092,0.047,idle
184.234,42.09,0.089,0.046,idle
184.254,29.03,0.094,0.047,idle
184.274,19.05,0.090,0.046,idle
184.294,19.58,0.092,0.049,idle
184.314,19.53,0.094,0.048,idle
184.334,19.50,0.090,0.047,idle
184.354,19.33,0.093,0.046,idle
184.374,19.27,0.091,0.048,idle
184.394,19.30,0.090,0.047,idle
184.414,19.31,0.093,0.048,idle
184.434,19.37,0.090,0.047,idle
184.454,19.25,0.092,0.048,idle
184.474,19.17,0.093,0.048,idle
184.494,19.06,0.090,0.047,idle
184.514,19.07,0.092,0.046,idle
184.534,19.00,0.091,0.047,idle
184.554,17.25,0.091,0.045,idle
184.574,13.04,0.095,0.046,idle
184.594,8.09,0.090,0.046,idle
184.614,3.92,0.094,0.049,idle
184.634,3.91,0.094,0.047,idle
184.654,3.92,0.089,0.047,idle
184.674,3.94,0.093,0.048,idle
184.694,3.93,0.091,0.047,idle
184.714,3.93,0.091,0.049,idle
184.734,3.92,0.093,0.047,idle
184.754,3.92,0.090,0.049,idle
184.774,3.94,0.093,0.046,idle
184.794,3.93,0.092,0.047,idle
184.814,3.92,0.089,0.046,idle
184.834,3.92,0.091,0.052,idle
184.854,3.94,0.091,0.055,idle
184.874,3.92,0.091,0.050,idle
184.894,3.91,0.094,0.048,idle
184.914,3.89,0.090,0.046,idle
184.934,3.87,0.092,0.047,idle
184.954,3.87,0.091,0.054,idle
184.974,3.83,0.090,0.049,idle
184.994,3.87,0.093,0.045,idle
185.014,3.88,0.089,0.050,idle
185.034,3.88,0.090,0.048,idle
185.054,3.91,0.094,0.047,idle
185.074,3.87,0.090,0.047,idle
185.094,3.85,0.091,0.046,idle
185.114,3.84,0.093,0.047,idle
185.134,3.85,0.090,0.050,idle
185.154,3.86,0.092,0.046,idle
185.174,3.89,0.091,0.046,idle
185.194,3.87,0.093,0.047,idle
185.214,3.87,0.094,0.046,idle
185.234,3.88,0.090,0.049,idle
185.254,3.87,0.094,0.048,idle
185.274,3.87,0.091,0.045,idle
185.294,3.87,0.091,0.046,idle
185.314,3.87,0.092,0.047,idle
185.334,3.90,0.091,0.046,idle
185.354,3.96,0.092,0.045,idle
185.374,3.99,0.094,0.047,idle
185.394,3.95,0.090,0.048,idle
185.414,3.93,0.093,0.047,idle
185.434,3.87,0.090,0.046,idle
185.454,3.90,0.090,0.048,idle
185.474,3.95,0.093,0.046,idle
185.494,3.91,0.091,0.046,idle
185.514,3.89,0.092,0.048,idle
185.534,3.95,0.092,0.048,idle
185.554,3.92,0.090,0.049,idle
185.574,3.91,0.093,0.048,idle
185.594,3.94,0.092,0.046,idle
185.614,3.90,0.089,0.047,idle
185.634,3.90,0.092,0.048,idle
185.654,3.91,0.090,0.046,idle
185.674,3.89,0.091,0.049,idle
185.694,3.89,0.092,0.046,idle
185.714,3.89,0.089,0.047,idle
185.734,3.90,0.092,0.048,idle
185.754,3.92,0.091,0.047,idle
185.774,3.89,0.089,0.045,idle
185.794,3.90,0.094,0.047,idle
185.814,3.90,0.089,0.047,idle
185.834,3.88,0.091,0.046,idle
185.854,3.88,0.092,0.048,idle
185.874,3.90,0.089,0.046,idle
185.894,3.92,0.092,0.046,idle
185.914,3.92,0.091,0.047,idle
185.934,3.93,0.089,0.046,idle
185.954,3.95,0.094,0.046,idle
185.974,3.98,0.090,0.046,idle
185.994,3.95,0.093,0.046,idle
186.014,3.92,0.093,0.048,idle
186.034,3.89,0.089,0.046,idle
186.054,3.88,0.093,0.048,idle
186.074,3.94,0.092,0.046,idle
186.094,3.97,0.090,0.046,idle
186.114,3.97,0.093,0.047,idle
186.134,3.99,0.090,0.045,idle
186.154,3.96,0.093,0.046,idle
186.174,3.95,0.093,0.047,idle
186.194,3.97,0.091,0.045,idle
186.214,3.96,0.093,0.045,idle
186.234,3.97,0.092,0.047,idle
186.254,3.97,0.090,0.046,idle
186.274,3.97,0.093,0.046,idle
186.294,3.97,0.090,0.047,idle
186.314,3.97,0.093,0.047,idle
186.334,3.98,0.093,0.045,idle
186.354,3.98,0.089,0.044,idle
186.374,3.97,0.092,0.046,idle
186.394,3.97,0.091,0.044,idle
186.414,3.98,0.091,0.046,idle
186.434,4.00,0.093,0.047,idle
186.454,4.01,0.090,0.047,idle
186.474,4.01,0.092,0.046,idle
186.494,3.99,0.092,0.048,idle
186.514,3.99,0.090,0.046,idle
186.534,4.02,0.093,0.046,idle
186.554,4.03,0.092,0.046,idle
186.574,4.06,0.092,0.047,idle
186.594,4.06,0.093,0.044,idle
186.614,4.07,0.089,0.047,idle
186.634,4.07,0.092,0.047,idle
186.654,4.06,0.093,0.047,idle
186.674,4.08,0.089,0.046,idle
186.694,4.09,0.092,0.048,idle
186.714,4.09,0.090,0.047,idle
186.734,4.08,0.091,0.046,idle
186.754,4.08,0.092,0.046,idle
186.774,4.11,0.089,0.045,idle
186.794,4.10,0.092,0.046,idle
186.814,4.12,0.092,0.045,idle
186.834,4.12,0.089,0.046,idle
186.854,4.12,0.093,0.047,idle
186.874,4.10,0.090,0.047,idle
186.894,4.11,0.091,0.045,idle
186.914,4.13,0.093,0.048,idle
186.934,4.13,0.089,0.045,idle
186.954,4.15,0.093,0.047,idle
186.974,4.13,0.093,0.046,idle
186.994,4.12,0.089,0.047,idle
187.014,4.12,0.093,0.045,idle
187.034,4.15,0.090,0.047,idle
187.054,4.17,0.091,0.047,idle
187.074,4.16,0.093,0.047,idle
187.094,4.15,0.088,0.046,idle
187.114,4.13,0.092,0.047,idle
187.134,4.13,0.093,0.047,idle
187.154,4.12,0.090,0.047,idle
187.174,4.12,0.093,0.046,idle
187.194,4.13,0.090,0.047,idle
187.214,4.13,0.091,0.049,idle
187.234,4.13,0.094,0.047,idle
187.254,4.13,0.090,0.047,idle
187.274,4.12,0.093,0.046,idle
187.294,4.13,0.092,0.047,idle
187.314,4.13,0.089,0.044,idle
187.334,4.13,0.094,0.048,idle
187.354,4.15,0.090,0.045,idle
187.374,4.16,0.092,0.045,idle
187.394,4.17,0.094,0.047,idle
187.414,4.16,0.089,0.046,idle
187.434,4.13,0.094,0.048,idle
187.454,4.13,0.091,0.047,idle
187.474,4.13,0.090,0.048,idle
187.494,4.14,0.093,0.044,idle
187.514,4.14,0.091,0.047,idle
187.534,4.11,0.092,0.046,idle
187.554,4.12,0.093,0.044,idle
187.574,4.09,0.090,0.047,idle
187.594,4.11,0.092,0.046,idle
187.614,4.11,0.091,0.046,idle
187.634,4.12,0.090,0.048,idle
187.654,4.12,0.094,0.046,idle
187.674,4.12,0.091,0.045,idle
187.694,4.13,0.092,0.047,idle
187.714,4.14,0.093,0.047,idle
187.734,4.14,0.089,0.046,idle
187.754,4.13,0.093,0.047,idle
187.774,4.12,0.092,0.048,idle
187.794,4.12,0.091,0.046,idle
187.814,4.13,0.093,0.047,idle
187.834,4.11,0.089,0.045,idle
187.854,4.10,0.092,0.047,idle
187.874,4.10,0.092,0.046,idle
187.894,4.08,0.089,0.046,idle
187.914,4.06,0.092,0.047,idle
187.934,4.07,0.091,0.045,idle
187.954,4.07,0.090,0.046,idle
187.974,4.10,0.094,0.046,idle
187.994,4.10,0.090,0.046,idle
188.014,4.09,0.093,0.047,idle
188.034,4.09,0.093,0.046,idle
188.054,4.08,0.089,0.047,idle
188.074,4.08,0.093,0.047,idle
188.094,4.08,0.091,0.047,idle
188.114,4.08,0.092,0.046,idle
188.134,4.08,0.094,0.047,idle
188.154,4.08,0.091,0.047,idle
188.174,4.08,0.093,0.046,idle
188.194,4.08,0.092,0.045,idle
188.214,4.08,0.089,0.049,idle
188.234,4.07,0.092,0.046,idle
188.254,4.07,0.091,0.046,idle
188.274,4.06,0.091,0.046,idle
188.294,4.05,0.094,0.047,idle
188.314,4.04,0.089,0.046,idle
188.334,4.03,0.093,0.046,idle
188.354,4.02,0.093,0.047,idle
188.374,4.01,0.090,0.048,idle
188.394,4.01,0.094,0.046,idle
188.414,4.01,0.092,0.046,idle
188.434,4.02,0.091,0.045,idle
188.454,4.03,0.094,0.047,idle
188.474,4.03,0.090,0.046,idle
188.494,4.02,0.092,0.047,idle
188.514,4.03,0.093,0.046,idle
188.534,4.02,0.089,0.047,idle
188.554,4.00,0.094,0.047,idle
188.574,3.99,0.091,0.048,idle
188.594,3.99,0.091,0.046,idle
188.614,3.99,0.093,0.048,idle
188.634,3.95,0.090,0.046,idle
188.654,3.95,0.092,0.046,idle
188.674,3.95,0.092,0.046,idle
188.694,3.94,0.088,0.046,idle
188.714,3.93,0.092,0.050,idle
188.734,3.94,0.091,0.047,idle
188.754,3.94,0.091,0.047,idle
188.774,3.96,0.094,0.047,idle
188.794,3.93,0.090,0.046,idle
188.814,3.92,0.092,0.049,idle
188.834,3.93,0.092,0.047,idle
188.854,3.93,0.089,0.045,idle
188.874,3.95,0.093,0.047,idle
188.894,3.97,0.090,0.046,idle
188.914,3.98,0.092,0.047,idle
188.934,3.99,0.093,0.046,idle
188.954,3.94,0.090,0.047,idle
188.974,3.95,0.092,0.048,idle
188.994,3.95,0.091,0.046,idle
189.014,3.96,0.089,0.047,idle
189.034,3.97,0.093,0.047,idle
189.054,3.97,0.090,0.047,idle
189.074,3.97,0.091,0.046,idle
189.094,3.96,0.093,0.048,idle
189.114,3.95,0.089,0.048,idle
189.134,3.97,0.092,0.047,idle
189.154,3.96,0.092,0.047,idle
189.174,3.97,0.090,0.046,idle
189.194,3.98,0.093,0.048,idle
189.214,3.99,0.091,0.048,idle
189.234,3.98,0.091,0.047,idle
189.254,3.99,0.093,0.048,idle
189.274,4.02,0.090,0.048,idle
189.294,4.04,0.093,0.048,idle
189.314,4.04,0.092,0.047,idle
189.334,4.04,0.090,0.048,idle
189.354,4.04,0.092,0.046,idle
189.374,4.06,0.090,0.048,idle
189.394,4.06,0.092,0.048,idle
189.414,4.07,0.094,0.047,idle
189.434,4.06,0.089,0.050,idle
189.454,4.04,0.094,0.047,idle
189.474,4.05,0.092,0.047,idle
189.494,4.04,0.090,0.048,idle
189.514,4.05,0.093,0.048,idle
189.534,4.05,0.090,0.046,idle
189.554,4.05,0.092,0.047,idle
189.574,4.08,0.094,0.047,idle
189.594,4.07,0.090,0.047,idle
189.614,4.05,0.093,0.047,idle
189.634,4.07,0.091,0.048,idle
189.654,4.06,0.089,0.046,idle
189.674,4.04,0.093,0.046,idle
189.694,4.04,0.090,0.047,idle
189.714,4.05,0.092,0.046,idle
189.734,4.06,0.093,0.047,idle
189.754,4.06,0.090,0.047,idle
189.774,4.06,0.093,0.047,idle
189.794,4.07,0.091,0.046,idle
189.814,4.07,0.089,0.047,idle
189.834,4.06,0.094,0.048,idle
189.854,4.06,0.090,0.047,idle
189.874,4.05,0.093,0.049,idle
189.894,3.99,0.092,0.046,idle
189.914,3.93,0.089,0.047,idle
189.934,3.96,0.092,0.046,idle
189.954,4.05,0.091,0.046,idle
189.974,4.03,0.091,0.048,idle
189.994,4.05,0.093,0.046,idle
190.014,4.00,0.090,0.048,idle
190.034,4.00,0.094,0.048,idle
190.054,4.06,0.093,0.047,idle
190.074,3.99,0.089,0.048,idle
190.094,3.97,0.092,0.047,idle
190.114,3.99,0.090,0.047,idle
190.134,3.96,0.092,0.048,idle
190.154,3.99,0.094,0.047,idle
190.174,3.95,0.091,0.046,idle
190.194,3.89,0.093,0.048,idle
190.214,3.92,0.092,0.048,idle
190.234,3.90,0.089,0.047,idle
190.254,3.85,0.093,0.047,idle
190.274,3.83,0.092,0.048,idle
190.294,3.77,0.092,0.047,idle
190.314,3.75,0.094,0.048,idle
190.334,3.80,0.090,0.048,idle
190.354,3.79,0.093,0.046,idle
190.374,3.77,0.092,0.051,idle
190.394,3.76,0.090,0.051,idle
190.414,3.75,0.094,0.054,idle
190.434,3.76,0.093,0.047,idle
190.454,3.75,0.092,0.047,idle
190.474,3.72,0.093,0.046,idle
190.494,3.76,0.089,0.050,idle
190.514,3.77,0.092,0.052,idle
190.534,3.77,0.093,0.049,idle
190.554,3.78,0.089,0.049,idle
190.574,3.79,0.093,0.049,idle
190.594,3.79,0.092,0.047,idle
190.614,3.79,0.092,0.049,idle
190.634,3.78,0.093,0.047,idle
190.654,3.79,0.089,0.047,idle
190.674,3.81,0.091,0.050,idle
190.694,3.80,0.092,0.048,idle
190.714,3.78,0.090,0.044,idle
190.734,3.77,0.092,0.048,idle
190.754,3.76,0.091,0.050,idle
190.774,3.76,0.092,0.048,idle
190.794,3.77,0.092,0.051,idle
190.814,3.77,0.090,0.044,idle
190.834,3.79,0.092,0.044,idle
190.854,3.79,0.091,0.046,idle
190.874,3.80,0.089,0.047,idle
190.894,3.85,0.093,0.050,idle
190.914,3.91,0.091,0.047,idle
190.934,3.86,0.091,0.046,idle
190.954,3.79,0.093,0.047,idle
190.974,3.79,0.090,0.046,idle
190.994,3.79,0.093,0.046,idle
191.014,3.81,0.092,0.047,idle
191.034,3.80,0.091,0.048,idle
191.054,3.75,0.092,0.047,idle
191.074,3.82,0.091,0.048,idle
191.094,3.84,0.092,0.047,idle
191.114,3.83,0.092,0.047,idle
191.134,3.83,0.089,0.048,idle
191.154,3.81,0.093,0.047,idle
191.174,3.83,0.091,0.048,idle
191.194,3.88,0.091,0.047,idle
191.214,3.84,0.094,0.047,idle
191.234,3.87,0.090,0.047,idle
191.254,3.92,0.093,0.047,idle
191.274,3.92,0.095,0.046,idle
191.294,3.95,0.089,0.047,idle
191.314,3.97,0.094,0.047,idle
191.334,3.92,0.092,0.046,idle
191.354,3.93,0.091,0.047,idle
191.374,3.94,0.094,0.048,idle
191.394,3.95,0.091,0.047,idle
191.414,3.94,0.092,0.048,idle
191.434,3.93,0.094,0.045,idle
191.454,3.94,0.090,0.049,idle
191.474,3.95,0.094,0.048,idle
191.494,3.92,0.091,0.050,idle
191.514,3.91,0.090,0.047,idle
191.534,3.92,0.094,0.044,idle
191.554,3.90,0.091,0.047,idle
191.574,3.87,0.093,0.047,idle
191.594,3.87,0.094,0.048,idle
191.614,3.87,0.089,0.047,idle
191.634,3.89,0.093,0.047,idle
191.654,3.92,0.091,0.047,idle
191.674,3.90,0.091,0.047,idle
191.694,3.91,0.093,0.047,idle
191.714,3.93,0.090,0.045,idle
191.734,3.91,0.092,0.045,idle
191.754,3.91,0.092,0.048,idle
191.774,3.90,0.089,0.048,idle
191.794,3.91,0.094,0.047,idle
191.814,3.91,0.091,0.048,idle
191.834,3.88,0.091,0.046,idle
191.854,3.87,0.093,0.049,idle
191.874,3.87,0.090,0.049,idle
191.894,3.88,0.092,0.049,idle
191.914,3.86,0.092,0.047,idle
191.934,3.85,0.089,0.047,idle
191.954,3.85,0.093,0.047,idle
191.974,3.86,0.091,0.048,idle
191.994,3.86,0.090,0.046,idle
192.014,3.88,0.093,0.046,idle
192.034,3.88,0.090,0.047,idle
192.054,3.86,0.093,0.046,idle
192.074,3.84,0.092,0.045,idle
192.094,3.84,0.089,0.047,idle
192.114,3.84,0.092,0.047,idle
192.134,3.86,0.091,0.046,idle
192.154,3.87,0.091,0.047,idle
192.174,3.88,0.094,0.048,idle
192.194,3.87,0.089,0.046,idle
192.214,3.86,0.093,0.048,idle
192.234,3.85,0.092,0.045,idle
192.254,3.83,0.090,0.048,idle
192.274,3.85,0.092,0.047,idle
192.294,3.99,0.090,0.046,idle
192.314,4.01,0.091,0.046,idle
192.334,4.02,0.094,0.045,idle
192.354,12.92,0.089,0.045,idle
192.374,13.73,0.092,0.046,idle
192.394,15.20,0.092,0.046,idle
192.414,15.47,0.089,0.046,idle
192.434,15.46,0.092,0.047,idle
192.454,15.57,0.091,0.047,idle
192.474,15.58,0.091,0.047,idle
192.494,15.58,0.093,0.047,idle
192.514,23.56,0.090,0.047,idle
192.534,29.39,0.093,0.046,idle
192.554,30.07,0.092,0.046,idle
192.574,29.26,0.090,0.046,idle
192.594,36.63,0.093,0.048,idle
192.614,40.78,0.091,0.047,idle
192.634,45.97,0.091,0.047,idle
192.654,46.19,0.093,0.048,idle
192.674,46.80,0.089,0.047,idle
192.694,44.17,0.092,0.048,idle
192.714,44.15,0.091,0.047,idle
192.734,44.16,0.089,0.045,idle
192.754,44.18,0.092,0.046,idle
192.774,45.68,0.089,0.100,idle
192.794,47.23,0.091,0.046,idle
192.814,49.76,0.092,0.049,idle
192.834,49.78,0.089,3.354,idle
192.854,49.80,0.092,1.397,idle
192.874,49.80,0.091,0.465,idle
192.894,49.83,0.090,0.166,idle
192.914,49.87,0.092,0.047,idle
192.934,49.88,0.090,0.068,idle
192.954,49.88,0.092,0.066,idle
192.974,49.89,0.093,0.054,idle
192.994,49.89,0.089,2.759,idle
193.014,49.89,0.093,2.694,idle
193.034,49.88,0.091,0.327,idle
193.054,49.90,0.090,2.913,idle
193.074,49.86,0.093,1.838,idle
193.094,49.84,0.089,1.191,idle
193.114,49.84,0.092,1.450,idle
193.134,49.81,0.093,0.146,idle
193.154,49.81,0.090,0.271,idle
193.174,49.81,0.092,4.323,idle
193.194,49.81,0.091,0.050,idle
193.214,49.83,0.090,0.076,idle
193.234,49.87,0.094,0.050,idle
193.254,49.85,0.090,0.646,idle
193.274,49.84,0.093,1.392,idle
193.294,49.70,0.092,0.792,idle
193.314,49.71,0.090,0.046,idle
193.334,49.67,0.094,0.047,idle
193.354,40.76,0.092,0.054,idle
193.374,39.97,0.092,0.055,idle
193.394,38.50,0.094,0.053,idle
193.414,38.23,0.091,0.049,idle
193.434,38.27,0.092,0.049,idle
193.454,38.19,0.093,0.052,idle
193.474,38.17,0.090,0.049,idle
193.494,38.19,0.093,0.049,idle
193.514,30.18,0.092,0.049,idle
193.534,24.35,0.090,0.049,idle
193.554,23.69,0.094,0.051,idle
193.574,24.49,0.091,0.052,idle
193.594,17.14,0.093,0.049,idle
193.614,13.01,0.093,0.049,idle
193.634,7.82,0.090,0.052,idle
193.654,7.58,0.092,0.048,idle
193.674,6.97,0.092,0.050,idle
193.694,9.56,0.091,0.046,idle
193.714,9.58,0.094,0.047,idle
193.734,9.60,0.090,0.049,idle
193.754,9.57,0.093,0.049,idle
193.774,8.09,0.093,0.049,idle
193.794,6.56,0.088,0.048,idle
193.814,3.99,0.094,0.048,idle
193.834,3.97,0.091,0.049,idle
193.854,3.95,0.092,0.050,idle
193.874,3.95,0.093,0.048,idle
193.894,3.92,0.090,0.049,idle
193.914,3.88,0.093,0.047,idle
193.934,3.87,0.093,0.050,idle
193.954,3.89,0.089,0.047,idle
193.974,3.90,0.094,0.050,idle
193.994,3.90,0.091,0.048,idle
194.014,3.89,0.092,0.051,idle
194.034,3.91,0.094,0.050,idle
194.054,3.91,0.089,0.048,idle
194.074,3.99,0.093,0.047,idle
194.094,4.01,0.093,0.048,idle
194.114,4.01,0.090,0.051,idle
194.134,4.02,0.093,0.052,idle
194.154,3.98,0.091,0.048,idle
194.174,3.99,0.093,0.048,idle
194.194,4.01,0.094,0.049,idle
194.214,3.98,0.091,0.049,idle
194.234,3.96,0.093,0.052,idle
194.254,3.98,0.093,0.047,idle
194.274,4.00,0.089,0.050,idle
194.294,4.02,0.094,0.052,idle
194.314,4.02,0.091,0.051,idle
194.334,4.05,0.093,0.048,idle
194.354,4.05,0.095,0.049,idle
194.374,4.03,0.091,0.051,idle
194.394,4.02,0.092,0.046,idle
194.414,4.05,0.092,0.049,idle
194.434,4.03,0.090,0.052,idle
194.454,3.99,0.093,0.049,idle
194.474,4.01,0.092,0.048,idle
194.494,4.00,0.092,0.049,idle
194.514,4.04,0.094,0.050,idle
194.534,4.06,0.091,0.049,idle
194.554,4.06,0.092,0.049,idle
194.574,4.05,0.093,0.048,idle
194.594,4.01,0.091,0.051,idle
194.614,3.99,0.094,0.050,idle
194.634,3.98,0.092,0.051,idle
194.654,3.98,0.092,0.048,idle
194.674,4.01,0.093,0.051,idle
194.694,4.04,0.090,0.049,idle
194.714,4.06,0.094,0.050,idle
194.734,4.05,0.092,0.050,idle
194.754,4.04,0.090,0.050,idle
194.774,4.03,0.093,0.052,idle
194.794,4.00,0.091,0.047,idle
194.814,4.01,0.092,0.048,idle
194.834,4.03,0.092,0.051,idle
194.854,4.04,0.090,0.052,idle
194.874,4.05,0.093,0.047,idle
194.894,4.07,0.091,0.048,idle
194.914,4.08,0.090,0.046,idle
194.934,4.08,0.094,0.051,idle
194.954,4.07,0.090,0.050,idle
194.974,4.03,0.094,0.049,idle
194.994,4.04,0.094,0.049,idle
195.013,4.04,0.090,0.048,idle
195.033,4.07,0.093,0.049,idle
195.053,4.06,0.092,0.051,idle
195.073,3.99,0.089,0.047,idle
195.093,3.99,0.094,0.050,idle
195.113,3.98,0.090,0.051,idle
195.133,3.98,0.092,0.047,idle
195.153,4.02,0.095,0.046,idle
195.173,4.02,0.089,0.050,idle
195.193,4.01,0.093,0.047,idle
195.213,4.02,0.092,0.051,idle
195.233,4.01,0.091,0.050,idle
195.253,4.01,0.094,0.048,idle
195.273,4.01,0.091,0.046,idle
195.293,4.02,0.093,0.049,idle
195.313,3.98,0.095,0.052,idle
195.333,3.96,0.089,0.050,idle
195.353,3.98,0.094,0.047,idle
195.373,3.99,0.092,0.046,idle
195.393,4.02,0.092,0.049,idle
195.413,3.99,0.094,0.049,idle
195.433,4.01,0.090,0.051,idle
195.453,4.05,0.093,0.049,idle
195.473,4.11,0.093,0.049,idle
195.493,4.22,0.090,0.049,idle
195.513,4.18,0.094,0.050,idle
195.533,4.08,0.091,0.046,idle
195.553,4.04,0.092,0.047,idle
195.573,4.03,0.094,0.049,idle
195.593,4.18,0.091,0.046,idle
195.613,4.21,0.093,0.048,idle
195.633,4.09,0.094,0.046,idle
195.653,4.10,0.090,0.050,idle
195.673,4.07,0.093,0.049,idle
195.693,3.97,0.091,0.047,idle
195.713,3.95,0.092,0.047,idle
195.733,3.98,0.094,0.050,idle
195.753,4.02,0.091,0.051,idle
195.773,4.06,0.093,0.053,idle
195.793,4.00,0.093,0.049,idle
195.813,3.95,0.088,0.050,idle
195.833,3.97,0.093,0.048,idle
195.853,3.99,0.091,0.049,idle
195.873,4.01,0.092,0.050,idle
195.893,3.94,0.093,0.050,idle
195.913,3.95,0.090,0.048,idle
195.933,4.00,0.093,0.052,idle
195.953,4.01,0.094,0.065,idle
195.973,4.02,0.090,0.055,idle
195.993,3.98,0.092,0.059,idle
196.013,4.00,0.090,0.056,idle
196.033,3.96,0.092,0.049,idle
196.053,3.96,0.092,0.057,idle
196.073,4.04,0.090,0.062,idle
196.093,4.03,0.093,0.055,idle
196.113,4.02,0.091,0.062,idle
196.133,4.05,0.089,0.068,idle
196.153,4.07,0.094,0.053,idle
196.173,4.08,0.091,0.059,idle
196.193,4.09,0.091,0.051,idle
196.213,4.09,0.094,0.050,idle
196.233,4.11,0.090,0.058,idle
196.253,4.10,0.093,0.052,idle
196.273,4.10,0.093,0.049,idle
196.293,4.08,0.089,0.053,idle
196.313,4.13,0.093,0.052,idle
196.333,4.13,0.091,0.058,idle
196.353,4.12,0.091,0.047,idle
196.373,4.12,0.092,0.056,idle
196.393,4.13,0.090,0.060,idle
196.413,4.16,0.094,0.053,idle
196.433,4.13,0.093,0.048,idle
196.453,4.10,0.090,0.046,idle
196.473,4.04,0.093,0.052,idle
196.493,3.94,0.092,0.051,idle
196.513,3.99,0.092,0.052,idle
196.533,4.09,0.094,0.051,idle
196.553,4.12,0.090,0.049,idle
196.573,4.13,0.092,0.049,idle
196.593,4.03,0.092,0.049,idle
196.613,4.02,0.090,0.049,idle
196.633,4.13,0.093,0.049,idle
196.653,4.11,0.091,0.047,idle
196.673,4.13,0.094,0.050,idle
196.693,4.25,0.093,0.050,idle
196.713,4.24,0.091,0.053,idle
196.733,4.22,0.093,0.053,idle
196.753,4.20,0.092,0.049,idle
196.773,4.13,0.089,0.049,idle
196.793,4.19,0.094,0.051,idle
196.813,4.27,0.090,0.049,idle
196.833,4.25,0.092,0.048,idle
196.853,4.23,0.093,0.049,idle
196.873,4.21,0.090,0.050,idle
196.893,4.24,0.093,0.049,idle
196.913,4.24,0.092,0.048,idle
196.933,4.20,0.090,0.047,idle
196.953,4.21,0.095,0.046,idle
196.973,4.21,0.091,0.052,idle
196.993,4.27,0.092,0.047,idle
197.013,4.25,0.093,0.047,idle
197.033,4.25,0.089,0.049,idle
197.053,4.26,0.094,0.048,idle
197.073,4.22,0.092,0.048,idle
197.093,4.23,0.090,0.046,idle
197.113,4.24,0.093,0.050,idle
197.133,4.22,0.091,0.049,idle
197.153,4.18,0.092,0.050,idle
197.173,4.15,0.095,0.049,idle
197.193,4.15,0.091,0.048,idle
197.213,4.15,0.093,0.048,idle
197.233,4.13,0.091,0.046,idle
197.253,4.13,0.091,0.051,idle
197.273,4.10,0.095,0.051,idle
197.293,4.11,0.092,0.048,idle
197.313,4.11,0.093,0.052,idle
197.333,4.13,0.094,0.048,idle
197.353,4.12,0.090,0.047,idle
197.373,4.10,0.093,0.048,idle
197.393,4.09,0.092,0.049,idle
197.413,4.08,0.091,0.046,idle
197.433,4.08,0.094,0.047,idle
197.453,4.08,0.090,0.050,idle
197.473,4.05,0.094,0.047,idle
197.493,4.01,0.094,0.047,idle
197.513,3.97,0.090,0.048,idle
197.533,3.96,0.094,0.049,idle
197.553,3.97,0.092,0.048,idle
197.573,3.99,0.091,0.049,idle
197.593,3.98,0.094,0.045,idle
197.613,3.97,0.090,0.049,idle
197.633,3.98,0.093,0.049,idle
197.653,3.99,0.093,0.047,idle
197.673,3.97,0.089,0.048,idle
197.693,3.96,0.092,0.047,idle
197.713,3.95,0.091,0.048,idle
197.733,3.93,0.091,0.049,idle
197.753,3.92,0.093,0.048,idle
197.773,3.92,0.090,0.044,idle
197.793,3.92,0.093,0.047,idle
197.813,3.91,0.093,0.047,idle
197.833,3.93,0.089,0.046,idle
197.853,3.91,0.092,0.050,idle
197.873,3.92,0.091,0.047,idle
197.893,3.94,0.090,0.048,idle
197.913,3.93,0.093,0.048,idle
197.933,3.90,0.090,0.048,idle
197.953,3.88,0.092,0.046,idle
197.973,3.88,0.093,0.050,idle
197.993,3.86,0.089,0.049,idle
198.013,3.84,0.094,0.049,idle
198.033,3.84,0.090,0.045,idle
198.053,3.83,0.090,0.049,idle
198.073,3.83,0.093,0.049,idle
198.093,3.84,0.090,0.049,idle
198.113,3.84,0.093,0.049,idle
198.133,3.84,0.093,0.048,idle
198.153,3.86,0.089,0.049,idle
198.173,3.88,0.093,0.046,idle
198.193,3.88,0.091,0.047,idle
198.213,3.88,0.092,0.047,idle
198.233,3.89,0.094,0.045,idle
198.253,3.89,0.090,0.046,idle
198.273,3.92,0.093,0.050,idle
198.293,3.91,0.094,0.048,idle
198.313,3.87,0.091,0.050,idle
198.333,3.85,0.094,0.047,idle
198.353,3.86,0.092,0.048,idle
198.373,3.85,0.093,0.050,idle
198.393,3.85,0.094,0.048,idle
198.413,3.82,0.091,0.051,idle
198.433,3.81,0.092,0.048,idle
198.453,3.81,0.092,0.045,idle
198.473,3.80,0.088,0.047,idle
198.493,3.82,0.093,0.046,idle
198.513,3.82,0.090,0.046,idle
198.533,3.84,0.092,0.047,idle
198.553,3.84,0.095,0.049,idle
198.573,3.83,0.089,0.046,idle
198.593,3.81,0.093,0.048,idle
198.613,3.80,0.092,0.047,idle
198.633,3.82,0.090,0.050,idle
198.653,3.80,0.094,0.049,idle
198.673,3.78,0.091,0.047,idle
198.693,3.79,0.092,0.049,idle
198.713,3.80,0.094,0.048,idle
198.733,3.81,0.090,0.050,idle
198.753,3.81,0.094,0.048,idle
198.773,3.81,0.093,0.047,idle
198.793,3.80,0.089,0.049,idle
198.813,3.79,0.093,0.049,idle
198.833,3.77,0.091,0.047,idle
198.853,3.77,0.092,0.051,idle
198.873,3.78,0.094,0.046,idle
198.893,3.75,0.090,0.050,idle
198.913,3.77,0.092,0.049,idle
198.933,3.79,0.092,0.046,idle
198.953,3.80,0.090,0.048,idle
198.973,3.81,0.093,0.048,idle
198.993,3.82,0.092,0.048,idle
199.013,3.82,0.092,0.049,idle
199.033,3.85,0.095,0.049,idle
199.053,3.85,0.090,0.049,idle
199.073,3.85,0.093,0.053,idle
199.093,3.82,0.092,0.049,idle
199.113,3.83,0.089,0.050,idle
199.133,3.85,0.093,0.053,idle
199.153,3.87,0.090,0.052,idle
199.173,3.87,0.092,0.047,idle
199.193,3.85,0.095,0.051,idle
199.213,3.84,0.089,0.052,idle
199.233,3.84,0.093,0.051,idle
199.253,3.87,0.092,0.049,idle
199.273,3.87,0.090,0.050,idle
199.293,3.90,0.093,0.052,idle
199.313,3.92,0.090,0.047,idle
199.333,3.93,0.091,0.048,idle
199.353,3.93,0.092,0.049,idle
199.373,3.96,0.090,0.051,idle
199.393,3.96,0.093,0.047,idle
199.413,3.95,0.091,0.047,idle
199.433,3.95,0.091,0.050,idle
199.453,3.98,0.092,0.049,idle
199.473,3.99,0.091,0.049,idle
199.493,3.98,0.092,0.048,idle
199.513,4.00,0.094,0.049,idle
199.533,3.98,0.090,0.047,idle
199.553,3.99,0.093,0.051,idle
199.573,3.98,0.092,0.048,idle
199.593,4.00,0.090,0.047,idle
199.613,4.01,0.094,0.049,idle
199.633,3.99,0.090,0.048,idle
199.653,4.01,0.092,0.048,idle
199.673,4.02,0.092,0.048,idle
199.693,4.00,0.090,0.050,idle
199.713,3.99,0.093,0.048,idle
199.733,3.98,0.091,0.050,idle
199.753,3.96,0.090,0.050,idle
199.773,3.97,0.093,0.047,idle
199.793,4.02,0.091,0.049,idle
199.813,4.02,0.093,0.047,idle
199.833,4.03,0.093,0.047,idle
199.853,4.04,0.089,0.049,idle
199.873,4.01,0.093,0.051,idle
199.893,4.04,0.091,0.047,idle
199.913,4.04,0.092,0.047,idle
199.933,4.04,0.093,0.047,idle
199.953,4.06,0.091,0.049,idle
199.973,4.05,0.093,0.050,idle
199.993,4.05,0.093,0.048,idle
200.013,4.06,0.089,0.046,idle
200.033,4.05,0.094,0.049,idle
200.053,4.06,0.090,0.048,idle
200.073,4.04,0.090,0.047,idle
200.093,4.07,0.094,0.049,idle
200.113,4.07,0.090,0.049,idle
200.133,4.08,0.093,0.050,idle
200.153,4.06,0.094,0.049,idle
200.173,4.04,0.089,0.047,idle
200.193,4.04,0.091,0.049,idle
200.213,4.07,0.092,0.049,idle
200.233,4.07,0.091,0.048,idle
200.253,4.07,0.095,0.048,idle
200.273,4.07,0.091,0.050,idle
200.293,4.07,0.093,0.049,idle
200.313,4.05,0.093,0.047,idle
200.333,4.02,0.090,0.049,idle
200.353,4.02,0.093,0.047,idle
200.373,4.02,0.091,0.048,idle
200.393,4.03,0.091,0.049,idle
200.413,4.05,0.092,0.049,idle
200.433,4.07,0.089,0.045,idle
200.453,4.07,0.091,0.048,idle
200.473,4.09,0.092,0.047,idle
200.493,4.11,0.090,0.048,idle
200.513,4.07,0.092,0.051,idle
200.533,4.08,0.090,0.047,idle
200.553,4.06,0.091,0.047,idle
200.573,4.07,0.093,0.047,idle
200.593,4.06,0.089,0.046,idle
200.613,4.05,0.094,0.047,idle
200.633,4.04,0.092,0.048,idle
200.653,4.00,0.090,0.048,idle
200.673,4.02,0.094,0.048,idle
200.693,4.04,0.091,0.048,idle
200.713,4.05,0.091,0.049,idle
200.733,4.07,0.093,0.046,idle
200.753,4.06,0.090,0.047,idle
200.773,4.05,0.094,0.045,idle
200.793,4.03,0.092,0.049,idle
200.813,4.03,0.089,0.049,idle
200.833,4.03,0.092,0.050,idle
200.853,4.01,0.090,0.045,idle
200.873,3.99,0.090,0.047,idle
200.893,4.02,0.093,0.048,idle
200.913,4.01,0.090,0.048,idle
200.933,4.00,0.094,0.047,idle
200.953,3.95,0.093,0.049,idle
200.973,3.93,0.089,0.047,idle
200.993,3.92,0.092,0.050,idle
201.013,3.95,0.090,0.047,idle
201.033,3.93,0.092,0.049,idle
201.053,3.90,0.093,0.047,idle
201.073,3.83,0.090,0.050,idle
201.093,3.79,0.093,0.047,idle
201.113,3.81,0.092,0.048,idle
201.133,3.80,0.090,0.052,idle
201.153,3.85,0.093,0.050,idle
201.173,3.81,0.090,0.046,idle
201.193,3.74,0.092,0.049,idle
201.213,3.78,0.093,0.049,idle
201.233,3.79,0.089,0.051,idle
201.253,3.79,0.094,0.048,idle
201.273,3.81,0.092,0.048,idle
201.293,3.76,0.089,0.050,idle
201.313,3.78,0.093,0.047,idle
201.333,3.81,0.090,0.047,idle
201.353,3.81,0.092,0.052,idle
201.373,3.81,0.094,0.047,idle
201.393,3.78,0.089,0.050,idle
201.413,3.76,0.092,0.049,idle
201.433,3.77,0.092,0.049,idle
201.453,3.74,0.090,0.052,idle
201.473,3.74,0.094,0.055,idle
201.493,3.77,0.092,0.050,idle
201.513,3.81,0.092,0.052,idle
201.533,3.84,0.092,0.051,idle
201.553,3.81,0.089,0.052,idle
201.573,3.82,0.092,0.058,idle
201.593,3.89,0.092,0.053,idle
201.613,3.90,0.091,0.054,idle
201.633,3.91,0.092,0.050,idle
201.653,3.96,0.090,0.052,idle
201.673,3.95,0.091,0.059,idle
201.693,3.94,0.092,0.052,idle
201.713,3.94,0.090,0.048,idle
201.733,3.94,0.093,0.047,idle
201.753,3.96,0.091,0.049,idle
201.773,3.95,0.091,0.050,idle
201.793,3.96,0.091,0.047,idle
201.813,3.97,0.090,0.046,idle
201.833,3.97,0.093,0.050,idle
201.853,3.97,0.093,0.046,idle
201.873,4.01,0.090,0.049,idle
201.893,3.97,0.093,0.049,idle
201.913,3.96,0.091,0.048,idle
201.933,3.96,0.091,0.048,idle
201.953,3.97,0.094,0.051,idle
201.973,4.01,0.091,0.049,idle
201.993,4.01,0.093,0.048,idle
202.013,3.99,0.093,0.046,idle
202.033,4.00,0.090,0.050,idle
202.053,4.01,0.093,0.054,idle
202.073,4.10,0.091,0.046,idle
202.093,4.10,0.091,0.049,idle
202.113,4.08,0.091,0.049,idle
202.133,4.07,0.090,0.049,idle
202.153,4.02,0.092,0.052,idle
202.173,4.08,0.091,0.048,idle
202.193,4.17,0.091,0.048,idle
202.213,4.13,0.093,0.045,idle
202.233,4.12,0.091,0.046,idle
202.253,4.10,0.091,0.050,idle
202.273,4.09,0.092,0.045,idle
202.293,4.12,0.091,0.047,idle
202.313,4.12,0.093,0.048,idle
202.333,4.13,0.092,0.049,idle
202.353,4.14,0.093,0.048,idle
202.373,4.13,0.093,0.049,idle
202.393,4.15,0.089,0.048,idle
202.413,4.15,0.092,0.048,idle
202.433,4.15,0.091,0.047,idle
202.453,4.15,0.091,0.050,idle
202.473,4.14,0.093,0.049,idle
202.493,4.09,0.090,0.048,idle
202.513,4.09,0.094,0.050,idle
202.533,4.05,0.093,0.044,idle
202.553,4.09,0.090,0.048,idle
202.573,4.10,0.093,0.048,idle
202.593,4.03,0.092,0.047,idle
202.613,4.03,0.091,0.047,idle
202.633,4.05,0.095,0.048,idle
202.653,4.05,0.090,0.047,idle
202.673,4.05,0.092,0.048,idle
202.693,4.05,0.093,0.050,idle
202.713,4.03,0.090,0.047,idle
202.733,4.01,0.093,0.047,idle
202.753,4.01,0.091,0.050,idle
202.773,4.04,0.091,0.049,idle
202.793,4.03,0.093,0.049,idle
202.813,4.04,0.089,0.049,idle
202.833,4.04,0.092,0.048,idle
202.853,4.05,0.091,0.048,idle
202.873,4.04,0.089,0.047,idle
202.893,4.05,0.093,0.047,idle
202.913,4.07,0.090,0.048,idle
202.933,4.06,0.092,0.049,idle
202.953,4.07,0.093,0.050,idle
202.973,4.05,0.089,0.048,idle
202.993,4.04,0.093,0.052,idle
203.013,4.05,0.092,0.049,idle
203.033,4.06,0.088,0.047,idle
203.053,4.06,0.094,0.049,idle
203.073,4.05,0.090,0.047,idle
203.093,4.09,0.091,0.047,idle
203.113,4.06,0.094,0.048,idle
203.133,4.06,0.089,0.048,idle
203.153,4.06,0.093,0.048,idle
203.173,4.08,0.093,0.048,idle
203.193,4.07,0.090,0.050,idle
203.213,4.08,0.094,0.048,idle
203.233,4.06,0.091,0.048,idle
203.253,4.05,0.091,0.049,idle
203.273,4.03,0.094,0.048,idle
203.293,4.02,0.090,0.049,idle
203.313,4.02,0.093,0.046,idle
203.333,4.00,0.093,0.048,idle
203.353,4.01,0.089,0.043,idle
203.373,4.03,0.094,0.048,idle
203.393,4.03,0.092,0.049,idle
203.413,4.03,0.092,0.048,idle
203.433,4.01,0.095,0.049,idle
203.453,4.04,0.090,0.050,idle
203.473,4.05,0.093,0.049,idle
203.493,4.04,0.092,0.048,idle
203.513,4.02,0.090,0.050,idle
203.533,4.04,0.094,0.048,idle
203.553,4.04,0.091,0.048,idle
203.573,4.03,0.093,0.047,idle
203.593,4.03,0.094,0.048,idle
203.613,4.01,0.089,0.048,idle
203.633,3.99,0.093,0.048,idle
203.653,3.98,0.091,0.047,idle
203.673,3.99,0.090,0.050,idle
203.693,3.99,0.094,0.047,idle
203.713,3.98,0.090,0.047,idle
203.733,3.98,0.093,0.046,idle
203.753,3.98,0.094,0.047,idle
203.773,3.97,0.090,0.046,idle
203.793,3.97,0.092,0.047,idle
203.813,3.96,0.091,0.048,idle
203.833,3.94,0.089,0.048,idle
203.853,3.92,0.093,0.048,idle
203.873,3.92,0.090,0.048,idle
203.893,3.92,0.093,0.047,idle
203.913,3.92,0.094,0.051,idle
203.933,3.91,0.089,0.048,idle
203.953,3.91,0.091,0.046,idle
203.973,3.90,0.091,0.049,idle
203.993,3.92,0.091,0.045,idle
204.013,3.92,0.093,0.049,idle
204.033,3.91,0.091,0.048,idle
204.053,3.93,0.092,0.049,idle
204.073,3.94,0.093,0.049,idle
204.093,3.93,0.090,0.048,idle
204.113,3.97,0.093,0.046,idle
204.133,3.95,0.091,0.047,idle
204.153,3.96,0.090,0.050,idle
204.173,3.94,0.094,0.048,idle
204.193,3.94,0.090,0.050,idle
204.213,3.92,0.094,0.049,idle
204.233,3.93,0.093,0.047,idle
204.253,3.93,0.091,0.050,idle
204.273,3.93,0.092,0.049,idle
204.293,3.94,0.091,0.049,idle
204.313,3.95,0.091,0.048,idle
204.333,3.96,0.094,0.048,idle
204.353,3.96,0.092,0.050,idle
204.373,3.97,0.093,0.046,idle
204.393,3.97,0.094,0.049,idle
204.413,3.97,0.089,0.048,idle
204.433,3.98,0.093,0.049,idle
204.453,3.96,0.092,0.047,idle
204.473,3.93,0.092,0.047,idle
204.493,3.95,0.094,0.048,idle
204.513,3.96,0.091,0.050,idle
204.533,3.93,0.092,0.050,idle
204.553,3.93,0.093,0.047,idle
204.573,3.93,0.090,0.049,idle
204.593,3.93,0.093,0.049,idle
204.613,3.95,0.091,0.048,idle
204.633,3.95,0.092,0.050,idle
204.653,3.96,0.093,0.049,idle
204.673,3.94,0.089,0.048,idle
204.693,3.94,0.091,0.049,idle
204.713,3.96,0.093,0.048,idle
204.733,3.97,0.089,0.048,idle
204.753,3.97,0.093,0.049,idle
204.773,3.96,0.091,0.047,idle
204.793,3.97,0.091,0.049,idle
204.813,3.96,0.093,0.047,idle
204.833,3.98,0.090,0.049,idle
204.853,3.98,0.093,0.047,idle
204.873,3.97,0.093,0.048,idle
204.893,3.96,0.089,0.050,idle
204.913,3.94,0.091,0.047,idle
204.933,3.95,0.090,0.050,idle
204.953,3.94,0.090,0.050,idle
204.973,3.95,0.094,0.047,idle
204.993,3.93,0.090,0.049,idle
205.013,3.90,0.093,0.049,idle
205.033,3.89,0.093,0.048,idle
205.053,3.88,0.088,0.046,idle
205.073,3.88,0.093,0.050,idle
205.093,3.86,0.091,0.049,idle
205.113,3.83,0.091,0.048,idle
205.133,3.85,0.094,0.049,idle
205.153,3.85,0.090,0.051,idle
205.173,3.87,0.093,0.050,idle
205.193,3.89,0.093,0.049,idle
205.213,3.89,0.089,0.047,idle
205.233,3.89,0.093,0.047,idle
205.253,3.89,0.092,0.049,idle
205.273,3.92,0.091,0.046,idle
205.293,3.90,0.093,0.047,idle
205.313,3.90,0.090,0.049,idle
205.333,3.89,0.093,0.049,idle
205.353,3.89,0.093,0.047,idle
205.373,3.85,0.091,0.047,idle
205.393,3.86,0.093,0.049,idle
205.413,3.86,0.091,0.047,idle
205.433,3.86,0.092,0.049,idle
205.453,3.88,0.094,0.048,idle
205.473,3.90,0.091,0.045,idle
205.493,3.90,0.093,0.048,idle
205.513,3.89,0.094,0.046,idle
205.533,3.91,0.091,0.046,idle
205.553,3.91,0.093,0.045,idle
205.573,3.91,0.092,0.049,idle
205.593,3.95,0.092,0.046,idle
205.613,3.96,0.094,0.047,idle
205.633,3.97,0.090,0.047,idle
205.653,3.97,0.093,0.047,idle
205.673,3.99,0.092,0.047,idle
205.693,3.96,0.089,0.047,idle
205.713,3.96,0.093,0.049,idle
205.733,3.97,0.091,0.047,idle
205.753,3.98,0.092,0.048,idle
205.773,4.00,0.094,0.049,idle
205.793,3.98,0.089,0.046,idle
205.813,3.97,0.092,0.046,idle
205.833,3.97,0.092,0.047,idle
205.853,3.98,0.090,0.047,idle
205.873,3.99,0.093,0.049,idle
205.893,4.00,0.091,0.046,idle
205.913,4.01,0.091,0.051,idle
205.933,4.03,0.093,0.048,idle
205.953,4.05,0.089,0.047,idle
205.973,4.08,0.093,0.048,idle
205.993,4.10,0.092,0.049,idle
206.013,4.11,0.090,0.047,idle
206.033,4.12,0.093,0.047,idle
206.053,4.12,0.090,0.047,idle
206.073,4.13,0.092,0.048,idle
206.093,4.14,0.093,0.048,idle
206.113,4.17,0.090,0.049,idle
206.133,4.16,0.094,0.048,idle
206.153,4.15,0.092,0.049,idle
206.173,4.13,0.090,0.050,idle
206.193,4.12,0.094,0.051,idle
206.213,4.11,0.090,0.045,idle
206.233,4.11,0.092,0.046,idle
206.253,4.11,0.093,0.045,idle
206.273,4.10,0.089,0.048,idle
206.293,4.09,0.094,0.049,idle
206.313,4.10,0.092,0.046,idle
206.333,4.12,0.090,0.049,idle
206.353,4.14,0.094,0.047,idle
206.373,4.09,0.090,0.046,idle
206.393,4.03,0.092,0.051,idle
206.413,4.04,0.094,0.047,idle
206.433,4.05,0.090,0.046,idle
206.453,4.10,0.094,0.048,idle
206.473,4.13,0.092,0.049,idle
206.493,4.13,0.090,0.046,idle
206.513,4.14,0.093,0.047,idle
206.533,4.11,0.091,0.048,idle
206.553,4.09,0.092,0.050,idle
206.573,4.10,0.093,0.047,idle
206.593,4.06,0.089,0.048,idle
206.613,4.02,0.093,0.049,idle
206.633,3.95,0.091,0.048,idle
206.653,3.97,0.090,0.046,idle
206.673,4.02,0.092,0.047,idle
206.693,4.07,0.090,0.047,idle
206.713,4.10,0.092,0.047,idle
206.733,3.98,0.092,0.047,idle
206.753,3.98,0.090,0.050,idle
206.773,4.06,0.093,0.048,idle
206.793,4.04,0.092,0.050,idle
206.813,4.04,0.092,0.051,idle
206.833,4.07,0.093,0.050,idle
206.853,4.06,0.089,0.056,idle
206.873,4.09,0.092,0.053,idle
206.893,4.08,0.094,0.046,idle
206.913,4.06,0.090,0.048,idle
206.933,4.08,0.093,0.050,idle
206.953,4.07,0.091,0.045,idle
206.973,4.03,0.091,0.052,idle
206.993,4.03,0.092,0.049,idle
207.013,4.04,0.089,0.047,idle
207.033,4.05,0.092,0.048,idle
207.053,4.04,0.093,0.047,idle
207.073,4.02,0.090,0.045,idle
207.093,4.02,0.092,0.045,idle
207.113,3.99,0.090,0.059,idle
207.133,4.01,0.092,0.058,idle
207.153,4.01,0.094,0.050,idle
207.173,4.01,0.090,0.049,idle
207.193,3.97,0.094,0.044,idle
207.213,3.95,0.092,0.060,idle
207.233,3.99,0.089,0.056,idle
207.253,4.00,0.094,0.046,idle
207.273,3.97,0.091,0.048,idle
207.293,4.01,0.091,0.047,idle
207.313,4.00,0.094,0.047,idle
207.333,3.97,0.091,0.048,idle
207.353,3.96,0.093,0.049,idle
207.373,4.02,0.094,0.046,idle
207.393,4.07,0.090,0.050,idle
207.413,4.05,0.093,0.049,idle
207.433,4.05,0.091,0.048,idle
207.453,4.00,0.092,0.047,idle
207.473,3.96,0.095,0.048,idle
207.493,3.95,0.089,0.048,idle
207.513,3.95,0.092,0.047,idle
207.533,4.00,0.092,0.048,idle
207.553,4.03,0.090,0.048,idle
207.573,4.02,0.093,0.048,idle
207.593,4.01,0.091,0.046,idle
207.613,4.04,0.092,0.048,idle
207.633,4.10,0.095,0.049,idle
207.653,4.09,0.089,0.046,idle
207.673,4.03,0.092,0.047,idle
207.693,4.03,0.092,0.053,idle
207.713,3.99,0.090,0.049,idle
207.733,4.12,0.093,0.047,idle
207.753,4.08,0.090,0.047,idle
207.773,4.00,0.092,0.050,idle
207.793,4.05,0.092,0.047,idle
207.813,4.06,0.089,0.051,idle
207.833,4.04,0.093,0.049,idle
207.853,4.03,0.091,0.048,idle
207.873,4.01,0.089,0.045,idle
207.893,4.02,0.092,0.048,idle
207.913,4.05,0.090,0.048,idle
207.933,4.01,0.092,0.047,idle
207.953,4.02,0.093,0.048,idle
207.973,4.02,0.090,0.046,idle
207.993,4.01,0.093,0.048,idle
208.013,4.00,0.094,0.047,idle
208.033,4.01,0.090,0.046,idle
208.053,4.02,0.094,0.047,idle
208.073,4.05,0.091,0.050,idle
208.093,4.05,0.092,0.048,idle
208.113,4.05,0.095,0.048,idle
208.133,4.03,0.089,0.049,idle
208.153,4.05,0.094,0.049,idle
208.173,4.03,0.092,0.047,idle
208.193,4.07,0.089,0.048,idle
208.213,4.08,0.093,0.049,idle
208.233,4.02,0.091,0.048,idle
208.253,4.01,0.092,0.047,idle
208.273,4.03,0.093,0.049,idle
208.293,3.99,0.090,0.047,idle
208.313,3.96,0.093,0.048,idle
208.333,3.96,0.092,0.047,idle
208.353,3.94,0.090,0.047,idle
208.373,3.95,0.094,0.047,idle
208.393,3.96,0.091,0.048,idle
208.413,3.99,0.092,0.047,idle
208.433,3.99,0.094,0.050,idle
208.453,3.98,0.090,0.046,idle
208.473,4.02,0.093,0.047,idle
208.493,4.02,0.092,0.047,idle
208.513,4.01,0.091,0.047,idle
208.533,3.98,0.093,0.046,idle
208.553,3.98,0.091,0.049,idle
208.573,3.96,0.093,0.048,idle
208.593,3.98,0.093,0.049,idle
208.613,3.96,0.089,0.047,idle
208.633,3.95,0.093,0.048,idle
208.653,3.95,0.091,0.049,idle
208.673,3.95,0.089,0.049,idle
208.693,3.90,0.093,0.049,idle
208.713,3.90,0.090,0.050,idle
208.733,3.91,0.092,0.049,idle
208.753,3.94,0.093,0.047,idle
208.773,3.94,0.090,0.048,idle
208.793,3.94,0.092,0.048,idle
208.813,3.93,0.091,0.047,idle
208.833,3.93,0.090,0.047,idle
208.853,3.95,0.093,0.048,idle
208.873,3.92,0.090,0.045,idle
208.893,3.94,0.092,0.048,idle
208.913,3.93,0.094,0.048,idle
208.933,3.93,0.089,0.048,idle
208.953,6.20,0.093,0.049,idle
208.973,5.87,0.092,0.048,idle
208.993,5.91,0.091,0.050,idle
209.013,5.93,0.092,0.048,idle
209.033,5.90,0.090,0.046,idle
209.053,10.29,0.091,0.048,idle
209.073,6.08,0.093,0.047,idle
209.093,6.13,0.088,0.049,idle
209.113,6.15,0.094,0.049,idle
209.133,6.16,0.091,0.049,idle
209.153,9.71,0.091,0.047,idle
209.173,10.34,0.093,0.050,idle
209.193,8.85,0.091,0.048,idle
209.213,11.09,0.092,0.048,idle
209.233,11.11,0.093,0.048,idle
209.253,11.09,0.088,0.047,idle
209.273,11.09,0.093,0.052,idle
209.293,11.10,0.091,0.049,idle
209.313,12.52,0.091,0.049,idle
209.333,13.24,0.094,0.049,idle
209.353,13.23,0.090,0.049,idle
209.373,13.22,0.092,0.046,idle
209.393,13.22,0.093,0.048,idle
209.413,13.18,0.090,0.050,idle
209.433,13.17,0.093,0.845,idle
209.453,13.16,0.092,2.474,idle
209.473,13.16,0.092,0.050,idle
209.493,13.18,0.094,0.048,idle
209.513,17.14,0.090,0.048,idle
209.533,15.66,0.093,2.097,idle
209.553,15.66,0.093,2.845,idle
209.573,15.66,0.090,0.187,idle
209.593,15.67,0.092,0.048,idle
209.613,15.68,0.091,0.048,idle
209.633,15.72,0.091,2.006,idle
209.653,15.72,0.092,0.763,idle
209.673,15.70,0.089,1.185,idle
209.693,15.73,0.092,1.122,idle
209.713,15.74,0.093,0.051,idle
209.733,15.72,0.088,0.049,idle
209.753,15.74,0.093,0.047,idle
209.773,15.74,0.092,0.047,idle
209.793,15.72,0.091,1.097,idle
209.813,15.74,0.093,2.120,idle
209.833,15.74,0.090,0.048,idle
209.853,15.74,0.092,0.049,idle
209.873,15.79,0.093,0.049,idle
209.893,15.77,0.089,0.048,idle
209.913,15.78,0.093,0.046,idle
209.933,15.78,0.091,0.049,idle
209.953,13.53,0.092,0.048,idle
209.973,13.88,0.093,0.048,idle
209.993,13.86,0.089,2.053,idle
210.013,13.85,0.092,2.191,idle
210.033,13.83,0.093,0.054,idle
210.053,9.42,0.089,0.048,idle
210.073,13.60,0.092,0.050,idle
210.093,13.54,0.092,0.049,idle
210.113,13.53,0.092,0.048,idle
210.133,13.53,0.094,0.051,idle
210.153,9.97,0.091,0.049,idle
210.173,9.36,0.094,0.050,idle
210.193,10.85,0.092,0.052,idle
210.213,8.62,0.090,0.047,idle
210.233,8.62,0.093,0.047,idle
210.253,8.65,0.092,0.051,idle
210.273,8.68,0.092,0.048,idle
210.293,8.67,0.094,0.048,idle
210.313,7.25,0.091,0.049,idle
210.333,6.52,0.093,0.048,idle
210.353,6.54,0.092,0.048,idle
210.373,6.55,0.091,0.046,idle
210.393,6.55,0.094,0.048,idle
210.413,6.55,0.091,0.048,idle
210.433,6.55,0.095,0.048,idle
210.453,6.56,0.094,0.047,idle
210.473,6.53,0.090,0.049,idle
210.493,6.50,0.094,0.049,idle
210.513,2.54,0.092,0.050,idle
210.533,4.03,0.091,0.048,idle
210.553,4.02,0.094,0.049,idle
210.573,4.03,0.091,0.048,idle
210.593,4.03,0.093,0.050,idle
210.613,4.01,0.094,0.048,idle
210.633,3.99,0.090,0.048,idle
210.653,3.98,0.094,0.047,idle
210.673,4.01,0.092,0.049,idle
210.693,3.98,0.090,0.049,idle
210.713,3.96,0.094,0.048,idle
210.733,3.96,0.091,0.050,idle
210.753,3.93,0.091,0.048,idle
210.773,3.94,0.094,0.049,idle
210.793,3.93,0.090,0.050,idle
210.813,3.91,0.092,0.052,idle
210.833,3.90,0.092,0.047,idle
210.853,3.90,0.090,0.048,idle
210.873,3.87,0.093,0.046,idle
210.893,3.88,0.091,0.049,idle
210.913,3.89,0.092,0.046,idle
210.933,3.89,0.094,0.047,idle
210.953,3.89,0.089,0.048,idle
210.973,3.88,0.093,0.048,idle
210.993,3.88,0.092,0.050,idle
211.013,3.87,0.091,0.048,idle
211.033,3.90,0.093,0.047,idle
211.053,3.90,0.090,0.047,idle
211.073,3.90,0.093,0.047,idle
211.093,3.93,0.093,0.047,idle
211.113,3.93,0.090,0.048,idle
211.133,3.92,0.093,0.050,idle
211.153,3.90,0.092,0.047,idle
211.173,3.91,0.091,0.049,idle
211.193,3.91,0.093,0.048,idle
211.213,3.91,0.090,0.047,idle
211.233,3.90,0.093,0.049,idle
211.253,3.89,0.094,0.048,idle
211.273,3.87,0.090,0.049,idle
211.293,3.88,0.093,0.049,idle
211.313,3.89,0.092,0.049,idle
211.333,3.89,0.091,0.049,idle
211.353,3.89,0.095,0.048,idle
211.373,3.88,0.091,0.048,idle
211.393,3.89,0.093,0.049,idle
211.413,3.90,0.094,0.049,idle
211.433,3.89,0.089,0.045,idle
211.453,3.90,0.094,0.050,idle
211.473,3.93,0.093,0.046,idle
211.493,3.96,0.091,0.050,idle
211.513,3.96,0.094,0.047,idle
211.533,3.95,0.090,0.048,idle
211.553,3.95,0.092,0.049,idle
211.573,3.94,0.094,0.046,idle
211.593,3.92,0.090,0.051,idle
211.613,3.94,0.093,0.049,idle
211.633,3.96,0.092,0.050,idle
211.653,3.98,0.092,0.049,idle
211.673,4.01,0.093,0.048,idle
211.693,4.08,0.091,0.048,idle
211.713,4.02,0.094,0.046,idle
211.733,3.98,0.093,0.048,idle
211.753,3.99,0.090,0.050,idle
211.773,3.99,0.095,0.047,idle
211.793,4.05,0.091,0.049,idle
211.813,4.08,0.091,0.048,idle
211.833,4.09,0.094,0.048,idle
211.853,4.08,0.090,0.049,idle
211.873,4.06,0.094,0.050,idle
211.893,4.03,0.093,0.048,idle
211.913,4.06,0.090,0.049,idle
211.933,4.06,0.094,0.049,idle
211.953,3.99,0.091,0.049,idle
211.973,4.00,0.092,0.047,idle
211.993,4.01,0.094,0.048,idle
212.013,4.01,0.090,0.049,idle
212.033,4.02,0.093,0.049,idle
212.053,4.02,0.092,0.046,idle
212.073,4.03,0.090,0.051,idle
212.093,4.00,0.093,0.047,idle
212.113,4.03,0.092,0.048,idle
212.133,4.03,0.093,0.046,idle
212.153,4.04,0.093,0.050,idle
212.173,3.95,0.090,0.050,idle
212.193,3.95,0.093,0.057,idle
212.213,4.07,0.092,0.056,idle
212.233,4.15,0.090,0.047,idle
212.253,4.16,0.095,0.045,idle
212.273,4.15,0.091,0.048,idle
212.293,4.09,0.092,0.046,idle
212.313,4.17,0.093,0.050,idle
212.333,4.19,0.090,0.049,idle
212.353,4.14,0.093,0.050,idle
212.373,4.15,0.093,0.048,idle
212.393,4.12,0.090,0.050,idle
212.413,4.10,0.094,0.049,idle
212.433,4.12,0.091,0.049,idle
212.453,4.10,0.093,0.049,idle
212.473,4.10,0.094,0.050,idle
212.493,4.10,0.090,0.049,idle
212.513,4.09,0.094,0.049,idle
212.533,4.10,0.092,0.048,idle
212.553,4.11,0.091,0.048,idle
212.573,4.10,0.094,0.049,idle
212.593,4.15,0.092,0.050,idle
212.613,4.16,0.092,0.051,idle
212.633,4.14,0.093,0.049,idle
212.653,4.12,0.090,0.057,idle
212.673,4.08,0.092,0.058,idle
212.693,4.01,0.093,0.061,idle
212.713,4.09,0.091,0.046,idle
212.733,4.12,0.093,0.046,idle
212.753,15.32,0.091,0.048,idle
212.773,18.95,0.092,0.057,idle
212.793,18.86,0.094,0.059,MI00_conveyor
212.813,37.53,0.091,0.049,MI00_conveyor
212.833,35.11,0.093,0.050,MI00_conveyor
212.853,39.50,0.091,0.050,MI00_conveyor
212.873,34.65,0.091,0.049,MI00_conveyor
212.893,29.96,0.094,0.052,MI00_conveyor
212.913,30.30,0.090,0.044,MI00_conveyor
212.933,30.27,0.093,0.047,MI00_conveyor
212.953,32.67,0.094,0.051,MI00_conveyor
212.973,35.04,0.089,0.048,MI00_conveyor
212.993,35.30,0.095,0.049,MI00_conveyor
213.013,40.82,0.093,0.046,MI00_conveyor
213.033,41.62,0.091,0.047,MI00_conveyor
213.053,44.07,0.094,0.049,MI00_conveyor
213.073,48.19,0.091,0.049,MI00_conveyor
213.093,48.92,0.093,0.048,MI00_conveyor
213.113,49.04,0.094,0.046,MI00_conveyor
213.133,49.49,0.091,0.051,MI00_conveyor
213.153,49.48,0.094,0.049,MI00_conveyor
213.173,48.36,0.093,0.052,MI00_conveyor
213.193,51.50,0.091,0.048,MI00_conveyor
213.213,56.09,0.095,0.049,MI00_conveyor
213.233,62.09,0.092,4.358,MI00_conveyor
213.253,70.36,0.095,1.232,MI00_conveyor
213.273,80.47,0.095,0.087,MI00_conveyor
213.293,89.64,0.091,4.564,MI00_conveyor
213.313,96.47,0.094,2.290,MI00_conveyor
213.333,102.02,0.092,3.671,MI00_conveyor
213.353,104.81,0.092,5.061,MI00_conveyor
213.373,107.08,0.096,2.184,MI00_conveyor
213.393,115.07,0.091,4.618,MI00_conveyor
213.413,126.78,0.094,0.049,MI00_conveyor
213.433,129.74,0.096,1.417,MI00_conveyor
213.453,143.02,0.092,0.718,MI00_conveyor
213.473,153.49,0.096,0.164,MI00_conveyor
213.493,172.41,0.095,1.925,MI00_conveyor
213.513,173.04,0.093,0.336,MI00_conveyor
213.533,173.05,0.095,0.708,MI00_conveyor
213.553,173.04,0.092,1.529,MI00_conveyor
213.573,173.09,0.095,0.221,MI00_conveyor
213.593,173.07,0.096,0.133,MI00_conveyor
213.613,173.17,0.091,0.242,MI00_conveyor
213.633,174.16,0.095,0.140,MI00_conveyor
213.653,174.13,0.093,1.194,MI00_conveyor
213.673,174.15,0.093,1.706,MI00_conveyor
213.693,179.81,0.095,1.425,MI00_conveyor
213.713,179.80,0.093,1.628,MI00_conveyor
213.733,176.81,0.096,2.360,MI00_conveyor
213.753,166.71,0.095,2.304,MI00_conveyor
213.773,162.88,0.092,3.165,MI00_conveyor
213.793,166.68,0.096,1.493,MI00_conveyor
213.813,148.04,0.095,2.180,MI00_conveyor
213.833,150.53,0.094,1.041,MI00_conveyor
213.853,146.18,0.097,1.319,MI00_conveyor
213.873,151.07,0.094,2.602,MI00_conveyor
213.893,155.79,0.096,3.229,MI00_conveyor
213.913,155.45,0.097,0.753,MI00_conveyor
213.933,155.49,0.092,2.949,MI00_conveyor
213.953,153.15,0.096,2.940,MI00_conveyor
213.973,150.78,0.094,4.965,MI00_conveyor
213.993,150.54,0.093,1.002,MI00_conveyor
214.013,145.02,0.096,0.049,MI00_conveyor
214.033,144.22,0.092,0.052,MI00_conveyor
214.053,141.81,0.095,0.050,MI00_conveyor
214.073,137.73,0.095,0.065,MI00_conveyor
214.093,137.01,0.093,0.234,MI00_conveyor
214.113,136.88,0.096,1.359,MI00_conveyor
214.133,136.43,0.095,0.067,MI00_conveyor
214.153,136.47,0.095,0.047,MI00_conveyor
214.173,137.67,0.096,2.060,MI00_conveyor
214.193,134.53,0.092,0.058,MI00_conveyor
214.213,129.83,0.096,1.186,MI00_conveyor
214.233,126.80,0.096,0.334,MI00_conveyor
214.253,118.63,0.093,2.409,MI00_conveyor
214.273,108.76,0.098,2.458,MI00_conveyor
214.293,99.79,0.094,0.055,MI00_conveyor
214.313,92.88,0.094,0.058,MI00_conveyor
214.333,98.73,0.097,0.054,MI00_conveyor
214.353,96.84,0.092,0.056,MI00_conveyor
214.373,103.29,0.096,0.087,MI00_conveyor
214.393,97.77,0.095,0.052,MI00_conveyor
214.413,86.09,0.094,0.049,MI00_conveyor
214.433,83.13,0.096,0.047,MI00_conveyor
214.453,69.87,0.095,0.047,MI00_conveyor
214.473,59.37,0.094,0.048,MI00_conveyor
214.493,40.52,0.097,0.048,MI00_conveyor
214.513,39.90,0.093,0.048,MI00_conveyor
214.533,40.11,0.096,0.049,MI00_conveyor
214.553,47.82,0.095,0.048,MI00_conveyor
214.573,46.67,0.092,0.051,MI00_conveyor
214.593,46.67,0.097,0.047,MI00_conveyor
214.613,45.91,0.094,0.047,MI00_conveyor
214.633,46.08,0.095,0.047,MI00_conveyor
214.653,46.12,0.095,0.051,MI00_conveyor
214.673,46.13,0.091,0.049,MI00_conveyor
214.693,40.45,0.095,0.050,MI00_conveyor
214.713,38.25,0.095,0.697,MI00_conveyor
214.733,41.26,0.092,0.142,MI00_conveyor
214.753,40.15,0.095,0.100,MI00_conveyor
214.773,40.39,0.093,0.097,MI00_conveyor
214.793,36.80,0.094,0.047,MI00_conveyor
214.813,32.73,0.096,3.541,MI00_conveyor
214.833,32.28,0.091,0.814,MI00_conveyor
214.853,32.20,0.096,2.203,MI00_conveyor
214.873,34.43,0.094,2.243,MI00_conveyor
214.893,34.61,0.093,0.047,MI00_conveyor
214.913,34.61,0.096,0.050,MI00_conveyor
214.933,34.69,0.092,0.050,MI00_conveyor
214.953,34.68,0.095,0.069,MI00_conveyor
214.973,34.69,0.095,0.080,MI00_conveyor
214.993,34.67,0.092,0.053,MI00_conveyor
215.013,34.64,0.094,0.504,MI00_conveyor
215.033,34.64,0.093,2.183,MI00_conveyor
215.053,34.60,0.093,2.272,MI00_conveyor
215.073,34.58,0.095,0.048,MI00_conveyor
215.093,34.58,0.091,0.539,MI00_conveyor
215.113,34.58,0.095,2.193,MI00_conveyor
215.133,34.59,0.094,0.048,MI00_conveyor
215.153,34.56,0.091,0.057,MI00_conveyor
215.173,34.56,0.094,0.098,MI00_conveyor
215.193,34.57,0.093,0.930,MI00_conveyor
215.213,34.57,0.094,0.452,MI00_conveyor
215.233,31.55,0.095,0.049,MI00_conveyor
215.253,31.45,0.091,0.066,MI00_conveyor
215.273,31.22,0.094,0.136,MI00_conveyor
215.293,31.10,0.093,1.713,MI00_conveyor
215.313,31.09,0.090,0.375,MI00_conveyor
215.333,19.68,0.094,0.062,MI00_conveyor
215.353,18.82,0.093,1.157,MI00_conveyor
215.373,10.10,0.092,0.188,MI00_conveyor
215.393,7.65,0.094,0.070,MI00_conveyor
215.413,7.68,0.091,0.105,MI00_conveyor
215.433,7.66,0.094,0.050,MI00_conveyor
215.453,7.64,0.094,0.051,MI00_conveyor
215.473,7.64,0.090,0.046,MI00_conveyor
215.493,7.58,0.094,0.047,MI00_conveyor
215.513,7.57,0.092,0.051,MI00_conveyor
215.533,7.36,0.093,0.049,MI00_conveyor
215.553,-0.33,0.095,0.049,MI00_conveyor
215.573,0.79,0.091,0.048,MI00_conveyor
215.593,0.76,0.094,0.048,MI00_conveyor
215.613,1.39,0.093,0.047,MI00_conveyor
215.633,0.24,0.090,0.048,MI00_conveyor
215.653,0.23,0.093,0.047,MI00_conveyor
215.673,0.22,0.092,0.046,MI00_conveyor
215.693,0.24,0.092,0.047,MI00_conveyor
215.713,2.45,0.093,0.048,MI00_conveyor
215.733,2.46,0.090,0.048,MI00_conveyor
215.753,2.45,0.093,0.049,MI00_conveyor
215.773,2.42,0.093,0.047,MI00_conveyor
215.793,2.25,0.090,0.049,MI00_conveyor
215.813,9.44,0.093,0.047,MI00_conveyor
215.833,9.82,0.091,0.047,MI00_conveyor
215.853,9.87,0.092,0.047,MI00_conveyor
215.873,7.63,0.094,0.048,MI00_conveyor
215.893,7.42,0.091,0.052,MI00_conveyor
215.913,7.40,0.094,0.049,MI00_conveyor
215.933,7.31,0.094,0.050,MI00_conveyor
215.953,7.29,0.091,0.046,MI00_conveyor
215.973,7.26,0.094,0.049,MI00_conveyor
215.993,7.27,0.092,0.046,MI00_conveyor
216.013,7.27,0.092,0.047,MI00_conveyor
216.033,7.28,0.095,0.047,MI00_conveyor
216.053,7.30,0.090,0.048,MI00_conveyor
216.073,7.30,0.093,0.048,MI00_conveyor
216.093,7.31,0.094,0.047,MI00_conveyor
216.113,7.30,0.090,0.047,MI00_conveyor
216.133,7.31,0.095,0.047,MI00_conveyor
216.153,7.33,0.092,0.053,MI00_conveyor
216.173,7.32,0.092,0.053,MI00_conveyor
216.193,7.31,0.094,0.052,MI00_conveyor
216.213,7.31,0.090,0.049,MI00_conveyor
216.233,7.33,0.093,0.047,MI00_conveyor
216.253,7.33,0.094,0.046,MI00_conveyor
216.273,7.32,0.090,0.049,MI00_conveyor
216.293,7.33,0.094,2.414,MI00_conveyor
216.313,7.32,0.092,0.047,MI00_conveyor
216.333,7.31,0.092,0.048,MI00_conveyor
216.353,7.31,0.094,0.048,MI00_conveyor
216.373,7.30,0.089,0.047,MI00_conveyor
216.393,7.31,0.094,0.049,MI00_conveyor
216.413,7.27,0.092,0.047,MI00_conveyor
216.433,7.25,0.090,0.047,MI00_conveyor
216.453,7.27,0.094,0.046,MI00_conveyor
216.473,7.27,0.092,0.049,MI00_conveyor
216.493,7.27,0.092,0.047,MI00_conveyor
216.513,7.27,0.094,0.046,MI00_conveyor
216.533,7.24,0.090,0.047,MI00_conveyor
216.553,7.20,0.094,0.048,MI00_conveyor
216.573,7.23,0.093,0.044,MI00_conveyor
216.593,7.24,0.090,0.048,MI00_conveyor
216.613,7.25,0.094,0.045,MI00_conveyor
216.633,7.25,0.092,0.046,MI00_conveyor
216.653,7.25,0.092,0.051,MI00_conveyor
216.673,7.22,0.094,0.047,MI00_conveyor
216.693,7.26,0.090,0.050,MI00_conveyor
216.713,7.24,0.094,0.048,MI00_conveyor
216.733,7.22,0.093,0.047,MI00_conveyor
216.753,7.22,0.090,0.048,MI00_conveyor
216.773,7.22,0.094,0.049,MI00_conveyor
216.793,7.20,0.092,0.047,MI00_conveyor
216.813,4.06,0.093,0.047,MI00_conveyor
216.833,4.03,0.093,0.048,MI00_conveyor
216.853,4.00,0.090,0.048,MI00_conveyor
216.873,3.99,0.092,0.046,MI00_conveyor
216.893,4.01,0.092,0.045,MI00_conveyor
216.913,3.98,0.092,0.048,MI00_conveyor
216.933,3.96,0.094,0.049,MI00_conveyor
216.953,3.98,0.091,0.048,MI00_conveyor
216.973,3.98,0.094,0.047,MI00_conveyor
216.993,3.98,0.094,0.047,MI00_conveyor
217.013,4.01,0.090,0.046,MI00_conveyor
217.033,4.06,0.095,0.049,MI00_conveyor
217.053,4.04,0.092,0.047,MI00_conveyor
217.073,4.02,0.091,0.046,MI00_conveyor
217.093,3.99,0.094,0.047,MI00_conveyor
217.113,3.94,0.090,0.047,MI00_conveyor
217.133,3.95,0.094,0.046,MI00_conveyor
217.153,3.96,0.094,0.050,MI00_conveyor
217.173,3.97,0.089,0.045,MI00_conveyor
217.193,3.99,0.093,0.047,MI00_conveyor
217.213,3.97,0.091,0.048,MI00_conveyor
217.233,3.91,0.091,0.048,MI00_conveyor
217.253,3.91,0.094,0.048,MI00_conveyor
217.273,3.91,0.090,0.048,MI00_conveyor
217.293,3.91,0.094,0.047,MI00_conveyor
217.313,5.35,0.095,0.048,MI00_conveyor
217.333,7.50,0.091,0.047,MI00_conveyor
217.353,10.39,0.094,0.047,MI00_conveyor
217.373,10.59,0.093,0.048,MI00_conveyor
217.393,10.63,0.093,0.049,MI00_conveyor
217.413,10.57,0.095,0.048,MI00_conveyor
217.433,10.49,0.090,0.048,MI00_conveyor
217.453,10.52,0.094,0.050,MI00_conveyor
217.473,10.46,0.093,0.049,MI00_conveyor
217.493,10.38,0.091,0.049,MI00_conveyor
217.513,11.54,0.095,0.048,MI00_conveyor
217.533,11.48,0.092,0.054,MI00_conveyor
217.553,11.66,0.092,0.057,MI00_conveyor
217.573,11.84,0.095,0.051,MI00_conveyor
217.593,11.87,0.090,0.050,MI00_conveyor
217.613,11.46,0.094,0.046,MI00_conveyor
217.633,11.47,0.093,0.047,MI00_conveyor
217.653,11.93,0.090,0.048,MI00_conveyor
217.673,11.93,0.094,0.049,MI00_conveyor
217.693,11.99,0.092,0.049,MI00_conveyor
217.713,12.31,0.092,0.048,MI00_conveyor
217.733,12.32,0.094,0.047,MI00_conveyor
217.753,12.44,0.090,0.047,MI00_conveyor
217.773,12.59,0.093,0.047,MI00_conveyor
217.793,12.39,0.093,0.907,MI00_conveyor
217.813,12.31,0.092,1.635,MI00_conveyor
217.833,12.29,0.094,3.120,MI00_conveyor
217.853,12.34,0.092,0.457,MI00_conveyor
217.873,12.47,0.093,0.048,MI00_conveyor
217.893,12.47,0.095,0.110,MI00_conveyor
217.913,12.43,0.091,0.302,MI00_conveyor
217.933,12.45,0.094,0.132,MI00_conveyor
217.953,12.44,0.093,0.114,MI00_conveyor
217.973,12.42,0.090,0.083,MI00_conveyor
217.993,12.43,0.094,0.343,MI00_conveyor
218.013,12.35,0.092,0.120,MI00_conveyor
218.033,12.30,0.093,0.116,MI00_conveyor
218.053,12.33,0.094,0.093,MI00_conveyor
218.073,12.32,0.090,0.131,MI00_conveyor
218.093,12.40,0.093,0.242,MI00_conveyor
218.113,12.46,0.093,0.056,MI00_conveyor
218.133,12.43,0.091,0.208,MI00_conveyor
218.153,12.41,0.094,0.098,MI00_conveyor
218.173,12.42,0.091,0.074,MI00_conveyor
218.193,12.41,0.092,0.151,MI00_conveyor
218.213,12.43,0.093,0.057,MI00_conveyor
218.233,12.47,0.092,0.107,MI00_conveyor
218.253,12.48,0.095,0.068,MI00_conveyor
218.273,12.48,0.093,0.136,MI00_conveyor
218.293,12.46,0.091,0.049,MI00_conveyor
218.313,11.05,0.094,0.053,MI00_conveyor
218.333,8.87,0.091,0.069,MI00_conveyor
218.353,6.00,0.095,0.056,MI00_conveyor
218.373,6.46,0.095,0.053,MI00_conveyor
218.393,7.17,0.089,0.057,MI00_conveyor
218.413,7.24,0.094,0.055,MI00_conveyor
218.433,6.56,0.092,0.051,MI00_conveyor
218.453,8.80,0.090,0.052,MI00_conveyor
218.473,8.86,0.094,0.047,MI00_conveyor
218.493,8.94,0.090,0.052,MI00_conveyor
218.513,7.78,0.092,0.052,MI00_conveyor
218.533,12.90,0.093,0.047,MI00_conveyor
218.553,12.90,0.090,0.046,MI00_conveyor
218.573,11.88,0.094,0.050,MI00_conveyor
218.593,13.06,0.092,0.047,MI00_conveyor
218.613,13.51,0.092,0.049,MI00_conveyor
218.633,13.50,0.094,0.047,MI00_conveyor
218.653,13.08,0.092,0.045,MI00_conveyor
218.673,13.07,0.093,0.050,MI00_conveyor
218.693,12.97,0.094,0.050,MI00_conveyor
218.713,12.65,0.090,0.048,MI00_conveyor
218.733,12.66,0.093,0.051,MI00_conveyor
218.753,12.53,0.092,0.050,MI00_conveyor
218.773,12.35,0.090,0.046,MI00_conveyor
218.793,12.57,0.094,0.049,MI00_conveyor
218.813,12.64,0.090,0.050,MI00_conveyor
218.833,12.67,0.093,0.048,MI00_conveyor
218.853,12.63,0.093,0.263,MI00_conveyor
218.873,12.50,0.090,0.198,MI00_conveyor
218.893,12.51,0.094,0.050,MI00_conveyor
218.913,12.55,0.092,2.485,MI00_conveyor
218.933,12.55,0.092,0.732,MI00_conveyor
218.953,12.56,0.094,0.050,MI00_conveyor
218.973,12.59,0.092,0.051,MI00_conveyor
218.993,12.60,0.093,0.054,MI00_conveyor
219.013,12.67,0.094,2.120,MI00_conveyor
219.033,12.67,0.092,0.081,MI00_conveyor
219.053,12.65,0.093,0.704,MI00_conveyor
219.073,12.66,0.092,0.451,MI00_conveyor
219.093,12.60,0.093,0.048,MI00_conveyor
219.113,12.62,0.094,0.047,MI00_conveyor
219.133,12.62,0.091,0.047,MI00_conveyor
219.153,12.60,0.094,0.048,MI00_conveyor
219.173,12.59,0.093,0.049,MI00_conveyor
219.193,12.60,0.090,0.050,MI00_conveyor
219.213,12.58,0.094,0.050,MI00_conveyor
219.233,12.56,0.093,0.050,MI00_conveyor
219.253,12.55,0.092,0.050,MI00_conveyor
219.273,12.54,0.095,0.049,MI00_conveyor
219.293,12.55,0.091,0.051,MI00_conveyor
219.313,12.53,0.094,0.048,MI00_conveyor
219.333,12.56,0.094,0.049,MI00_conveyor
219.353,12.59,0.090,0.051,MI00_conveyor
219.373,11.96,0.095,0.049,MI00_conveyor
219.393,11.24,0.092,0.047,MI00_conveyor
219.413,11.27,0.092,0.047,MI00_conveyor
219.433,12.08,0.094,0.048,MI00_conveyor
219.453,9.81,0.092,0.048,MI00_conveyor
219.473,9.83,0.094,0.050,MI00_conveyor
219.493,9.84,0.093,0.048,MI00_conveyor
219.513,9.78,0.091,0.051,MI00_conveyor
219.533,4.74,0.093,0.047,MI00_conveyor
219.553,4.58,0.092,0.049,MI00_conveyor
219.573,5.41,0.093,0.049,MI00_conveyor
219.593,4.20,0.095,0.049,MI00_conveyor
219.613,4.15,0.091,0.047,MI00_conveyor
219.633,4.15,0.093,0.050,MI00_conveyor
219.653,4.16,0.094,0.049,MI00_conveyor
219.673,4.20,0.091,0.047,MI00_conveyor
219.693,4.23,0.095,0.046,MI00_conveyor
219.713,4.24,0.092,0.048,MI00_conveyor
219.733,4.26,0.094,0.046,MI00_conveyor
219.753,4.26,0.094,0.048,MI00_conveyor
219.773,4.27,0.091,0.044,MI00_conveyor
219.793,4.25,0.094,0.049,MI00_conveyor
219.813,4.22,0.093,0.053,MI00_conveyor
219.833,4.23,0.091,0.059,MI00_conveyor
219.853,4.27,0.095,0.062,MI00_conveyor
219.873,4.30,0.092,0.054,MI00_conveyor
219.893,4.26,0.093,0.054,MI00_conveyor
219.913,4.25,0.095,0.052,MI00_conveyor
219.933,4.23,0.091,0.051,MI00_conveyor
219.953,4.23,0.095,0.050,MI00_conveyor
219.973,4.22,0.093,0.051,MI00_conveyor
219.993,4.22,0.092,0.051,MI00_conveyor
220.013,4.24,0.094,0.053,MI00_conveyor
220.033,4.24,0.092,0.048,MI00_conveyor
220.053,4.22,0.094,0.053,MI00_conveyor
220.073,4.26,0.095,0.047,MI00_conveyor
220.093,4.25,0.090,0.054,MI00_conveyor
220.113,4.23,0.094,0.049,MI00_conveyor
220.133,4.24,0.094,0.052,MI00_conveyor
220.153,4.28,0.091,0.048,MI00_conveyor
220.173,4.32,0.095,0.048,MI00_conveyor
220.193,4.34,0.093,0.051,MI00_conveyor
220.213,4.37,0.094,0.052,MI00_conveyor
220.233,4.39,0.094,0.049,MI00_conveyor
220.253,4.41,0.091,0.049,MI00_conveyor
220.273,4.43,0.094,0.048,MI00_conveyor
220.293,4.45,0.093,0.052,MI00_conveyor
220.313,4.45,0.092,0.051,MI00_conveyor
220.333,4.44,0.095,0.047,MI00_conveyor
220.353,4.38,0.091,0.047,MI00_conveyor
220.373,4.33,0.094,0.051,MI00_conveyor
220.393,4.28,0.095,0.050,MI00_conveyor
220.413,4.24,0.090,0.049,MI00_conveyor
220.433,4.20,0.095,0.046,MI00_conveyor
220.453,4.21,0.094,0.051,MI00_conveyor
220.473,4.18,0.091,0.049,MI00_conveyor
220.493,4.16,0.094,0.049,MI00_conveyor
220.513,4.21,0.091,0.049,MI00_conveyor
220.533,4.23,0.093,0.053,MI00_conveyor
220.553,4.23,0.095,0.049,MI00_conveyor
220.573,4.25,0.091,0.052,MI00_conveyor
220.593,4.22,0.094,0.048,MI00_conveyor
220.613,4.26,0.095,0.051,MI00_conveyor
220.633,4.26,0.092,0.049,MI00_conveyor
220.653,4.23,0.095,0.048,MI00_conveyor
220.673,4.31,0.093,0.048,MI00_conveyor
220.693,4.34,0.095,0.051,MI00_conveyor
220.713,4.35,0.095,0.051,MI00_conveyor
220.733,4.33,0.093,0.050,MI00_conveyor
220.753,4.34,0.095,0.051,MI00_conveyor
220.773,4.34,0.093,0.055,MI00_conveyor
220.793,4.71,0.092,0.054,MI00_conveyor
220.813,5.19,0.094,0.050,MI00_conveyor
220.833,6.26,0.091,0.054,MI00_conveyor
220.853,10.86,0.093,0.056,MI00_conveyor
220.873,12.87,0.095,0.053,MI00_conveyor
220.893,12.65,0.091,0.049,MI00_conveyor
220.913,15.02,0.094,0.049,MI00_conveyor
220.933,15.85,0.092,0.050,MI00_conveyor
220.953,17.30,0.091,0.052,MI00_conveyor
220.973,21.12,0.095,0.053,MI00_conveyor
220.993,27.07,0.091,0.051,MI00_conveyor
221.013,29.11,0.094,0.051,MI00_conveyor
221.033,29.78,0.094,0.050,MI00_conveyor
221.053,29.70,0.090,0.050,MI00_conveyor
221.073,29.79,0.094,0.051,MI00_conveyor
221.093,31.41,0.093,0.052,MI00_conveyor
221.113,37.76,0.093,0.049,MI00_conveyor
221.133,40.51,0.095,0.054,MI00_conveyor
221.153,44.59,0.092,0.054,MI00_conveyor
221.173,49.30,0.094,0.049,MI00_conveyor
221.193,50.64,0.094,0.053,MI00_conveyor
221.213,52.86,0.091,0.052,MI00_conveyor
221.233,54.24,0.094,0.050,MI00_conveyor
221.253,56.00,0.093,0.060,MI00_conveyor
221.273,50.19,0.093,0.164,MI00_conveyor
221.293,38.99,0.094,0.175,MI00_conveyor
221.313,34.01,0.091,0.545,MI00_conveyor
221.333,41.13,0.093,1.235,MI00_conveyor
221.353,41.22,0.093,0.776,idle
221.373,57.22,0.090,0.878,idle
221.393,75.87,0.095,1.683,idle
221.413,92.24,0.092,0.662,idle
221.433,106.78,0.093,0.719,idle
221.453,122.22,0.095,1.230,idle
221.473,136.34,0.091,1.469,idle
221.493,153.45,0.093,0.682,idle
221.513,167.95,0.095,0.680,idle
221.533,183.15,0.092,0.320,idle
221.553,183.16,0.095,0.379,idle
221.573,183.18,0.093,1.650,idle
221.593,183.20,0.094,2.579,idle
221.613,183.17,0.095,2.661,idle
221.633,183.11,0.091,2.857,idle
221.653,183.00,0.093,2.385,idle
221.673,182.89,0.093,1.139,idle
221.693,182.97,0.090,1.351,idle
221.713,182.91,0.094,1.380,idle
221.733,183.00,0.092,1.297,idle
221.753,184.58,0.092,2.305,idle
221.773,184.58,0.094,4.367,idle
221.793,184.20,0.090,4.657,idle
221.813,183.71,0.094,3.314,idle
221.833,182.62,0.095,0.078,idle
221.853,178.03,0.091,4.285,idle
221.873,176.04,0.093,4.701,idle
221.893,176.29,0.093,4.971,idle
221.913,173.95,0.091,3.932,idle
221.933,173.07,0.094,4.291,idle
221.953,171.71,0.091,4.073,idle
221.973,167.88,0.094,4.501,idle
221.993,161.32,0.094,3.586,idle
222.013,161.85,0.091,3.498,idle
222.033,165.04,0.093,0.066,idle
222.053,169.99,0.091,0.061,idle
222.073,169.88,0.093,0.061,idle
222.093,168.27,0.094,0.061,idle
222.113,161.90,0.090,0.065,idle
222.133,159.15,0.093,0.067,idle
222.153,155.05,0.093,0.082,idle
222.173,150.31,0.091,0.178,idle
222.193,148.96,0.095,0.074,idle
222.213,146.71,0.092,0.089,idle
222.233,145.33,0.092,0.969,idle
222.253,143.55,0.094,0.053,idle
222.273,149.33,0.090,0.055,idle
222.293,160.53,0.093,0.054,idle
222.313,165.52,0.094,0.061,idle
222.333,158.38,0.091,0.067,idle
222.353,158.32,0.094,0.066,idle
222.373,142.34,0.091,0.053,idle
222.393,123.72,0.092,0.060,idle
222.413,107.38,0.094,0.075,idle
222.433,92.87,0.090,0.066,idle
222.453,77.38,0.093,0.062,idle
222.473,63.26,0.093,1.291,idle
222.493,46.16,0.090,2.209,idle
222.513,31.66,0.094,2.625,idle
222.533,16.49,0.091,2.223,idle
222.553,16.48,0.092,0.050,idle
222.573,16.41,0.094,0.050,idle
222.593,16.41,0.090,0.048,idle
222.613,16.44,0.093,0.047,idle
222.633,16.46,0.092,0.051,idle
222.653,16.57,0.090,0.047,idle
222.673,16.55,0.093,0.047,idle
222.693,16.44,0.091,0.048,idle
222.713,16.48,0.093,0.047,idle
222.733,16.40,0.093,0.047,idle
222.753,14.83,0.090,0.046,idle
222.773,14.83,0.093,0.047,idle
222.793,14.86,0.091,0.047,idle
222.813,14.89,0.090,0.050,idle
222.833,14.91,0.094,0.046,idle
222.853,14.88,0.091,0.045,idle
222.873,14.84,0.093,0.050,idle
222.893,14.83,0.093,0.055,idle
222.913,14.81,0.090,0.049,idle
222.933,14.86,0.093,0.051,idle
222.953,14.78,0.091,0.044,idle
222.973,14.81,0.092,0.046,idle
222.993,15.39,0.094,0.046,idle
223.013,12.79,0.091,0.044,idle
223.033,8.93,0.094,0.047,idle
223.053,4.08,0.092,0.051,idle
223.073,4.08,0.091,0.047,idle
223.093,4.08,0.092,0.047,idle
223.113,4.10,0.092,0.045,idle
223.133,4.09,0.092,0.049,idle
223.153,4.08,0.093,0.048,idle
223.173,4.07,0.089,0.049,idle
223.193,4.06,0.092,0.048,idle
223.213,4.06,0.092,0.047,idle
223.233,4.06,0.090,0.046,idle
223.253,4.04,0.093,0.048,idle
223.273,4.05,0.091,0.049,idle
223.293,4.06,0.093,0.047,idle
223.313,4.15,0.093,0.046,idle
223.333,4.19,0.091,0.046,idle
223.353,4.08,0.092,0.048,idle
223.373,4.04,0.092,0.047,idle
223.393,4.01,0.090,0.047,idle
223.413,4.00,0.093,0.048,idle
223.433,4.05,0.091,0.048,idle
223.453,4.04,0.091,0.046,idle
223.473,4.03,0.092,0.045,idle
223.493,4.10,0.090,0.048,idle
223.513,4.12,0.092,0.049,idle
223.533,4.09,0.092,0.048,idle
223.553,4.10,0.091,0.048,idle
223.573,4.31,0.093,0.046,idle
223.593,4.06,0.090,0.047,idle
223.613,4.06,0.092,0.046,idle
223.633,4.08,0.092,0.049,idle
223.653,4.09,0.090,0.046,idle
223.673,4.14,0.093,0.048,idle
223.693,4.14,0.093,0.048,idle
223.713,4.15,0.091,0.046,idle
223.733,4.13,0.093,0.046,idle
223.753,4.11,0.090,0.047,idle
223.773,4.10,0.093,0.045,idle
223.793,4.08,0.094,0.048,idle
223.813,4.08,0.090,0.047,idle
223.833,4.09,0.092,0.051,idle
223.853,4.09,0.091,0.052,idle
223.873,4.10,0.090,0.050,idle
223.893,4.12,0.093,0.052,idle
223.913,4.14,0.092,0.048,idle
223.933,4.15,0.091,0.051,idle
223.953,4.15,0.092,0.054,idle
223.973,4.14,0.091,0.048,idle
223.993,4.15,0.093,0.049,idle
224.013,4.14,0.091,0.047,idle
224.033,4.14,0.092,0.045,idle
224.053,4.15,0.093,0.169,idle
224.073,4.14,0.091,0.391,idle
224.093,4.13,0.094,0.049,idle
224.113,4.11,0.092,0.050,idle
224.133,4.11,0.091,0.051,idle
224.153,4.13,0.093,0.056,idle
224.173,4.17,0.092,0.051,idle
224.193,4.20,0.091,0.049,idle
224.213,4.17,0.092,0.052,idle
224.233,4.15,0.089,0.049,idle
224.253,4.19,0.093,0.048,idle
224.273,4.20,0.093,0.051,idle
224.293,4.16,0.090,0.048,idle
224.313,4.07,0.094,0.046,idle
224.333,4.04,0.090,0.049,idle
224.353,4.13,0.092,0.048,idle
224.373,4.21,0.092,0.047,idle
224.393,4.26,0.091,0.048,idle
224.413,4.25,0.092,0.046,idle
224.433,4.15,0.092,0.047,idle
224.453,4.21,0.092,0.047,idle
224.473,4.24,0.093,0.048,idle
224.493,4.15,0.090,0.048,idle
224.513,4.13,0.092,0.048,idle
224.533,4.12,0.092,0.049,idle
224.553,4.11,0.091,0.048,idle
224.573,3.93,0.094,0.046,idle
224.593,4.15,0.091,0.049,idle
224.613,4.13,0.092,0.050,idle
224.633,4.14,0.094,0.049,idle
224.653,4.13,0.090,0.049,idle
224.673,4.07,0.093,0.045,idle
224.693,4.06,0.092,0.047,idle
224.713,4.04,0.091,0.054,idle
224.733,4.04,0.094,0.051,idle
224.753,4.04,0.091,0.046,idle
224.773,4.05,0.093,0.047,idle
224.793,4.07,0.092,0.045,idle
224.813,4.07,0.091,0.048,idle
224.833,4.07,0.093,0.052,idle
224.853,4.06,0.091,0.048,idle
224.873,4.05,0.092,0.049,idle
224.893,4.03,0.092,0.046,idle
224.913,4.01,0.090,0.048,idle
224.933,4.01,0.092,0.048,idle
224.953,4.01,0.092,0.048,idle
224.973,3.85,0.089,0.047,idle
224.993,4.09,0.093,0.047,idle
225.012,6.97,0.092,0.048,idle
225.032,4.47,0.091,0.046,idle
225.052,7.11,0.093,0.046,idle
225.072,14.22,0.090,0.047,idle
225.092,11.32,0.092,0.047,idle
225.112,8.98,0.093,0.049,idle
225.132,5.53,0.090,0.049,idle
225.152,12.56,0.092,0.046,idle
225.172,12.51,0.092,0.050,idle
225.192,12.48,0.091,0.045,idle
225.212,12.51,0.094,0.047,idle
225.232,12.80,0.090,0.048,idle
225.252,12.85,0.094,0.048,idle
225.272,13.04,0.093,0.045,idle
225.292,12.63,0.089,0.047,idle
225.312,12.65,0.093,0.043,idle
225.332,12.67,0.091,0.050,idle
225.352,12.69,0.091,0.047,idle
225.372,12.64,0.094,0.049,idle
225.392,12.64,0.089,0.045,idle
225.412,14.55,0.092,0.047,idle
225.432,14.58,0.093,0.048,idle
225.452,14.61,0.089,0.326,idle
225.472,14.63,0.094,0.141,idle
225.492,14.67,0.090,0.991,idle
225.512,14.69,0.092,1.709,idle
225.532,14.70,0.094,1.786,idle
225.552,14.70,0.090,2.215,idle
225.572,14.70,0.093,1.937,idle
225.592,14.69,0.093,2.893,idle
225.612,14.70,0.091,3.387,idle
225.632,14.72,0.093,2.764,idle
225.652,14.73,0.091,0.056,idle
225.672,14.77,0.092,0.046,idle
225.692,14.79,0.094,0.046,idle
225.712,14.79,0.092,0.801,idle
225.732,14.81,0.094,1.096,idle
225.752,14.83,0.093,0.108,idle
225.772,14.84,0.092,1.648,idle
225.792,14.85,0.094,0.046,idle
225.812,14.86,0.092,0.047,idle
225.832,14.89,0.094,0.048,idle
225.852,14.90,0.094,0.047,idle
225.872,14.90,0.091,0.048,idle
225.892,14.82,0.094,1.362,idle
225.912,14.98,0.093,0.049,idle
225.932,17.09,0.091,0.052,idle
225.952,18.25,0.095,0.048,idle
225.972,18.02,0.092,0.048,idle
225.992,22.39,0.095,0.047,idle
226.012,18.27,0.095,0.044,idle
226.032,22.39,0.091,0.047,idle
226.052,22.83,0.095,0.046,idle
226.072,15.82,0.093,0.047,idle
226.092,18.74,0.092,0.049,idle
226.112,21.07,0.095,0.048,idle
226.132,24.60,0.093,0.050,idle
226.152,17.57,0.093,0.046,idle
226.172,20.83,0.095,0.047,idle
226.192,23.94,0.092,0.046,idle
226.212,28.21,0.095,0.047,idle
226.232,27.76,0.094,0.048,idle
226.252,34.14,0.092,0.046,idle
226.272,35.89,0.096,0.045,idle
226.292,40.04,0.093,0.049,idle
226.312,43.65,0.095,0.055,idle
226.332,42.41,0.095,0.048,idle
226.352,46.10,0.093,0.055,idle
226.372,54.18,0.096,0.194,idle
226.392,58.17,0.093,0.384,idle
226.412,56.18,0.094,2.413,idle
226.432,55.31,0.096,1.496,idle
226.452,55.46,0.093,1.811,idle
226.472,62.85,0.095,1.645,idle
226.492,64.30,0.096,0.908,idle
226.512,69.44,0.092,0.921,idle
226.532,70.75,0.094,1.687,idle
226.552,68.62,0.093,0.111,idle
226.572,68.73,0.093,0.074,idle
226.592,68.99,0.095,0.051,idle
226.612,70.31,0.092,0.149,idle
226.632,70.00,0.094,0.266,idle
226.652,69.97,0.095,2.035,idle
226.672,70.16,0.091,1.045,idle
226.692,70.01,0.094,1.285,idle
226.712,70.02,0.093,0.266,idle
226.732,69.99,0.092,2.397,idle
226.752,70.00,0.094,1.220,idle
226.772,70.00,0.091,1.463,idle
226.792,70.01,0.093,1.161,idle
226.812,69.92,0.094,1.656,idle
226.832,69.79,0.091,3.031,idle
226.852,69.78,0.095,2.630,idle
226.872,69.78,0.094,2.344,idle
226.892,69.86,0.094,0.150,idle
226.912,69.69,0.095,2.689,idle
226.932,67.61,0.091,0.821,idle
226.952,66.48,0.094,2.292,idle
226.972,66.83,0.094,1.357,idle
226.992,62.19,0.092,1.622,idle
227.012,63.42,0.095,2.606,idle
227.032,61.73,0.094,2.652,idle
227.052,58.67,0.093,0.445,idle
227.072,58.46,0.095,0.120,idle
227.092,58.43,0.090,0.932,idle
227.112,58.42,0.093,0.633,idle
227.132,58.34,0.094,0.072,idle
227.152,58.30,0.090,0.109,idle
227.172,55.04,0.093,0.156,idle
227.192,51.92,0.091,0.049,idle
227.212,47.64,0.092,0.055,idle
227.232,47.85,0.095,0.048,idle
227.252,41.36,0.090,0.049,idle
227.272,39.41,0.094,0.048,idle
227.292,35.69,0.094,0.102,idle
227.312,32.05,0.090,0.086,idle
227.332,33.28,0.092,0.046,idle
227.352,30.57,0.091,0.049,idle
227.372,22.62,0.093,0.046,idle
227.392,21.01,0.094,0.055,idle
227.412,16.47,0.091,0.049,idle
227.432,17.67,0.094,0.046,idle
227.452,18.90,0.093,0.051,idle
227.472,11.59,0.089,0.049,idle
227.492,10.10,0.093,0.047,idle
227.512,4.96,0.091,0.104,idle
227.532,3.65,0.092,0.090,idle
227.552,5.78,0.094,0.108,idle
227.572,5.67,0.089,0.051,idle
227.592,5.44,0.092,0.086,idle
227.612,4.10,0.093,0.047,idle
227.632,4.43,0.089,0.047,idle
227.652,4.46,0.093,0.081,idle
227.672,4.24,0.091,0.049,idle
227.692,3.67,0.092,0.048,idle
227.712,2.99,0.094,0.047,idle
227.732,3.44,0.089,0.046,idle
227.752,3.02,0.092,0.049,idle
227.772,11.87,0.092,0.048,idle
227.792,12.69,0.089,0.050,idle
227.812,12.28,0.093,0.048,idle
227.832,11.74,0.090,0.408,idle
227.852,11.76,0.092,0.097,idle
227.872,11.96,0.093,1.693,idle
227.892,12.00,0.089,2.069,idle
227.912,12.07,0.093,2.503,idle
227.932,11.46,0.092,1.106,idle
227.952,9.02,0.089,0.589,idle
227.972,14.58,0.092,0.049,idle
227.992,12.29,0.090,0.047,idle
228.012,12.19,0.092,0.046,idle
228.032,13.17,0.093,0.050,idle
228.052,13.88,0.090,0.048,idle
228.072,20.67,0.091,0.051,idle
228.092,20.66,0.092,0.048,idle
228.112,20.72,0.091,0.046,idle
228.132,20.72,0.093,0.056,idle
228.152,20.75,0.091,0.052,idle
228.172,20.78,0.092,0.453,idle
228.192,20.80,0.094,1.651,idle
228.212,20.82,0.090,2.576,idle
228.232,20.81,0.095,1.644,idle
228.252,20.86,0.093,4.648,idle
228.272,20.87,0.091,0.839,idle
228.292,20.88,0.094,1.205,idle
228.312,20.91,0.091,0.299,idle
228.332,20.89,0.094,0.051,idle
228.352,19.96,0.094,0.071,idle
228.372,19.83,0.090,0.064,idle
228.392,17.45,0.094,0.155,idle
228.412,22.06,0.093,1.105,idle
228.432,20.45,0.092,1.268,idle
228.452,19.08,0.094,1.670,idle
228.472,19.24,0.091,1.598,idle
228.492,19.28,0.094,0.413,idle
228.512,19.26,0.094,1.153,idle
228.532,19.23,0.090,0.992,idle
228.552,19.24,0.094,1.822,idle
228.572,19.24,0.093,0.048,idle
228.592,19.23,0.092,0.051,idle
228.612,19.27,0.095,0.049,idle
228.632,19.23,0.091,0.046,idle
228.652,19.23,0.093,0.046,idle
228.672,19.25,0.093,0.055,idle
228.692,19.95,0.090,0.067,idle
228.712,20.65,0.094,0.096,idle
228.732,20.22,0.093,0.048,idle
228.752,22.95,0.093,0.049,idle
228.772,14.09,0.096,0.048,idle
228.792,14.82,0.092,0.048,idle
228.812,15.30,0.095,0.053,idle
228.832,15.95,0.094,0.048,idle
228.852,15.96,0.092,0.048,idle
228.872,15.46,0.095,0.047,idle
228.892,2.47,0.093,0.049,idle
228.912,3.58,0.093,3.078,idle
228.932,4.26,0.095,0.056,idle
228.952,6.68,0.092,0.185,idle
228.972,1.27,0.093,0.046,idle
228.992,3.56,0.094,0.049,idle
229.012,3.46,0.091,0.049,idle
229.032,2.60,0.096,0.049,idle
229.052,2.44,0.092,0.047,idle
229.072,-0.26,0.095,0.050,idle
229.092,-9.58,0.095,0.050,idle
229.112,-9.25,0.091,0.048,idle
229.132,-6.25,0.094,0.047,idle
229.152,3.28,0.095,0.049,idle
229.172,1.53,0.091,0.048,idle
229.192,1.54,0.096,0.049,idle
229.212,1.55,0.092,0.052,idle
229.232,1.53,0.093,1.311,idle
229.252,1.50,0.095,0.051,idle
229.272,1.52,0.091,1.109,idle
229.292,1.48,0.095,0.054,idle
229.312,1.47,0.093,0.049,idle
229.332,1.48,0.091,0.052,idle
229.352,1.44,0.094,0.254,idle
229.372,1.44,0.093,4.057,idle
229.392,1.42,0.092,0.564,idle
229.412,1.42,0.095,1.765,idle
229.432,2.70,0.092,0.055,idle
229.452,2.67,0.094,0.058,idle
229.472,2.39,0.093,0.055,idle
229.492,2.38,0.090,0.080,idle
229.512,2.40,0.094,0.053,idle
229.532,2.38,0.092,0.211,idle
229.552,2.37,0.094,1.873,idle
229.572,2.36,0.094,4.609,idle
229.592,2.35,0.092,0.285,idle
229.612,2.33,0.094,2.502,idle
229.632,2.34,0.094,3.686,idle
229.652,2.32,0.090,2.032,idle
229.672,2.30,0.095,0.049,idle
229.692,2.30,0.092,0.047,idle
229.712,2.30,0.092,0.048,idle
229.732,2.29,0.095,0.047,idle
229.752,0.00,0.091,0.046,idle
229.772,-0.01,0.094,0.047,idle
229.792,-1.57,0.093,0.048,idle
229.812,-1.55,0.091,0.047,idle
229.832,-1.57,0.094,0.048,idle
229.852,-1.62,0.091,0.048,idle
229.872,-1.35,0.093,0.049,idle
229.892,11.60,0.094,0.048,idle
229.912,10.48,0.090,0.047,idle
229.932,10.36,0.093,0.048,idle
229.952,10.35,0.092,0.049,idle
229.972,10.24,0.091,0.046,idle
229.992,10.26,0.093,0.046,idle
230.012,10.49,0.090,0.048,idle
230.032,10.44,0.094,0.048,idle
230.052,9.86,0.093,0.048,idle
230.072,5.86,0.090,0.047,idle
230.092,15.19,0.093,0.046,idle
230.112,14.86,0.092,0.049,idle
230.132,11.85,0.090,0.047,idle
230.152,2.30,0.094,0.047,idle
230.172,4.05,0.090,0.047,idle
230.192,4.04,0.094,0.047,idle
230.212,4.03,0.094,0.045,idle
230.232,4.01,0.090,0.047,idle
230.252,4.02,0.093,0.049,idle
230.272,4.03,0.092,0.045,idle
230.292,4.04,0.091,0.047,idle
230.312,4.03,0.093,0.047,idle
230.332,4.04,0.090,0.045,idle
230.352,4.03,0.091,0.050,idle
230.372,4.04,0.093,0.048,idle
230.392,4.04,0.090,0.047,idle
230.412,4.04,0.092,0.046,idle
230.432,4.02,0.092,0.049,idle
230.452,4.01,0.091,0.047,idle
230.472,4.04,0.093,0.048,idle
230.492,4.03,0.090,0.048,idle
230.512,4.03,0.094,0.046,idle
230.532,4.07,0.093,0.047,idle
230.552,4.07,0.089,0.048,idle
230.572,4.08,0.092,0.048,idle
230.592,4.08,0.091,0.047,idle
230.612,4.07,0.090,0.047,idle
230.632,4.07,0.093,0.048,idle
230.652,4.07,0.090,0.049,idle
230.672,4.10,0.093,0.047,idle
230.692,4.11,0.093,0.047,idle
230.712,4.11,0.089,0.047,idle
230.732,4.07,0.092,0.048,idle
230.752,4.05,0.092,0.045,idle
230.772,4.05,0.090,0.049,idle
230.792,4.05,0.093,0.046,idle
230.812,4.06,0.089,0.047,idle
230.832,4.06,0.093,0.048,idle
230.852,4.09,0.093,0.047,idle
230.872,4.12,0.090,0.049,idle
230.892,4.11,0.093,0.046,idle
230.912,4.07,0.091,0.046,idle
230.932,4.10,0.090,0.048,idle
230.952,4.12,0.094,0.046,idle
230.972,4.09,0.090,0.049,idle
230.992,4.09,0.093,0.047,idle
231.012,4.07,0.092,0.047,idle
231.032,4.06,0.089,0.046,idle
231.052,4.08,0.093,0.047,idle
231.072,4.10,0.090,0.048,idle
231.092,4.10,0.091,0.046,idle
231.112,4.09,0.093,0.047,idle
231.132,4.10,0.089,0.047,idle
231.152,4.10,0.093,0.047,idle
231.172,4.10,0.092,0.047,idle
231.192,4.10,0.089,0.044,idle
231.212,4.10,0.091,0.046,idle
231.232,4.11,0.092,0.048,idle
231.252,4.11,0.091,0.046,idle
231.272,4.08,0.094,0.045,idle
231.292,4.08,0.089,0.044,idle
231.312,4.09,0.092,0.046,idle
231.332,4.09,0.093,0.047,idle
231.352,4.06,0.088,0.046,idle
231.372,4.06,0.093,0.046,idle
231.392,4.05,0.091,0.046,idle
231.412,4.06,0.091,0.045,idle
231.432,4.08,0.094,0.047,idle
231.452,4.09,0.088,0.047,idle
231.472,4.08,0.092,0.049,idle
231.492,4.08,0.091,0.045,idle
231.512,4.06,0.089,0.047,idle
231.532,4.03,0.092,0.045,idle
231.552,4.03,0.090,0.045,idle
231.572,4.03,0.091,0.047,idle
231.592,4.04,0.093,0.046,idle
231.612,4.04,0.090,0.047,idle
231.632,4.04,0.093,0.047,idle
231.652,4.04,0.091,0.047,idle
231.672,4.04,0.090,0.048,idle
231.692,4.05,0.093,0.047,idle
231.712,4.04,0.090,0.047,idle
231.732,4.06,0.091,0.046,idle
231.752,4.06,0.093,0.048,idle
231.772,4.05,0.089,0.046,idle
231.792,4.05,0.093,0.048,idle
231.812,4.04,0.091,0.046,idle
231.832,4.02,0.089,0.047,idle
231.852,4.01,0.094,0.048,idle
231.872,4.01,0.091,0.046,idle
231.892,4.00,0.092,0.046,idle
231.912,4.00,0.093,0.048,idle
231.932,4.00,0.089,0.047,idle
231.952,3.99,0.093,0.047,idle
231.972,3.98,0.090,0.046,idle
231.992,3.99,0.091,0.046,idle
232.012,3.98,0.093,0.048,idle
232.032,3.98,0.090,0.046,idle
232.052,3.98,0.092,0.048,idle
232.072,3.97,0.094,0.045,idle
232.092,3.97,0.089,0.047,idle
232.112,3.97,0.093,0.047,idle
232.132,3.96,0.090,0.048,idle
232.152,3.98,0.090,0.046,idle
232.172,3.96,0.093,0.047,idle
232.192,3.94,0.091,0.046,idle
232.212,3.93,0.092,0.047,idle
232.232,3.94,0.094,0.049,idle
232.252,3.95,0.089,0.047,idle
232.272,3.95,0.093,0.048,idle
232.292,3.96,0.090,0.046,idle
232.312,3.95,0.091,0.047,idle
232.332,3.94,0.093,0.047,idle
232.352,3.96,0.090,0.046,idle
232.372,3.95,0.093,0.048,idle
232.392,3.96,0.093,0.050,idle
232.412,3.96,0.090,0.048,idle
232.432,3.94,0.092,0.048,idle
232.452,3.92,0.091,0.046,idle
232.472,3.91,0.092,0.046,idle
232.492,3.90,0.094,0.047,idle
232.512,3.91,0.090,0.048,idle
232.532,3.92,0.092,0.047,idle
232.552,3.91,0.092,0.048,idle
232.572,3.89,0.090,0.047,idle
232.592,3.89,0.093,0.048,idle
232.612,3.90,0.090,0.047,idle
232.632,3.91,0.092,0.047,idle
232.652,3.89,0.093,0.047,idle
232.672,3.87,0.090,0.050,idle
232.692,3.87,0.093,0.047,idle
232.712,3.87,0.094,0.047,idle
232.732,3.86,0.090,0.047,idle
232.752,3.87,0.094,0.048,idle
232.772,3.87,0.091,0.048,idle
232.792,3.88,0.092,0.048,idle
232.812,3.88,0.094,0.046,idle
232.832,3.91,0.091,0.046,idle
232.852,3.92,0.092,0.047,idle
232.872,3.91,0.093,0.046,idle
232.892,3.90,0.088,0.048,idle
232.912,3.90,0.093,0.046,idle
232.932,3.90,0.090,0.048,idle
232.952,3.91,0.092,0.047,idle
232.972,3.91,0.093,0.047,idle
232.992,3.91,0.089,0.046,idle
233.012,3.93,0.092,0.047,idle
233.032,3.92,0.092,0.047,idle
233.052,3.91,0.089,0.046,idle
233.072,3.90,0.093,0.049,idle
233.092,3.97,0.091,0.046,idle
233.112,4.01,0.091,0.049,idle
233.132,4.01,0.093,0.047,idle
233.152,4.00,0.090,0.045,idle
233.172,3.98,0.093,0.048,idle
233.192,5.72,0.093,0.048,idle
233.212,5.74,0.090,0.045,idle
233.232,5.75,0.093,0.048,idle
233.252,5.75,0.090,0.047,idle
233.272,5.78,0.092,0.046,idle
233.292,5.77,0.094,0.046,idle
233.312,5.75,0.089,0.048,idle
233.332,5.75,0.093,0.047,idle
233.352,12.96,0.092,0.047,idle
233.372,13.26,0.090,0.048,idle
233.392,13.91,0.094,0.047,idle
233.412,13.80,0.091,0.048,idle
233.432,13.81,0.092,0.046,idle
233.452,13.83,0.094,0.048,idle
233.472,13.85,0.090,0.048,idle
233.492,13.85,0.093,0.047,idle
233.512,13.86,0.092,0.049,idle
233.532,13.85,0.089,0.045,idle
233.552,13.87,0.093,0.045,idle
233.572,13.88,0.091,0.047,idle
233.592,13.89,0.092,0.048,idle
233.612,13.90,0.094,0.050,idle
233.632,13.91,0.090,0.050,idle
233.652,13.94,0.093,0.050,idle
233.672,13.94,0.093,1.131,idle
233.692,13.95,0.091,0.052,idle
233.712,13.95,0.094,0.045,idle
233.732,13.97,0.092,0.049,idle
233.752,13.97,0.093,0.048,idle
233.772,13.99,0.094,0.050,idle
233.792,13.98,0.090,0.057,idle
233.812,14.00,0.094,1.213,idle
233.832,14.00,0.092,3.865,idle
233.852,14.00,0.090,1.692,idle
233.872,14.00,0.093,1.364,idle
233.892,14.02,0.091,1.131,idle
233.912,14.04,0.092,0.052,idle
233.932,14.06,0.095,0.047,idle
233.952,14.05,0.091,0.046,idle
233.972,14.07,0.094,0.048,idle
233.992,14.08,0.092,0.047,idle
234.012,14.08,0.091,0.047,idle
234.032,14.11,0.096,0.048,idle
234.052,14.11,0.092,0.047,idle
234.072,14.13,0.093,0.047,idle
234.092,14.06,0.095,0.047,idle
234.112,14.04,0.092,0.047,idle
234.132,14.05,0.095,0.049,idle
234.152,14.05,0.093,0.047,idle
234.172,14.08,0.093,0.047,idle
234.192,12.36,0.093,0.047,idle
234.212,12.36,0.092,0.047,idle
234.232,12.35,0.094,0.048,idle
234.252,12.36,0.095,0.049,idle
234.272,12.34,0.092,0.049,idle
234.292,12.35,0.095,0.047,idle
234.312,12.38,0.093,0.046,idle
234.332,12.39,0.093,0.047,idle
234.352,5.20,0.097,0.047,idle
234.372,4.89,0.093,0.047,idle
234.392,4.25,0.095,0.046,idle
234.412,4.36,0.095,0.047,idle
234.432,4.33,0.092,0.048,idle
234.452,4.26,0.096,0.049,idle
234.472,4.31,0.093,0.048,idle
234.492,4.37,0.093,0.046,idle
234.512,5.14,0.095,0.047,idle
234.532,5.18,0.092,0.047,idle
234.552,5.15,0.095,0.047,idle
234.572,5.14,0.095,0.048,idle
234.592,5.17,0.091,0.048,idle
234.612,5.13,0.095,0.047,idle
234.632,5.10,0.094,0.048,idle
234.652,5.12,0.093,0.048,idle
234.672,5.12,0.097,0.047,idle
234.692,5.12,0.094,0.046,idle
234.712,5.12,0.096,0.047,idle
234.732,5.08,0.096,0.047,idle
234.752,5.11,0.092,0.046,idle
234.772,5.11,0.095,0.048,idle
234.792,5.11,0.094,0.049,idle
234.812,5.12,0.094,0.048,idle
234.832,5.12,0.096,0.046,idle
234.852,5.12,0.092,0.048,idle
234.872,5.14,0.095,0.047,idle
234.892,5.13,0.095,0.048,idle
234.912,5.13,0.091,0.048,idle
234.932,5.12,0.095,0.050,idle
234.952,5.12,0.094,0.065,idle
234.972,5.11,0.094,0.050,idle
234.992,5.14,0.096,1.150,idle
235.012,5.34,0.093,0.048,idle
235.032,5.27,0.095,0.048,idle
235.052,5.29,0.094,0.052,idle
235.072,5.31,0.093,0.049,idle
235.092,5.36,0.097,0.048,idle
235.112,3.84,0.093,0.047,idle
235.132,3.83,0.094,0.045,idle
235.152,2.54,0.097,0.046,idle
235.172,3.06,0.093,0.050,idle
235.192,3.66,0.095,0.047,idle
235.212,3.73,0.095,0.046,idle
235.232,3.73,0.092,0.046,idle
235.252,4.20,0.095,0.047,idle
235.272,4.26,0.093,0.048,idle
235.292,4.71,0.094,0.048,idle
235.312,5.22,0.096,0.049,idle
235.332,5.19,0.092,0.048,idle
235.352,5.18,0.095,0.047,idle
235.372,5.64,0.095,0.046,idle
235.392,5.66,0.092,0.047,idle
235.412,0.03,0.096,0.045,idle
235.432,0.06,0.094,0.050,idle
235.452,0.19,0.093,0.061,idle
235.472,0.22,0.097,0.050,idle
235.492,0.69,0.092,0.100,idle
235.512,-0.12,0.096,0.073,idle
235.532,-0.16,0.094,0.054,idle
235.552,-0.07,0.092,0.050,idle
235.572,-0.19,0.096,0.062,idle
235.592,-0.30,0.093,0.922,idle
235.612,-0.15,0.094,0.071,idle
235.632,1.19,0.096,1.056,idle
235.652,2.50,0.093,1.284,idle
235.672,4.08,0.095,1.222,idle
235.692,4.08,0.095,0.103,idle
235.712,4.10,0.091,0.080,idle
235.732,4.13,0.096,0.167,idle
235.752,4.19,0.093,0.183,idle
235.772,4.21,0.097,0.493,idle
235.792,4.20,0.096,0.257,idle
235.812,4.18,0.092,0.121,idle
235.832,4.22,0.095,0.058,idle
235.852,4.24,0.095,0.495,idle
235.872,4.24,0.093,0.050,idle
235.892,4.23,0.097,2.943,idle
235.912,4.22,0.093,0.048,idle
235.932,4.23,0.095,0.059,idle
235.952,4.25,0.096,0.762,idle
235.972,4.26,0.093,0.641,idle
235.992,4.23,0.096,0.050,idle
236.012,4.03,0.095,0.052,idle
236.032,4.07,0.094,0.054,idle
236.052,4.07,0.096,0.113,idle
236.072,4.03,0.094,0.551,idle
236.092,3.99,0.095,0.187,idle
236.112,5.52,0.097,0.753,idle
236.132,5.54,0.093,0.802,idle
236.152,6.83,0.095,0.778,idle
236.172,6.31,0.095,0.049,idle
236.192,5.73,0.092,0.064,idle
236.212,5.66,0.095,0.058,idle
236.232,5.65,0.094,0.081,idle
236.252,5.19,0.094,0.049,idle
236.272,5.14,0.095,0.065,idle
236.292,4.69,0.092,0.061,idle
236.312,4.17,0.096,0.055,idle
236.332,4.21,0.095,0.045,idle
236.352,4.21,0.093,0.047,idle
236.372,3.77,0.095,0.050,idle
236.392,1.77,0.094,0.048,idle
236.412,8.45,0.096,0.048,idle
236.432,10.93,0.097,0.048,idle
236.452,10.36,0.093,0.047,idle
236.472,10.79,0.095,0.047,idle
236.492,10.30,0.094,0.048,idle
236.512,10.32,0.093,0.047,idle
236.532,10.33,0.095,0.046,idle
236.552,10.25,0.094,0.050,idle
236.572,10.40,0.095,0.048,idle
236.592,10.48,0.095,0.048,idle
236.612,10.36,0.092,0.045,idle
236.632,9.04,0.096,0.049,idle
236.652,7.74,0.094,0.046,idle
236.672,6.15,0.092,0.048,idle
236.692,6.14,0.096,0.047,idle
236.712,6.11,0.093,0.048,idle
236.732,6.10,0.094,0.050,idle
236.752,5.99,0.096,0.048,idle
236.772,5.97,0.091,0.050,idle
236.792,6.00,0.094,0.048,idle
236.812,6.02,0.093,0.047,idle
236.832,5.95,0.092,0.049,idle
236.852,5.94,0.095,0.047,idle
236.872,5.92,0.091,2.360,idle
236.892,5.92,0.093,0.474,idle
236.912,5.92,0.095,1.793,idle
236.932,5.89,0.092,0.420,idle
236.952,5.87,0.094,0.707,idle
236.972,5.84,0.094,1.919,idle
236.992,5.84,0.092,0.092,idle
237.012,5.84,0.096,0.048,idle
237.032,5.83,0.092,0.049,idle
237.052,5.81,0.094,0.049,idle
237.072,5.81,0.095,0.047,idle
237.092,5.81,0.090,0.049,idle
237.112,5.78,0.093,0.046,idle
237.132,5.77,0.093,0.051,idle
237.152,5.75,0.092,0.047,idle
237.172,5.72,0.095,0.052,idle
237.192,5.70,0.090,0.048,idle
237.212,5.68,0.093,0.048,idle
237.232,5.70,0.095,0.062,idle
237.252,5.66,0.091,0.048,idle
237.272,5.64,0.093,0.066,idle
237.292,5.62,0.092,0.048,idle
237.312,5.63,0.091,0.046,idle
237.332,5.62,0.095,0.053,idle
237.352,5.61,0.091,0.047,idle
237.372,5.59,0.094,0.048,idle
237.392,7.55,0.092,0.047,idle
237.412,6.48,0.090,0.046,idle
237.432,4.01,0.094,0.047,idle
237.452,4.38,0.093,0.047,idle
237.472,5.93,0.092,0.048,idle
237.492,7.11,0.094,0.046,idle
237.512,7.53,0.090,0.047,idle
237.532,17.15,0.094,0.047,idle
237.552,13.27,0.093,0.048,idle
237.572,13.08,0.090,0.047,idle
237.592,19.26,0.093,0.046,idle
237.612,20.75,0.091,0.048,idle
237.632,11.57,0.092,0.048,idle
237.652,6.22,0.094,0.047,idle
237.672,10.21,0.090,0.046,idle
237.692,23.01,0.093,0.047,idle
237.712,23.10,0.092,0.046,idle
237.732,28.81,0.090,0.047,idle
237.752,18.49,0.093,0.049,idle
237.772,18.49,0.089,0.047,idle
237.792,18.48,0.092,0.047,idle
237.812,18.46,0.093,0.046,idle
237.832,18.69,0.089,0.047,idle
237.852,18.71,0.093,0.048,idle
237.872,18.72,0.091,0.047,idle
237.892,18.71,0.090,0.047,idle
237.912,18.72,0.093,0.045,idle
237.932,18.73,0.091,1.192,idle
237.952,18.75,0.091,1.934,idle
237.972,18.77,0.094,2.083,idle
237.992,18.76,0.089,0.426,idle
238.012,18.77,0.093,3.516,idle
238.032,18.80,0.093,4.013,idle
238.052,18.81,0.090,5.211,idle
238.072,18.81,0.093,2.982,idle
238.092,18.79,0.090,4.430,idle
238.112,18.78,0.091,4.083,idle
238.132,18.78,0.093,4.731,idle
238.152,18.81,0.090,2.681,idle
238.172,18.82,0.092,3.805,idle
238.192,18.81,0.091,0.078,idle
238.212,18.80,0.089,2.993,idle
238.232,18.82,0.093,5.118,idle
238.252,18.82,0.091,0.047,idle
238.272,18.84,0.092,0.063,idle
238.292,18.87,0.093,0.048,idle
238.312,18.87,0.089,0.091,idle
238.332,18.89,0.093,0.080,idle
238.352,18.89,0.092,0.048,idle
238.372,18.85,0.091,0.052,idle
238.392,18.82,0.094,0.047,idle
238.412,18.82,0.092,0.049,idle
238.432,18.88,0.093,0.050,idle
238.452,19.05,0.094,0.047,idle
238.472,17.01,0.090,0.050,idle
238.492,15.75,0.093,0.047,idle
238.512,15.28,0.092,0.048,idle
238.532,5.63,0.091,0.048,idle
238.552,9.53,0.092,0.047,idle
238.572,9.73,0.091,0.047,idle
238.592,3.55,0.092,0.047,idle
238.612,2.09,0.093,0.047,idle
238.632,13.54,0.090,0.046,idle
238.652,18.82,0.094,0.046,idle
238.672,14.82,0.091,0.048,idle
238.692,2.04,0.091,0.046,idle
238.712,1.93,0.094,0.046,idle
238.732,-3.77,0.091,0.049,idle
238.752,6.59,0.094,0.048,idle
238.772,6.57,0.093,0.049,idle
238.792,6.56,0.090,0.048,idle
238.812,6.55,0.093,0.048,idle
238.832,6.35,0.091,0.046,idle
238.852,6.31,0.090,0.052,idle
238.872,6.31,0.093,0.050,idle
238.892,6.32,0.090,0.047,idle
238.912,6.30,0.093,0.049,idle
238.932,6.30,0.093,0.046,idle
238.952,6.28,0.090,0.047,idle
238.972,6.26,0.093,0.052,idle
238.992,6.25,0.092,0.049,idle
239.012,6.22,0.091,0.048,idle
239.032,6.22,0.093,0.045,idle
239.052,6.22,0.091,0.045,idle
239.072,6.22,0.092,0.052,idle
239.092,6.22,0.093,0.051,idle
239.112,6.24,0.090,2.829,idle
239.132,6.23,0.094,0.049,idle
239.152,6.22,0.091,0.046,idle
239.172,6.23,0.091,0.048,idle
239.192,6.22,0.094,0.048,idle
239.212,6.22,0.090,0.046,idle
239.232,6.20,0.094,0.046,idle
239.252,6.21,0.093,0.047,idle
239.272,6.18,0.090,0.047,idle
239.292,6.18,0.093,0.047,idle
239.312,6.18,0.092,0.048,idle
239.332,6.16,0.091,0.048,idle
239.352,6.15,0.094,0.048,idle
239.372,6.19,0.092,0.048,idle
239.392,6.25,0.093,0.047,idle
239.412,6.26,0.094,0.048,idle
239.432,6.19,0.089,0.047,idle
239.452,6.15,0.094,0.048,idle
239.472,6.13,0.092,0.047,idle
239.492,6.18,0.091,0.049,idle
239.512,6.23,0.094,0.047,idle
239.532,6.27,0.091,0.048,idle
239.552,6.24,0.094,0.047,idle
239.572,6.22,0.093,0.047,idle
239.592,6.18,0.090,0.048,idle
239.612,6.15,0.094,0.047,idle
239.632,3.89,0.092,0.047,idle
239.652,3.91,0.092,0.048,idle
239.672,3.92,0.093,0.048,idle
239.692,3.90,0.090,0.047,idle
239.712,3.92,0.093,0.046,idle
239.732,3.92,0.094,0.048,idle
239.752,3.91,0.090,0.048,idle
239.772,3.91,0.092,0.048,idle
239.792,3.92,0.092,0.046,idle
239.812,3.92,0.092,0.047,idle
239.832,3.93,0.094,0.048,idle
239.852,3.93,0.092,0.048,idle
239.872,3.93,0.094,0.047,idle
239.892,3.93,0.092,0.047,idle
239.912,3.94,0.090,0.048,idle
239.932,3.95,0.094,0.047,idle
239.952,3.95,0.091,0.049,idle
239.972,3.96,0.093,0.047,idle
239.992,3.95,0.094,0.048,idle
240.012,3.93,0.090,0.047,idle
240.032,3.97,0.094,0.047,idle
240.052,4.04,0.093,0.046,idle
240.072,4.04,0.091,0.047,idle
240.092,4.05,0.094,0.048,idle
240.112,4.00,0.091,0.048,idle
240.132,4.03,0.092,0.047,idle
240.152,4.11,0.094,0.048,idle
240.172,4.07,0.090,0.047,idle
240.192,4.08,0.093,0.049,idle
240.212,4.10,0.094,0.047,idle
240.232,4.08,0.090,0.048,idle
240.252,4.08,0.094,0.046,idle
240.272,4.07,0.092,0.048,idle
240.292,4.06,0.092,0.045,idle
240.312,4.08,0.093,0.048,idle
240.332,4.07,0.090,0.047,idle
240.352,4.09,0.094,0.049,idle
240.372,4.10,0.093,0.047,idle
240.392,4.81,0.090,0.048,idle
240.412,4.81,0.093,0.046,idle
240.432,5.78,0.091,0.047,idle
240.452,5.80,0.092,0.047,idle
240.472,6.38,0.094,0.050,idle
240.492,8.00,0.089,0.053,idle
240.512,9.35,0.094,0.055,idle
240.532,9.30,0.093,0.047,idle
240.552,9.29,0.090,0.046,idle
240.572,9.34,0.094,0.046,idle
240.592,9.38,0.091,0.050,idle
240.612,9.38,0.093,0.055,idle
240.632,9.41,0.095,0.047,idle
240.652,9.40,0.090,0.047,idle
240.672,9.33,0.092,0.052,idle
240.692,10.18,0.093,0.049,idle
240.712,9.96,0.090,0.049,idle
240.732,10.48,0.093,0.049,idle
240.752,10.48,0.092,0.046,idle
240.772,10.79,0.093,0.048,idle
240.792,11.06,0.094,0.049,idle
240.812,14.65,0.091,0.049,idle
240.832,14.95,0.094,0.048,idle
240.852,14.77,0.094,0.049,idle
240.872,14.85,0.089,2.070,idle
240.892,14.87,0.095,0.054,idle
240.912,15.63,0.092,0.508,idle
240.932,16.37,0.094,0.060,idle
240.952,18.60,0.096,0.364,idle
240.972,20.48,0.091,0.688,idle
240.992,20.78,0.095,0.372,idle
241.012,24.00,0.094,0.073,idle
241.032,24.41,0.092,0.099,idle
241.052,24.13,0.095,0.094,idle
241.072,24.78,0.092,0.050,idle
241.092,25.08,0.094,0.052,idle
241.112,25.58,0.095,0.047,idle
241.132,24.87,0.092,0.058,idle
241.152,29.65,0.095,0.126,idle
241.172,37.63,0.094,0.755,idle
241.192,37.81,0.091,0.249,idle
241.212,38.02,0.096,0.249,idle
241.232,37.15,0.092,0.050,idle
241.252,37.25,0.093,0.272,idle
241.272,37.39,0.096,0.134,idle
241.292,37.46,0.091,1.747,idle
241.312,37.47,0.096,0.238,idle
241.332,35.14,0.095,0.208,idle
241.352,35.10,0.093,0.262,idle
241.372,36.33,0.097,0.053,idle
241.392,35.64,0.093,0.344,idle
241.412,38.46,0.095,0.306,idle
241.432,37.51,0.095,1.133,idle
241.452,37.50,0.092,0.532,idle
241.472,37.91,0.096,0.288,idle
241.492,40.34,0.095,1.158,idle
241.512,31.77,0.092,0.211,idle
241.532,31.80,0.097,0.489,idle
241.552,33.01,0.092,0.676,idle
241.572,34.11,0.095,1.285,idle
241.592,34.39,0.095,0.475,idle
241.612,32.65,0.092,0.388,idle
241.632,31.87,0.094,1.234,idle
241.652,31.88,0.093,2.001,idle
241.672,31.96,0.093,1.199,idle
241.692,31.15,0.096,0.209,idle
241.712,31.37,0.092,1.251,idle
241.732,31.26,0.095,0.250,idle
241.752,32.06,0.096,0.149,idle
241.772,20.60,0.092,0.062,idle
241.792,25.67,0.095,0.051,idle
241.812,22.09,0.093,1.248,idle
241.832,21.79,0.094,0.054,idle
241.852,21.99,0.096,1.412,idle
241.872,21.93,0.093,0.055,idle
241.892,21.92,0.097,1.430,idle
241.912,21.24,0.095,0.049,idle
241.932,20.57,0.092,0.055,idle
241.952,18.33,0.095,0.933,idle
241.972,16.75,0.093,2.055,idle
241.992,16.46,0.093,2.794,idle
242.012,13.30,0.095,0.111,idle
242.032,12.85,0.092,1.285,idle
242.052,13.05,0.094,1.142,idle
242.072,12.46,0.096,0.465,idle
242.092,12.15,0.091,1.209,idle
242.112,11.69,0.094,2.150,idle
242.132,12.40,0.094,0.046,idle
242.152,8.34,0.093,0.049,idle
242.172,0.38,0.095,0.048,idle
242.192,0.18,0.092,0.052,idle
242.212,-0.09,0.095,0.443,idle
242.232,0.88,0.095,0.374,idle
242.252,-0.69,0.092,3.891,idle
242.272,-0.81,0.095,3.371,idle
242.292,0.01,0.094,0.047,idle
242.312,0.36,0.094,0.046,idle
242.332,2.74,0.095,0.047,idle
242.352,2.94,0.092,0.046,idle
242.372,0.60,0.095,0.047,idle
242.392,1.44,0.093,0.067,idle
242.412,-1.36,0.091,0.069,idle
242.432,-1.44,0.095,0.052,idle
242.452,-1.43,0.091,0.359,idle
242.472,-2.42,0.094,0.050,idle
242.492,-6.47,0.094,0.055,idle
242.512,0.78,0.090,0.085,idle
242.532,0.77,0.094,0.053,idle
242.552,-0.42,0.093,0.050,idle
242.572,-1.47,0.092,0.064,idle
242.592,-1.60,0.095,0.060,idle
242.612,0.81,0.092,0.058,idle
242.632,9.29,0.094,0.265,idle
242.652,12.48,0.095,0.072,idle
242.672,12.46,0.091,0.081,idle
242.692,12.43,0.094,0.064,idle
242.712,12.43,0.094,0.170,idle
242.732,12.00,0.090,1.627,idle
242.752,11.19,0.094,0.065,idle
242.772,22.35,0.092,0.984,idle
242.792,17.00,0.092,0.343,idle
242.812,16.99,0.094,0.091,idle
242.832,16.98,0.090,0.165,idle
242.852,16.97,0.093,1.002,idle
242.872,16.94,0.092,0.412,idle
242.892,16.91,0.090,0.046,idle
242.912,16.82,0.094,0.093,idle
242.932,16.75,0.090,0.048,idle
242.952,16.76,0.092,0.054,idle
242.972,16.47,0.094,0.088,idle
242.992,16.47,0.090,0.046,idle
243.012,16.45,0.093,0.050,idle
243.032,16.43,0.093,0.046,idle
243.052,16.43,0.091,0.065,idle
243.072,16.38,0.093,1.245,idle
243.092,16.40,0.090,0.512,idle
243.112,16.42,0.092,2.022,idle
243.132,16.40,0.094,1.814,idle
243.152,15.59,0.090,0.049,idle
243.172,15.61,0.093,0.048,idle
243.192,15.64,0.092,0.047,idle
243.212,15.66,0.090,0.047,idle
243.232,15.60,0.093,0.046,idle
243.252,17.05,0.090,0.047,idle
243.272,17.04,0.092,0.047,idle
243.292,16.16,0.092,0.047,idle
243.312,15.76,0.089,0.047,idle
243.332,15.73,0.092,0.046,idle
243.352,15.55,0.090,0.048,idle
243.372,16.65,0.090,0.046,idle
243.392,15.78,0.094,0.047,idle
243.412,15.75,0.091,0.048,idle
243.432,15.81,0.092,0.046,idle
243.452,15.80,0.094,0.046,idle
243.472,15.78,0.089,0.046,idle
243.492,15.80,0.093,0.047,idle
243.512,15.79,0.092,0.047,idle
243.532,15.81,0.091,0.047,idle
243.552,15.79,0.093,0.046,idle
243.572,15.71,0.091,0.045,idle
243.592,15.55,0.092,0.046,idle
243.612,14.88,0.093,0.048,idle
243.632,7.16,0.088,0.047,idle
243.652,3.97,0.092,0.047,idle
243.672,3.99,0.090,0.047,idle
243.692,4.01,0.091,0.049,idle
243.712,3.98,0.093,0.046,idle
243.732,3.99,0.089,0.048,idle
243.752,3.95,0.092,0.047,idle
243.772,3.99,0.093,0.047,idle
243.792,4.01,0.088,0.047,idle
243.812,4.02,0.094,0.047,idle
243.832,4.03,0.091,0.048,idle
243.852,3.98,0.091,0.047,idle
243.872,3.99,0.094,0.047,idle
243.892,4.03,0.091,0.046,idle
243.912,4.03,0.093,0.046,idle
243.932,4.03,0.093,0.045,idle
243.952,4.03,0.089,0.047,idle
243.972,4.01,0.093,0.046,idle
243.992,3.99,0.090,0.046,idle
244.012,3.99,0.091,0.047,idle
244.032,4.01,0.092,0.047,idle
244.052,4.03,0.089,0.048,idle
244.072,4.02,0.092,0.047,idle
244.092,3.99,0.092,0.046,idle
244.112,3.96,0.089,0.048,idle
244.132,3.96,0.092,0.047,idle
244.152,3.97,0.090,0.047,idle
244.172,3.97,0.091,0.047,idle
244.192,3.98,0.092,0.050,idle
244.212,3.99,0.089,0.046,idle
244.232,3.99,0.092,0.049,idle
244.252,4.00,0.094,0.050,idle
244.272,3.99,0.089,0.045,idle
244.292,3.99,0.094,0.047,idle
244.312,4.02,0.091,0.049,idle
244.332,4.02,0.091,0.049,idle
244.352,4.03,0.094,0.048,idle
244.372,4.03,0.090,0.048,idle
244.392,4.02,0.093,0.047,idle
244.412,4.00,0.093,0.048,idle
244.432,4.00,0.089,0.047,idle
244.452,4.00,0.092,0.049,idle
244.472,4.00,0.090,0.050,idle
244.492,3.98,0.091,0.047,idle
244.512,3.95,0.092,0.047,idle
244.532,3.92,0.089,0.048,idle
244.552,3.92,0.092,0.047,idle
244.572,3.93,0.092,0.047,idle
244.592,3.91,0.089,0.048,idle
244.612,3.90,0.092,0.047,idle
244.632,3.88,0.091,0.045,idle
244.652,3.88,0.092,0.048,idle
244.672,3.87,0.093,0.046,idle
244.692,3.85,0.088,0.047,idle
244.712,3.87,0.093,0.047,idle
244.732,3.89,0.092,0.048,idle
244.752,3.91,0.089,0.050,idle
244.772,3.87,0.093,0.047,idle
244.792,3.85,0.091,0.047,idle
244.812,3.84,0.092,0.046,idle
244.832,3.82,0.092,0.048,idle
244.852,3.87,0.089,0.046,idle
244.872,3.87,0.093,0.045,idle
244.892,3.86,0.090,0.049,idle
244.912,3.84,0.089,0.047,idle
244.932,3.85,0.093,0.047,idle
244.952,3.84,0.089,0.048,idle
244.972,3.85,0.092,0.049,idle
244.992,3.86,0.092,0.047,idle
245.012,3.83,0.089,0.048,idle
245.032,3.84,0.093,0.048,idle
245.052,3.82,0.092,0.048,idle
245.072,3.84,0.090,0.048,idle
245.092,3.84,0.092,0.047,idle
245.112,3.84,0.090,0.047,idle
245.132,3.83,0.092,0.047,idle
245.152,3.84,0.092,0.047,idle
245.172,3.83,0.090,0.047,idle
245.192,3.83,0.093,0.047,idle
245.212,3.83,0.092,0.047,idle
245.232,3.82,0.089,0.048,idle
245.252,3.83,0.093,0.047,idle
245.272,3.83,0.089,0.047,idle
245.292,3.83,0.091,0.047,idle
245.312,3.81,0.094,0.047,idle
245.332,3.81,0.089,0.048,idle
245.352,3.81,0.093,0.048,idle
245.372,3.82,0.092,0.046,idle
245.392,3.81,0.089,0.048,idle
245.412,3.83,0.093,0.046,idle
245.432,3.83,0.090,0.049,idle
245.452,3.84,0.092,0.049,idle
245.472,3.83,0.093,0.048,idle
245.492,3.83,0.090,0.048,idle
245.512,3.85,0.094,0.046,idle
245.532,3.87,0.092,0.047,idle
245.552,3.89,0.090,0.048,idle
245.572,3.93,0.093,0.047,idle
245.592,3.99,0.091,0.047,idle
245.612,3.98,0.093,0.048,idle
245.632,3.94,0.093,0.046,idle
245.652,3.92,0.089,0.047,idle
245.672,3.90,0.092,0.048,idle
245.692,3.91,0.091,0.047,idle
245.712,3.94,0.090,0.047,idle
245.732,3.90,0.092,0.047,idle
245.752,3.91,0.090,0.047,idle
245.772,3.94,0.091,0.046,idle
245.792,3.94,0.093,0.048,idle
245.812,3.98,0.089,0.048,idle
245.832,3.98,0.093,0.046,idle
245.852,3.95,0.091,0.045,idle
245.872,3.95,0.090,0.049,idle
245.892,3.93,0.093,0.046,idle
245.912,3.93,0.090,0.047,idle
245.932,3.93,0.093,0.046,idle
245.952,3.93,0.094,0.049,idle
245.972,3.94,0.089,0.048,idle
245.992,3.97,0.092,0.046,idle
246.012,3.97,0.092,0.046,idle
246.032,3.97,0.090,0.047,idle
246.052,3.97,0.094,0.052,idle
246.072,3.96,0.091,0.046,idle
246.092,3.97,0.092,0.047,idle
246.112,4.01,0.091,0.049,idle
246.132,4.00,0.088,0.048,idle
246.152,3.99,0.093,0.051,idle
246.172,3.99,0.091,0.049,idle
246.192,3.98,0.091,0.046,idle
246.212,3.99,0.091,0.050,idle
246.232,4.00,0.089,0.051,idle
246.252,3.99,0.092,0.045,idle
246.272,4.01,0.093,0.049,idle
246.292,4.00,0.089,0.046,idle
246.312,4.00,0.093,0.047,idle
246.332,3.97,0.090,0.049,idle
246.352,3.96,0.091,0.046,idle
246.372,3.96,0.094,0.047,idle
246.392,3.97,0.090,0.048,idle
246.412,3.96,0.091,0.048,idle
246.432,3.97,0.092,0.047,idle
246.452,3.95,0.090,0.046,idle
246.472,3.97,0.092,0.046,idle
246.492,3.98,0.091,0.046,idle
246.512,3.98,0.091,0.048,idle
246.532,3.99,0.093,0.048,idle
246.552,3.98,0.089,0.046,idle
246.572,3.94,0.093,0.049,idle
246.592,3.90,0.092,0.046,idle
246.612,3.92,0.089,0.047,idle
246.632,3.97,0.093,0.046,idle
246.652,3.99,0.091,0.050,idle
246.672,4.03,0.091,0.048,idle
246.692,4.01,0.094,0.048,idle
246.712,4.00,0.090,0.046,idle
246.732,4.03,0.092,0.048,idle
246.752,4.02,0.093,0.046,idle
246.772,3.97,0.088,0.047,idle
246.792,3.96,0.093,0.046,idle
246.812,3.91,0.091,0.048,idle
246.832,3.95,0.091,0.047,idle
246.852,3.99,0.093,0.046,idle
246.872,4.02,0.089,0.047,idle
246.892,4.01,0.092,0.047,idle
246.912,4.03,0.092,0.046,idle
246.932,4.05,0.089,0.048,idle
246.952,4.05,0.093,0.047,idle
246.972,4.04,0.090,0.046,idle
246.992,4.03,0.091,0.047,idle
247.012,4.04,0.094,0.047,idle
247.032,4.04,0.089,0.048,idle
247.052,4.04,0.092,0.047,idle
247.072,4.06,0.092,0.046,idle
247.092,4.04,0.088,0.046,idle
247.112,4.01,0.092,0.046,idle
247.132,4.03,0.091,0.048,idle
247.152,4.03,0.091,0.048,idle
247.172,4.02,0.093,0.049,idle
247.192,4.02,0.089,0.048,idle
247.212,4.02,0.091,0.047,idle
247.232,4.01,0.092,0.047,idle
247.252,3.98,0.088,0.048,idle
247.272,3.98,0.092,0.047,idle
247.292,3.99,0.090,0.048,idle
247.312,4.00,0.091,0.048,idle
247.332,4.04,0.093,0.050,idle
247.352,4.05,0.089,0.046,idle
247.372,4.04,0.092,0.049,idle
247.392,4.05,0.091,0.052,idle
247.412,4.04,0.091,0.049,idle
247.432,4.02,0.092,0.048,idle
247.452,4.02,0.090,0.048,idle
247.472,4.02,0.092,0.046,idle
247.492,4.02,0.092,0.048,idle
247.512,4.01,0.090,0.049,idle
247.532,4.00,0.093,0.048,idle
247.552,4.00,0.091,0.047,idle
247.572,3.99,0.089,0.046,idle
247.592,3.99,0.093,0.047,idle
247.612,3.97,0.090,0.048,idle
247.632,3.98,0.091,0.045,idle
247.652,3.98,0.091,0.047,idle
247.672,3.97,0.090,0.050,idle
247.692,3.99,0.092,0.047,idle
247.712,3.96,0.089,0.046,idle
247.732,3.95,0.089,0.044,idle
247.752,3.94,0.092,0.045,idle
247.772,3.96,0.090,0.046,idle
247.792,3.97,0.092,0.046,idle
247.812,3.99,0.092,0.047,idle
247.832,3.97,0.090,0.046,idle
247.852,3.95,0.093,0.046,idle
247.872,3.90,0.091,0.045,idle
247.892,3.94,0.090,0.047,idle
247.912,3.91,0.093,0.046,idle
247.932,3.87,0.091,0.047,idle
247.952,3.87,0.093,0.047,idle
247.972,3.88,0.092,0.048,idle
247.992,3.88,0.090,0.047,idle
248.012,3.89,0.093,0.047,idle
248.032,3.90,0.090,0.046,idle
248.052,3.88,0.090,0.049,idle
248.072,3.87,0.091,0.046,idle
248.092,3.88,0.089,0.047,idle
248.112,3.87,0.091,0.046,idle
248.132,3.85,0.091,0.046,idle
248.152,3.85,0.089,0.046,idle
248.172,3.85,0.092,0.047,idle
248.192,3.86,0.090,0.047,idle
248.212,3.85,0.090,0.048,idle
248.232,3.84,0.092,0.048,idle
248.252,3.87,0.090,0.047,idle
248.272,3.86,0.092,0.048,idle
248.292,3.87,0.091,0.047,idle
248.312,3.85,0.090,0.048,idle
248.332,3.86,0.092,0.047,idle
248.352,3.86,0.090,0.046,idle
248.372,3.86,0.091,0.048,idle
248.392,3.85,0.092,0.046,idle
248.412,3.86,0.090,0.046,idle
248.432,3.87,0.091,0.047,idle
248.452,3.89,0.091,0.047,idle
248.472,3.89,0.090,0.048,idle
248.492,3.90,0.093,0.047,idle
248.512,3.90,0.089,0.045,idle
248.532,3.92,0.091,0.047,idle
248.552,3.92,0.090,0.048,idle
248.572,3.91,0.090,0.047,idle
248.592,3.90,0.092,0.050,idle
248.612,3.91,0.090,0.047,idle
248.632,3.90,0.090,0.048,idle
248.652,3.92,0.092,0.049,idle
248.672,3.93,0.089,0.046,idle
248.692,3.91,0.091,0.044,idle
248.712,3.92,0.091,0.047,idle
248.732,3.92,0.090,0.048,idle
248.752,3.91,0.092,0.047,idle
248.772,3.92,0.090,0.046,idle
248.792,3.92,0.091,0.045,idle
248.812,3.93,0.093,0.046,idle
248.832,3.93,0.088,0.048,idle
248.852,3.93,0.092,0.047,idle
248.872,3.94,0.092,0.046,idle
248.892,3.92,0.090,0.048,idle
248.912,3.96,0.092,0.047,idle
248.932,3.95,0.090,0.047,idle
248.952,3.95,0.091,0.046,idle
248.972,3.95,0.093,0.047,idle
248.992,3.96,0.088,0.048,idle
249.012,3.96,0.093,0.046,idle
249.032,3.95,0.091,0.046,idle
249.052,3.96,0.090,0.048,idle
249.072,3.94,0.093,0.047,idle
249.092,3.89,0.090,0.045,idle
249.112,3.94,0.093,0.049,idle
249.132,3.98,0.092,0.049,idle
249.152,3.99,0.089,0.047,idle
249.172,4.02,0.092,0.049,idle
249.192,4.02,0.090,0.049,idle
249.212,4.00,0.091,0.049,idle
249.232,3.99,0.093,0.049,idle
249.252,3.96,0.090,0.049,idle
249.272,3.97,0.093,0.049,idle
249.292,3.98,0.092,0.047,idle
249.312,3.99,0.090,0.049,idle
249.332,3.96,0.092,0.048,idle
249.352,3.95,0.091,0.048,idle
249.372,3.95,0.091,0.048,idle
249.392,3.96,0.093,0.047,idle
249.412,3.95,0.089,0.047,idle
249.432,3.95,0.093,0.049,idle
249.452,3.94,0.093,0.048,idle
249.472,3.94,0.089,0.048,idle
249.492,3.92,0.093,0.045,idle
249.512,3.92,0.090,0.048,idle
249.532,3.91,0.092,0.047,idle
249.552,3.90,0.093,0.049,idle
249.572,3.90,0.088,0.051,idle
249.592,3.91,0.092,0.046,idle
249.612,3.90,0.092,0.046,idle
249.632,3.90,0.089,0.045,idle
249.652,3.89,0.092,0.048,idle
249.672,3.90,0.090,0.050,idle
249.692,3.90,0.091,0.049,idle
249.712,3.92,0.092,0.049,idle
249.732,3.93,0.088,0.047,idle
249.752,3.96,0.094,0.048,idle
249.772,3.95,0.092,0.048,idle
249.792,3.93,0.091,0.047,idle
249.812,3.91,0.093,0.048,idle
249.832,3.91,0.091,0.048,idle
249.852,3.91,0.093,0.047,idle
249.872,3.90,0.092,0.048,idle
249.892,3.92,0.089,0.049,idle
249.912,3.91,0.093,0.047,idle
249.932,3.94,0.092,0.046,idle
249.952,3.94,0.090,0.046,idle
249.972,3.93,0.093,0.048,idle
249.992,3.91,0.089,0.048,idle
250.012,3.89,0.092,0.047,idle
250.032,3.89,0.093,0.046,idle
250.052,3.88,0.088,0.048,idle
250.072,3.91,0.092,0.049,idle
250.092,3.98,0.090,0.049,idle
250.112,3.98,0.089,0.047,idle
250.132,3.95,0.093,0.048,idle
250.152,3.93,0.090,0.045,idle
250.172,3.91,0.092,0.048,idle
250.192,3.90,0.092,0.048,idle
250.212,3.92,0.090,0.047,idle
250.232,3.92,0.092,0.045,idle
250.252,3.96,0.091,0.047,idle
250.272,3.94,0.090,0.048,idle
250.292,3.93,0.094,0.047,idle
250.312,3.92,0.089,0.047,idle
250.332,3.93,0.092,0.046,idle
250.352,3.93,0.093,0.047,idle
250.372,3.92,0.089,0.047,idle
250.392,3.92,0.093,0.047,idle
250.412,3.91,0.092,0.047,idle
250.432,3.93,0.090,0.045,idle
250.452,3.93,0.092,0.048,idle
250.472,3.92,0.089,0.047,idle
250.492,3.94,0.091,0.047,idle
250.512,3.94,0.092,0.048,idle
250.532,3.93,0.089,0.047,idle
250.552,3.92,0.092,0.048,idle
250.572,3.91,0.091,0.048,idle
250.592,3.89,0.090,0.045,idle
250.612,3.89,0.093,0.046,idle
250.632,3.90,0.089,0.048,idle
250.652,3.90,0.092,0.048,idle
250.672,3.89,0.092,0.047,idle
250.692,3.90,0.090,0.048,idle
250.712,3.90,0.092,0.048,idle
250.732,3.91,0.092,0.046,idle
250.752,3.87,0.090,0.049,idle
250.772,3.88,0.093,0.046,idle
250.792,3.89,0.089,0.047,idle
250.812,3.87,0.091,0.048,idle
250.832,3.88,0.092,0.048,idle
250.852,3.88,0.088,0.047,idle
250.872,3.88,0.092,0.048,idle
250.892,3.87,0.091,0.046,idle
250.912,3.87,0.090,0.046,idle
250.932,3.86,0.093,0.046,idle
250.952,3.86,0.090,0.044,idle
250.972,3.86,0.092,0.046,idle
250.992,3.89,0.093,0.048,idle
251.012,3.89,0.088,0.048,idle
251.032,3.91,0.093,0.047,idle
251.052,3.91,0.089,0.047,idle
251.072,3.92,0.092,0.048,idle
251.092,3.91,0.093,0.047,idle
251.112,3.88,0.089,0.046,idle
251.132,3.92,0.092,0.047,idle
251.152,3.95,0.091,0.047,idle
251.172,3.89,0.090,0.047,idle
251.192,3.85,0.092,0.047,idle
251.212,3.85,0.089,0.047,idle
251.232,3.87,0.091,0.046,idle
251.252,3.91,0.092,0.046,idle
251.272,3.90,0.088,0.047,idle
251.292,3.85,0.093,0.048,idle
251.312,3.89,0.092,0.047,idle
251.332,3.89,0.089,0.046,idle
251.352,3.89,0.092,0.046,idle
251.372,3.93,0.089,0.047,idle
251.392,3.90,0.090,0.047,idle
251.412,3.92,0.093,0.047,idle
251.432,3.93,0.089,0.047,idle
251.452,3.90,0.092,0.046,idle
251.472,3.90,0.092,0.048,idle
251.492,3.89,0.090,0.047,idle
251.512,3.87,0.093,0.046,idle
251.532,3.87,0.091,0.047,idle
251.552,3.86,0.091,0.049,idle
251.572,3.88,0.093,0.047,idle
251.592,3.88,0.089,0.046,idle
251.612,3.90,0.092,0.046,idle
251.632,3.89,0.091,0.045,idle
251.652,3.89,0.089,0.049,idle
251.672,3.88,0.092,0.052,idle
251.692,3.87,0.089,0.048,idle
251.712,3.85,0.091,0.049,idle
251.732,3.84,0.093,0.046,idle
251.752,3.86,0.088,0.046,idle
251.772,3.85,0.091,0.051,idle
251.792,3.88,0.090,0.047,idle
251.812,3.89,0.090,0.045,idle
251.832,3.90,0.092,0.047,idle
251.852,3.90,0.090,0.045,idle
251.872,3.88,0.092,0.049,idle
251.892,3.87,0.092,0.047,idle
251.912,3.88,0.088,0.046,idle
251.932,3.89,0.093,0.050,idle
251.952,3.88,0.091,0.048,idle
251.972,3.88,0.090,0.047,idle
251.992,3.85,0.092,0.046,idle
252.012,3.82,0.090,0.048,idle
252.032,3.81,0.091,0.046,idle
252.052,3.81,0.093,0.048,idle
252.072,3.80,0.088,0.047,idle
252.092,3.79,0.091,0.046,idle
252.112,3.80,0.091,0.047,idle
252.132,3.77,0.090,0.048,idle
252.152,3.75,0.093,0.048,idle
252.172,3.79,0.089,0.048,idle
252.192,3.82,0.091,0.047,idle
252.212,3.82,0.093,0.048,idle
252.232,3.82,0.089,0.047,idle
252.252,3.78,0.092,0.048,idle
252.272,3.81,0.092,0.048,idle
252.292,3.85,0.090,0.047,idle
252.312,3.82,0.093,0.048,idle
252.332,3.83,0.090,0.047,idle
252.352,3.84,0.092,0.046,idle
252.372,3.80,0.091,0.048,idle
252.392,3.82,0.089,0.045,idle
252.412,3.80,0.092,0.049,idle
252.432,3.79,0.089,0.048,idle
252.452,3.81,0.090,0.047,idle
252.472,3.81,0.092,0.048,idle
252.492,3.82,0.088,0.048,idle
252.512,3.87,0.091,0.049,idle
252.532,3.88,0.092,0.048,idle
252.552,3.86,0.088,0.048,idle
252.572,3.88,0.093,0.049,idle
252.592,3.93,0.091,0.048,idle
252.612,3.92,0.090,0.047,idle
252.632,3.93,0.094,0.046,idle
252.652,3.90,0.090,0.047,idle
252.672,3.88,0.093,0.048,idle
252.692,3.88,0.092,0.047,idle
252.712,3.92,0.089,0.046,idle
252.732,3.92,0.092,0.046,idle
252.752,3.91,0.091,0.047,idle
252.772,3.92,0.090,0.046,idle
252.792,3.91,0.093,0.046,idle
252.812,3.90,0.089,0.046,idle
252.832,3.88,0.091,0.046,idle
252.852,3.88,0.091,0.048,idle
252.872,3.89,0.089,0.048,idle
252.892,3.89,0.092,0.046,idle
252.912,3.87,0.090,0.047,idle
252.932,3.84,0.091,0.047,idle
252.952,3.85,0.092,0.046,idle
252.972,3.85,0.088,0.045,idle
252.992,3.87,0.092,0.047,idle
253.012,3.91,0.092,0.045,idle
253.032,3.90,0.089,0.048,idle
253.052,3.91,0.092,0.047,idle
253.072,3.90,0.091,0.044,idle
253.092,3.90,0.091,0.048,idle
253.112,3.90,0.091,0.047,idle
253.132,3.90,0.089,0.047,idle
253.152,3.88,0.092,0.049,idle
253.172,3.91,0.092,0.048,idle
253.192,3.91,0.090,0.045,idle
253.212,3.91,0.093,0.044,idle
253.232,3.91,0.089,0.046,idle
253.252,3.93,0.091,0.048,idle
253.272,3.93,0.093,0.048,idle
253.292,3.92,0.088,0.048,idle
253.312,3.92,0.091,0.047,idle
253.332,3.91,0.091,0.048,idle
253.352,3.91,0.088,0.047,idle
253.372,3.92,0.093,0.046,idle
253.392,3.93,0.090,0.047,idle
253.412,3.93,0.091,0.049,idle
253.432,3.91,0.093,0.046,idle
253.452,3.91,0.089,0.046,idle
253.472,3.92,0.092,0.047,idle
253.492,3.92,0.092,0.048,idle
253.512,3.87,0.090,0.048,idle
253.532,3.86,0.093,0.046,idle
253.552,3.90,0.090,0.046,idle
253.572,3.87,0.091,0.048,idle
253.592,3.82,0.092,0.048,idle
253.612,3.82,0.088,0.047,idle
253.632,3.81,0.092,0.047,idle
253.652,3.84,0.091,0.046,idle
253.672,3.87,0.090,0.049,idle
253.692,3.86,0.094,0.047,idle
253.712,3.84,0.089,0.047,idle
253.732,3.84,0.092,0.046,idle
253.752,3.85,0.092,0.047,idle
253.772,3.85,0.087,0.047,idle
253.792,3.86,0.093,0.046,idle
253.812,3.86,0.091,0.047,idle
253.832,3.87,0.089,0.048,idle
253.852,3.87,0.095,0.046,idle
253.872,3.87,0.090,0.046,idle
253.892,3.87,0.092,0.048,idle
253.912,3.86,0.093,0.048,idle
253.932,3.87,0.089,0.046,idle
253.952,3.87,0.092,0.047,idle
253.972,3.86,0.092,0.047,idle
253.992,3.84,0.090,0.048,idle
254.012,3.83,0.093,0.047,idle
254.032,3.83,0.090,0.046,idle
254.052,3.83,0.091,0.048,idle
254.072,3.83,0.092,0.049,idle
254.092,3.82,0.089,0.049,idle
254.112,3.82,0.093,0.047,idle
254.132,3.82,0.090,0.047,idle
254.152,3.83,0.090,0.048,idle
254.172,3.80,0.093,0.047,idle
254.192,3.81,0.090,0.047,idle
254.212,3.81,0.092,0.047,idle
254.232,3.81,0.093,0.047,idle
254.252,3.78,0.088,0.046,idle
254.272,3.78,0.092,0.048,idle
254.292,3.80,0.090,0.049,idle
254.312,3.79,0.090,0.048,idle
254.332,3.78,0.093,0.050,idle
254.352,3.79,0.089,0.045,idle
254.372,3.78,0.092,0.047,idle
254.392,3.77,0.092,0.050,idle
254.412,3.74,0.089,0.048,idle
254.432,3.72,0.092,0.048,idle
254.452,3.73,0.090,0.047,idle
254.472,3.74,0.090,0.049,idle
254.492,3.70,0.092,0.048,idle
254.512,3.76,0.088,0.047,idle
254.532,3.77,0.093,0.048,idle
254.552,3.74,0.091,0.048,idle
254.572,3.74,0.089,0.048,idle
254.592,3.73,0.091,0.047,idle
254.612,3.75,0.091,0.047,idle
254.632,3.75,0.091,0.047,idle
254.652,3.75,0.093,0.048,idle
254.672,3.74,0.089,0.048,idle
254.692,3.75,0.093,0.048,idle
254.712,3.75,0.093,0.047,idle
254.732,3.74,0.089,0.047,idle
254.752,3.74,0.093,0.046,idle
254.772,3.74,0.090,0.046,idle
254.792,3.72,0.090,0.046,idle
254.812,3.75,0.093,0.049,idle
254.832,3.76,0.089,0.048,idle
254.852,3.76,0.091,0.047,idle
254.872,3.76,0.092,0.047,idle
254.892,3.77,0.088,0.050,idle
254.912,3.77,0.093,0.051,idle
254.932,3.81,0.090,0.047,idle
254.952,3.80,0.092,0.044,idle
254.972,3.81,0.092,0.046,idle
254.992,3.82,0.088,0.045,idle
255.011,3.82,0.093,0.049,idle
255.031,3.83,0.092,0.047,idle
255.051,3.81,0.089,0.047,idle
255.071,3.82,0.093,0.047,idle
255.091,3.83,0.090,0.047,idle
255.111,3.80,0.091,0.045,idle
255.131,3.79,0.093,0.046,idle
255.151,3.79,0.089,0.046,idle
255.171,3.80,0.092,0.047,idle
255.191,3.81,0.092,0.048,idle
255.211,3.81,0.090,0.048,idle
255.231,3.80,0.092,0.048,idle
255.251,3.79,0.091,0.048,idle
255.271,3.77,0.091,0.047,idle
255.291,3.77,0.092,0.046,idle
255.311,3.76,0.089,0.048,idle
255.331,3.76,0.092,0.047,idle
255.351,3.76,0.090,0.046,idle
255.371,3.77,0.089,0.045,idle
255.391,3.80,0.092,0.047,idle
255.411,3.81,0.089,0.045,idle
255.431,3.85,0.092,0.047,idle
255.451,3.83,0.093,0.047,idle
255.471,3.82,0.090,0.047,idle
255.491,3.84,0.092,0.046,idle
255.511,3.80,0.091,0.047,idle
255.531,3.79,0.089,0.047,idle
255.551,3.80,0.092,0.047,idle
255.571,3.81,0.090,0.046,idle
255.591,3.82,0.092,0.046,idle
255.611,3.82,0.093,0.047,idle
255.631,3.80,0.089,0.047,idle
255.651,3.80,0.092,0.048,idle
255.671,3.80,0.091,0.047,idle
255.691,3.78,0.089,0.047,idle
255.711,3.80,0.093,0.048,idle
255.731,3.80,0.090,0.046,idle
255.751,3.79,0.091,0.047,idle
255.771,3.78,0.093,0.047,idle
255.791,3.77,0.089,0.047,idle
255.811,3.75,0.093,0.047,idle
255.831,3.76,0.091,0.047,idle
255.851,3.75,0.089,0.046,idle
255.871,3.77,0.093,0.047,idle
255.891,3.77,0.089,0.047,idle
255.911,3.76,0.091,0.047,idle
255.931,3.74,0.092,0.047,idle
255.951,3.72,0.088,0.046,idle
255.971,3.72,0.092,0.045,idle
255.991,3.72,0.091,0.046,idle
256.011,3.73,0.090,0.046,idle
256.031,3.73,0.093,0.043,idle
256.051,3.73,0.090,0.045,idle
256.071,3.72,0.091,0.044,idle
256.091,3.72,0.092,0.045,idle
256.111,3.73,0.089,0.045,idle
256.131,3.75,0.094,0.046,idle
256.151,3.75,0.091,0.046,idle
256.171,3.76,0.091,0.044,idle
256.191,3.76,0.093,0.046,idle
256.211,3.76,0.089,0.046,idle
256.231,3.76,0.092,0.046,idle
256.251,3.78,0.092,0.045,idle
256.271,3.78,0.088,0.048,idle
256.291,3.79,0.093,0.047,idle
256.311,3.79,0.091,0.047,idle
256.331,3.81,0.090,0.048,idle
256.351,3.80,0.094,0.045,idle
256.371,3.79,0.090,0.047,idle
256.391,3.77,0.091,0.049,idle
256.411,3.78,0.092,0.046,idle
256.431,3.77,0.089,0.047,idle
256.451,3.78,0.091,0.048,idle
256.471,3.78,0.090,0.046,idle
256.491,3.78,0.091,0.046,idle
256.511,3.79,0.093,0.047,idle
256.531,3.80,0.089,0.046,idle
256.551,3.81,0.092,0.045,idle
256.571,3.80,0.092,0.046,idle
256.591,3.80,0.090,0.046,idle
256.611,3.82,0.094,0.048,idle
256.631,3.83,0.090,0.048,idle
256.651,3.83,0.091,0.046,idle
256.671,3.84,0.093,0.046,idle
256.691,3.81,0.089,0.046,idle
256.711,3.79,0.093,0.047,idle
256.731,3.73,0.092,0.048,idle
256.751,3.75,0.089,0.048,idle
256.771,3.78,0.092,0.046,idle
256.791,3.81,0.091,0.047,idle
256.811,3.83,0.091,0.047,idle
256.831,3.75,0.093,0.047,idle
256.851,3.76,0.088,0.047,idle
256.871,3.78,0.092,0.047,idle
256.891,3.74,0.092,0.046,idle
256.911,3.76,0.090,0.049,idle
256.931,3.78,0.092,0.046,idle
256.951,3.78,0.090,0.046,idle
256.971,3.79,0.090,0.047,idle
256.991,3.78,0.093,0.047,idle
257.011,3.77,0.089,0.047,idle
257.031,3.80,0.091,0.048,idle
257.051,3.80,0.093,0.047,idle
257.071,3.80,0.089,0.046,idle
257.091,3.82,0.092,0.048,idle
257.111,3.81,0.091,0.047,idle
257.131,3.80,0.090,0.047,idle
257.151,3.80,0.093,0.047,idle
257.171,3.78,0.088,0.047,idle
257.191,3.78,0.092,0.045,idle
257.211,3.77,0.091,0.052,idle
257.231,3.76,0.089,0.052,idle
257.251,3.76,0.093,0.047,idle
257.271,3.76,0.091,0.048,idle
257.291,3.75,0.091,0.046,idle
257.311,3.74,0.092,0.051,idle
257.331,3.72,0.090,0.052,idle
257.351,3.73,0.094,0.047,idle
257.371,3.75,0.092,0.046,idle
257.391,3.74,0.090,0.047,idle
257.411,3.74,0.093,0.046,idle
257.431,3.76,0.091,0.047,idle
257.451,3.76,0.090,0.046,idle
257.471,3.75,0.094,0.046,idle
257.491,3.75,0.089,0.047,idle
257.511,3.75,0.093,0.047,idle
257.531,3.75,0.092,0.046,idle
257.551,3.74,0.089,0.048,idle
257.571,3.75,0.093,0.047,idle
257.591,3.75,0.090,0.047,idle
257.611,3.74,0.090,0.049,idle
257.631,3.73,0.093,0.048,idle
257.651,3.73,0.089,0.046,idle
257.671,3.74,0.091,0.046,idle
257.691,3.76,0.090,0.046,idle
257.711,3.76,0.089,0.046,idle
257.731,3.81,0.092,0.046,idle
257.751,3.79,0.090,0.047,idle
257.771,3.76,0.092,0.047,idle
257.791,3.75,0.092,0.047,idle
257.811,3.74,0.089,0.048,idle
257.831,3.79,0.092,0.047,idle
257.851,3.79,0.091,0.046,idle
257.871,3.76,0.090,0.046,idle
257.891,3.78,0.093,0.049,idle
257.911,3.79,0.090,0.047,idle
257.931,3.76,0.092,0.048,idle
257.951,3.77,0.093,0.047,idle
257.971,3.77,0.090,0.047,idle
257.991,3.79,0.092,0.048,idle
258.011,3.80,0.091,0.048,idle
258.031,3.78,0.090,0.049,idle
258.051,3.78,0.092,0.045,idle
258.071,3.78,0.090,0.046,idle
258.091,3.78,0.091,0.047,idle
258.111,3.79,0.093,0.046,idle
258.131,3.81,0.089,0.047,idle
258.151,3.81,0.091,0.047,idle
258.171,3.81,0.090,0.047,idle
258.191,3.78,0.089,0.046,idle
258.211,3.77,0.093,0.048,idle
258.231,3.80,0.091,0.045,idle
258.251,3.80,0.092,0.046,idle
258.271,3.77,0.093,0.047,idle
258.291,3.79,0.089,0.047,idle
258.311,3.78,0.092,0.045,idle
258.331,3.80,0.091,0.048,idle
258.351,3.79,0.090,0.045,idle
258.371,3.77,0.092,0.047,idle
258.391,3.78,0.091,0.046,idle
258.411,3.77,0.092,0.047,idle
258.431,3.75,0.092,0.047,idle
258.451,3.75,0.089,0.045,idle
258.471,3.74,0.092,0.047,idle
258.491,3.74,0.090,0.048,idle
258.511,3.75,0.090,0.046,idle
258.531,3.75,0.093,0.047,idle
258.551,3.73,0.089,0.047,idle
258.571,3.73,0.092,0.047,idle
258.591,3.74,0.092,0.046,idle
258.611,3.74,0.088,0.046,idle
258.631,3.73,0.092,0.048,idle
258.651,3.72,0.091,0.046,idle
258.671,3.70,0.090,0.048,idle
258.691,3.70,0.092,0.048,idle
258.711,3.71,0.091,0.047,idle
258.731,3.72,0.092,0.045,idle
258.751,3.72,0.091,0.047,idle
258.771,3.72,0.088,0.047,idle
258.791,3.71,0.093,0.046,idle
258.811,3.71,0.090,0.047,idle
258.831,3.70,0.089,0.048,idle
258.851,3.71,0.093,0.047,idle
258.871,3.70,0.089,0.047,idle
258.891,3.70,0.091,0.049,idle
258.911,3.72,0.092,0.049,idle
258.931,3.73,0.089,0.049,idle
258.951,3.73,0.091,0.046,idle
258.971,3.72,0.091,0.047,idle
258.991,3.70,0.090,0.048,idle
259.011,3.71,0.092,0.047,idle
259.031,3.70,0.090,0.047,idle
259.051,3.70,0.092,0.046,idle
259.071,3.71,0.092,0.047,idle
259.091,3.71,0.089,0.046,idle
259.111,3.71,0.092,0.049,idle
259.131,3.68,0.089,0.047,idle
259.151,3.68,0.091,0.048,idle
259.171,3.68,0.092,0.047,idle
259.191,3.71,0.089,0.047,idle
259.211,3.72,0.092,0.047,idle
259.231,3.70,0.092,0.048,idle
259.251,3.70,0.088,0.046,idle
259.271,3.73,0.091,0.046,idle
259.291,3.72,0.089,0.048,idle
259.311,3.72,0.090,0.047,idle
259.331,3.73,0.093,0.049,idle
259.351,3.72,0.089,0.048,idle
259.371,3.73,0.093,0.048,idle
259.391,3.74,0.091,0.048,idle
259.411,3.76,0.089,0.048,idle
259.431,3.76,0.092,0.048,idle
259.451,3.76,0.091,0.047,idle
259.471,3.78,0.091,0.047,idle
259.491,3.78,0.093,0.047,idle
259.511,3.78,0.089,0.048,idle
259.531,3.81,0.093,0.048,idle
259.551,3.83,0.090,0.048,idle
259.571,3.82,0.089,0.047,idle
259.591,3.81,0.091,0.047,idle
259.611,3.81,0.090,0.049,idle
259.631,3.81,0.090,0.047,idle
259.651,3.83,0.093,0.047,idle
259.671,3.82,0.089,0.047,idle
259.691,3.82,0.091,0.047,idle
259.711,3.83,0.092,0.047,idle
259.731,3.82,0.089,0.047,idle
259.751,3.81,0.092,0.047,idle
259.771,3.77,0.089,0.048,idle
259.791,3.80,0.091,0.047,idle
259.811,3.77,0.092,0.046,idle
259.831,3.76,0.091,0.046,idle
259.851,3.80,0.093,0.047,idle
259.871,3.82,0.092,0.048,idle
259.891,3.82,0.089,0.046,idle
259.911,3.80,0.093,0.048,idle
259.931,3.77,0.090,0.046,idle
259.951,3.76,0.091,0.048,idle
259.971,3.78,0.093,0.046,idle
259.991,3.77,0.089,0.047,idle
260.011,3.77,0.093,0.046,idle
260.031,3.77,0.090,0.048,idle
260.051,3.75,0.089,0.046,idle
260.071,3.74,0.093,0.047,idle
260.091,3.75,0.089,0.048,idle
260.111,3.75,0.091,0.046,idle
260.131,3.76,0.093,0.046,idle
260.151,3.76,0.089,0.047,idle
260.171,3.74,0.092,0.047,idle
260.191,3.73,0.092,0.045,idle
260.211,3.74,0.090,0.048,idle
260.231,3.75,0.093,0.048,idle
260.251,3.75,0.091,0.051,idle
260.271,3.76,0.091,0.049,idle
260.291,3.76,0.093,0.047,idle
260.311,3.76,0.089,0.044,idle
260.331,3.76,0.093,0.045,idle
260.351,3.77,0.090,0.048,idle
260.371,3.76,0.090,0.049,idle
260.391,3.75,0.093,0.048,idle
260.411,3.75,0.089,0.049,idle
260.431,3.75,0.092,0.047,idle
260.451,3.75,0.092,0.046,idle
260.471,3.73,0.088,0.046,idle
260.491,3.72,0.091,0.049,idle
260.511,3.70,0.090,0.047,idle
260.531,3.70,0.090,0.047,idle
260.551,3.70,0.092,0.048,idle
260.571,3.69,0.089,0.046,idle
260.591,3.70,0.092,0.045,idle
260.611,3.68,0.092,0.047,idle
260.631,3.68,0.089,0.047,idle
260.651,3.67,0.092,0.047,idle
260.671,3.69,0.091,0.046,idle
260.691,3.71,0.091,0.047,idle
260.711,3.69,0.093,0.046,idle
260.731,3.70,0.089,0.046,idle
260.751,3.73,0.092,0.047,idle
260.771,3.75,0.093,0.045,idle
260.791,3.74,0.089,0.047,idle
260.811,3.75,0.092,0.046,idle
260.831,3.77,0.091,0.048,idle
260.851,3.74,0.089,0.046,idle
260.871,3.71,0.092,0.048,idle
260.891,3.71,0.089,0.047,idle
260.911,3.71,0.090,0.046,idle
260.931,3.73,0.092,0.047,idle
260.951,3.76,0.088,0.047,idle
260.971,3.73,0.092,0.048,idle
260.991,3.75,0.091,0.048,idle
261.011,3.74,0.090,0.047,idle
261.031,3.75,0.093,0.047,idle
261.051,3.76,0.090,0.048,idle
261.071,3.76,0.093,0.049,idle
261.091,3.74,0.092,0.048,idle
261.111,3.73,0.089,0.046,idle
261.131,3.74,0.093,0.046,idle
261.151,3.75,0.090,0.046,idle
261.171,3.77,0.091,0.046,idle
261.191,3.78,0.092,0.046,idle
261.211,3.79,0.090,0.045,idle
261.231,3.77,0.093,0.047,idle
261.251,3.75,0.091,0.047,idle
261.271,3.74,0.089,0.049,idle
261.291,3.73,0.091,0.047,idle
261.311,3.75,0.090,0.048,idle
261.331,3.73,0.090,0.047,idle
261.351,3.72,0.093,0.045,idle
261.371,3.71,0.089,0.047,idle
261.391,3.71,0.091,0.047,idle
261.411,3.69,0.092,0.046,idle
261.431,3.68,0.089,0.045,idle
261.451,3.67,0.092,0.047,idle
261.471,3.69,0.092,0.047,idle
261.491,3.70,0.091,0.047,idle
261.511,3.71,0.093,0.047,idle
261.531,3.70,0.090,0.048,idle
261.551,3.70,0.093,0.047,idle
261.571,3.71,0.092,0.045,idle
261.591,4.64,0.090,0.047,idle
261.611,5.39,0.092,0.047,idle
261.631,5.34,0.091,0.047,idle
261.651,5.25,0.091,0.046,idle
261.671,5.14,0.093,0.047,idle
261.691,5.01,0.088,0.045,idle
261.711,4.90,0.092,0.048,idle
261.731,4.77,0.091,0.048,idle
261.751,4.65,0.088,0.048,idle
261.771,4.56,0.092,0.047,idle
261.791,4.44,0.090,0.047,idle
261.811,4.34,0.091,0.047,idle
261.831,4.22,0.092,0.047,idle
261.851,4.12,0.089,0.048,idle
261.871,4.02,0.092,0.047,idle
261.891,3.91,0.091,0.047,idle
261.911,3.81,0.089,0.047,idle
261.931,3.72,0.093,0.047,idle
261.951,3.59,0.090,0.047,idle
261.971,3.49,0.092,0.047,idle
261.991,3.38,0.092,0.047,idle
262.011,3.27,0.089,0.047,idle
262.031,3.15,0.091,0.048,idle
262.051,3.04,0.092,0.047,idle
262.071,2.93,0.087,1.389,idle
262.091,2.84,0.091,1.439,idle
262.111,2.73,0.063,0.046,idle
262.131,2.61,0.024,0.046,idle
262.151,2.49,0.022,0.046,idle
262.171,2.39,0.019,0.046,idle
262.191,2.28,0.018,0.046,idle
262.211,2.16,0.016,0.046,idle
262.231,2.07,0.016,0.046,idle
262.251,1.97,0.017,0.045,idle
262.271,1.82,0.018,0.047,idle
262.291,1.71,0.020,0.048,idle
262.311,1.65,0.021,0.046,idle
262.331,1.58,0.022,0.047,idle
262.351,1.50,0.023,0.047,idle
262.371,1.39,0.023,0.047,idle
262.391,1.24,0.023,0.047,idle
262.411,1.18,0.021,0.047,idle
262.431,1.11,0.021,0.047,idle
262.451,0.97,0.021,0.046,idle
262.471,0.85,0.019,0.047,idle
262.491,0.72,0.020,0.048,idle
262.511,0.59,0.019,0.045,idle
262.531,0.47,0.020,0.046,idle
262.551,0.35,0.020,0.046,idle
262.571,0.23,0.020,0.045,idle
262.591,-0.80,0.020,0.047,idle
262.611,-1.65,0.020,0.045,idle
262.631,-1.70,0.021,0.048,idle
262.651,-1.71,0.022,0.046,idle
262.671,-1.72,0.022,0.047,idle
262.691,-1.70,0.021,0.045,idle
262.711,-1.69,0.021,0.047,idle
262.731,-1.68,0.021,0.046,idle
262.751,-1.69,0.019,0.048,idle
262.771,-1.69,0.021,0.049,idle
262.791,-1.68,0.022,0.050,idle
262.811,-1.67,0.022,0.046,idle
262.831,-1.65,0.021,0.046,idle
262.851,-1.64,0.021,0.047,idle
262.871,-1.64,0.021,0.050,idle
262.891,-1.64,0.022,0.051,idle
262.911,-1.65,0.022,0.047,idle
262.931,-1.66,0.020,0.047,idle
262.951,-1.66,0.020,0.048,idle
262.971,-1.67,0.021,0.047,idle
262.991,-1.67,0.021,0.047,idle
263.011,-1.67,0.020,0.047,idle
263.031,-1.66,0.021,0.047,idle
263.051,-1.66,0.021,0.046,idle
263.071,-1.66,0.021,0.047,idle
263.091,-1.68,0.021,0.047,idle
263.111,-1.66,0.020,0.046,idle
263.131,-1.64,0.021,0.046,idle
263.151,-1.64,0.021,0.047,idle
263.171,-1.65,0.021,0.047,idle
263.191,-1.64,0.021,0.046,idle
263.211,-1.64,0.022,0.048,idle
263.231,-1.65,0.021,0.047,idle
263.251,-1.65,0.021,0.046,idle
263.271,-1.62,0.021,0.048,idle
263.291,-1.61,0.021,0.047,idle
263.311,-1.66,0.021,0.046,idle
263.331,-1.69,0.021,0.046,idle
263.351,-1.73,0.021,0.046,idle
263.371,-1.72,0.021,0.046,idle
263.391,-1.67,0.020,0.047,idle
263.411,-1.70,0.021,0.046,idle
263.431,-1.72,0.020,0.048,idle
263.451,-1.68,0.021,0.047,idle
263.471,-1.68,0.020,0.047,idle
263.491,-1.67,0.021,0.045,idle
263.511,-1.66,0.020,0.048,idle
263.531,-1.65,0.021,0.046,idle
263.551,-1.64,0.021,0.046,idle
263.571,-1.62,0.021,0.046,idle
263.591,-1.64,0.021,0.047,idle
263.611,-1.63,0.021,0.047,idle
263.631,-1.63,0.021,0.046,idle
263.651,-1.64,0.021,0.048,idle
263.671,-1.65,0.021,0.047,idle
263.691,-1.66,0.021,0.047,idle
263.711,-1.66,0.021,0.048,idle
263.731,-1.66,0.021,0.046,idle
263.751,-1.66,0.020,0.047,idle
263.771,-1.66,0.020,0.046,idle
263.791,-1.67,0.021,0.047,idle
263.811,-1.67,0.021,0.046,idle
263.831,-1.70,0.021,0.049,idle
263.851,-1.74,0.021,0.046,idle
263.871,-1.73,0.021,0.047,idle
263.891,-1.72,0.021,0.047,idle
263.911,-1.74,0.020,0.045,idle
263.931,-1.76,0.021,0.047,idle
263.951,-1.73,0.021,0.047,idle
263.971,-1.73,0.021,0.045,idle
263.991,-1.71,0.021,0.048,idle
264.011,-1.72,0.021,0.047,idle
264.031,-1.72,0.021,0.047,idle
264.051,-1.73,0.022,0.048,idle
264.071,-1.73,0.021,0.047,idle
264.091,-1.73,0.021,0.047,idle
264.111,-1.74,0.022,0.045,idle
264.131,-1.76,0.021,0.046,idle
264.151,-1.74,0.021,0.048,idle
264.171,-1.73,0.021,0.046,idle
264.191,-1.75,0.020,0.047,idle
264.211,-1.76,0.020,0.047,idle
264.231,-1.77,0.021,0.047,idle
264.251,-1.75,0.021,0.047,idle
264.271,-1.73,0.021,0.047,idle
264.291,-1.73,0.021,0.048,idle
264.311,-1.72,0.021,0.049,idle
264.331,-1.72,0.020,0.050,idle
264.351,-1.71,0.021,0.049,idle
264.371,-1.70,0.022,0.047,idle
264.391,-1.70,0.020,0.047,idle
264.411,-1.69,0.020,0.051,idle
264.431,-1.69,0.022,0.048,idle
264.451,-1.68,0.021,0.047,idle
264.471,-1.68,0.021,0.048,idle
264.491,-1.69,0.020,0.047,idle
264.511,-1.68,0.021,0.047,idle
264.531,-1.69,0.021,0.048,idle
264.551,-1.69,0.020,0.049,idle
264.571,-1.72,0.021,0.047,idle
264.591,-1.71,0.020,0.047,idle
264.611,-1.72,0.021,0.047,idle
264.631,-1.72,0.021,0.049,idle
264.651,-1.73,0.021,0.048,idle
264.671,-1.71,0.021,0.047,idle
264.691,-1.71,0.020,0.047,idle
264.711,-1.70,0.021,0.048,idle
264.731,-1.68,0.021,0.047,idle
264.751,-1.68,0.021,0.047,idle
264.771,-1.68,0.020,0.047,idle
264.791,-1.67,0.021,0.047,idle
264.811,-1.68,0.021,0.047,idle
264.831,-1.67,0.021,0.048,idle
264.851,-1.64,0.021,0.047,idle
264.871,-1.64,0.021,0.048,idle
264.891,-1.65,0.021,0.045,idle
264.911,-1.63,0.021,0.048,idle
264.931,-1.62,0.021,0.047,idle
264.951,-1.65,0.021,0.046,idle
264.971,-1.66,0.021,0.048,idle
264.991,-1.66,0.021,0.047,idle
265.011,-1.67,0.021,0.048,idle
265.031,-1.68,0.021,0.047,idle
265.051,-1.66,0.021,0.047,idle
265.071,-1.66,0.021,0.047,idle
265.091,-1.64,0.020,0.047,idle
265.111,-1.64,0.020,0.046,idle
265.131,-1.64,0.020,0.047,idle
265.151,-1.69,0.021,0.047,idle
265.171,-1.74,0.022,0.047,idle
265.191,-1.74,0.021,0.047,idle
265.211,-1.70,0.022,0.046,idle
265.231,-1.68,0.021,0.046,idle
265.251,-1.70,0.021,0.046,idle
265.271,-1.72,0.021,0.047,idle
265.291,-1.71,0.021,0.047,idle
265.311,-1.71,0.020,0.047,idle
265.331,-1.71,0.021,0.047,idle
265.351,-1.70,0.021,0.049,idle
265.371,-1.71,0.021,0.046,idle
265.391,-1.71,0.021,0.047,idle
265.411,-1.74,0.021,0.047,idle
265.431,-1.73,0.020,0.047,idle
265.451,-1.73,0.020,0.048,idle
265.471,-1.74,0.021,0.047,idle
265.491,-1.73,0.021,0.046,idle
265.511,-1.72,0.021,0.048,idle
265.531,-1.72,0.021,0.048,idle
265.551,-1.72,0.021,0.047,idle
265.571,-1.71,0.021,0.046,idle
265.591,-1.72,0.020,0.049,idle
265.611,-1.71,0.021,0.048,idle
265.631,-1.71,0.021,0.046,idle
265.651,-1.70,0.021,0.048,idle
265.671,-1.70,0.021,0.046,idle
265.691,-1.70,0.022,0.047,idle
265.711,-1.71,0.021,0.048,idle
265.731,-1.73,0.021,0.049,idle
265.751,-1.71,0.021,0.048,idle
265.771,-1.72,0.021,0.048,idle
265.791,-1.72,0.021,0.045,idle
265.811,-1.70,0.021,0.046,idle
265.831,-1.71,0.021,0.047,idle
265.851,-1.72,0.021,0.047,idle
265.871,-1.72,0.021,0.046,idle
265.891,-1.72,0.020,0.046,idle
265.911,-1.72,0.021,0.046,idle
265.931,-1.72,0.020,0.046,idle
265.951,-1.73,0.021,0.047,idle
265.971,-1.74,0.020,0.046,idle
265.991,-1.73,0.021,0.047,idle
266.011,-1.72,0.021,0.046,idle
266.031,-1.71,0.021,0.046,idle
266.051,-1.71,0.021,0.047,idle
266.071,-1.70,0.021,0.046,idle
266.091,-1.71,0.021,0.047,idle
266.111,-1.71,0.021,0.047,idle
266.131,-1.70,0.021,0.047,idle
266.151,-1.67,0.021,0.046,idle
266.171,-1.62,0.021,0.047,idle
266.191,-1.63,0.022,0.046,idle
266.211,-1.65,0.022,0.048,idle
266.231,-1.65,0.021,0.046,idle
266.251,-1.65,0.021,0.047,idle
266.271,-1.64,0.021,0.046,idle
266.291,-1.65,0.021,0.047,idle
266.311,-1.68,0.021,0.046,idle
266.331,-1.67,0.020,0.047,idle
266.351,-1.68,0.021,0.048,idle
266.371,-1.69,0.020,0.047,idle
266.391,-1.69,0.020,0.046,idle
266.411,-1.68,0.020,0.047,idle
266.431,-1.70,0.021,0.046,idle
266.451,-1.70,0.020,0.048,idle
266.471,-1.69,0.021,0.046,idle
266.491,-1.69,0.020,0.046,idle
266.511,-1.69,0.021,0.048,idle
266.531,-1.68,0.021,0.047,idle
266.551,-1.66,0.021,0.047,idle
266.571,-1.65,0.021,0.047,idle
266.591,-1.65,0.021,0.048,idle
266.611,-1.64,0.021,0.047,idle
266.631,-1.64,0.020,0.047,idle
266.651,-1.63,0.021,0.048,idle
266.671,-1.64,0.021,0.048,idle
266.691,-1.65,0.021,0.048,idle
266.711,-1.66,0.021,0.046,idle
266.731,-1.65,0.021,0.047,idle
266.751,-1.66,0.021,0.048,idle
266.771,-1.66,0.021,0.045,idle
266.791,-1.67,0.021,0.045,idle
266.811,-1.68,0.021,0.046,idle
266.831,-1.68,0.021,0.046,idle
266.851,-1.68,0.020,0.047,idle
266.871,-1.69,0.021,0.047,idle
266.891,-1.69,0.021,0.046,idle
266.911,-1.68,0.020,0.047,idle
266.931,-1.68,0.021,0.047,idle
266.951,-1.65,0.021,0.047,idle
266.971,-1.63,0.021,0.048,idle
266.991,-1.62,0.021,0.048,idle
267.011,-1.62,0.021,0.049,idle
267.031,-1.64,0.021,0.047,idle
267.051,-1.64,0.022,0.048,idle
267.071,-1.66,0.021,0.047,idle
267.091,-1.65,0.020,0.046,idle
267.111,-1.66,0.021,0.047,idle
267.131,-1.65,0.021,0.046,idle
267.151,-1.65,0.021,0.047,idle
267.171,-1.65,0.021,0.048,idle
267.191,-1.65,0.021,0.047,idle
267.211,-1.65,0.021,0.047,idle
267.231,-1.65,0.021,0.046,idle
267.251,-1.65,0.020,0.046,idle
267.271,-1.65,0.021,0.046,idle
267.291,-1.64,0.021,0.046,idle
267.311,-1.63,0.021,0.047,idle
267.331,-1.64,0.021,0.046,idle
267.351,-1.64,0.020,0.048,idle
267.371,-1.62,0.021,0.047,idle
267.391,-1.62,0.021,0.047,idle
267.411,-1.62,0.021,0.046,idle
267.431,-1.63,0.021,0.046,idle
267.451,-1.62,0.021,0.048,idle
267.471,-1.63,0.021,0.047,idle
267.491,-1.65,0.021,0.048,idle
267.511,-1.66,0.021,0.047,idle
267.531,-1.68,0.021,0.047,idle
267.551,-1.68,0.020,0.047,idle
267.571,-1.67,0.021,0.046,idle
267.591,-1.67,0.021,0.048,idle
267.611,-1.68,0.021,0.046,idle
267.631,-1.68,0.021,0.046,idle
267.651,-1.67,0.021,0.048,idle
267.671,-1.64,0.020,0.046,idle
267.691,-1.63,0.020,0.046,idle
267.711,-1.63,0.021,0.048,idle
267.731,-1.63,0.021,0.047,idle
267.751,-1.62,0.021,0.049,idle
267.771,-1.62,0.021,0.047,idle
267.791,-1.61,0.021,0.047,idle
267.811,-1.61,0.021,0.046,idle
267.831,-1.62,0.021,0.048,idle
267.851,-1.58,0.021,0.047,idle
267.871,-1.54,0.020,0.047,idle
267.891,-1.54,0.021,0.048,idle
267.911,-1.54,0.021,0.048,idle
267.931,-1.55,0.021,0.048,idle
267.951,-1.57,0.021,0.046,idle
267.971,-1.52,0.021,0.048,idle
267.991,-1.52,0.020,0.045,idle
268.011,-1.56,0.021,0.045,idle
268.031,-1.53,0.021,0.047,idle
268.051,-1.53,0.021,0.045,idle
268.071,-1.52,0.021,0.046,idle
268.091,-1.51,0.021,0.047,idle
268.111,-1.53,0.021,0.047,idle
268.131,-1.54,0.021,0.048,idle
268.151,-1.54,0.021,0.047,idle
268.171,-1.55,0.021,0.046,idle
268.191,-1.54,0.021,0.048,idle
268.211,-1.55,0.021,0.046,idle
268.231,-1.55,0.020,0.046,idle
268.251,-1.55,0.021,0.046,idle
268.271,-1.54,0.021,0.048,idle
268.291,-1.53,0.021,0.047,idle
268.311,-1.54,0.020,0.049,idle
268.331,-1.54,0.022,0.052,idle
268.351,-1.53,0.022,0.045,idle
268.371,-1.53,0.021,0.044,idle
268.391,-1.53,0.020,0.047,idle
268.411,-1.53,0.021,0.047,idle
268.431,-1.51,0.021,0.051,idle
268.451,-1.52,0.022,0.049,idle
268.471,-1.54,0.021,0.047,idle
268.491,-1.53,0.020,0.049,idle
268.511,-1.53,0.021,0.048,idle
268.531,-1.52,0.022,0.048,idle
268.551,-1.53,0.021,0.049,idle
268.571,-1.55,0.022,0.046,idle
268.591,-1.54,0.021,0.048,idle
268.611,-1.55,0.020,0.047,idle
268.631,-1.55,0.021,0.047,idle
268.651,-1.56,0.021,0.046,idle
268.671,-1.57,0.020,0.047,idle
268.691,-1.56,0.021,0.047,idle
268.711,-1.55,0.021,0.047,idle
268.731,-1.57,0.021,0.046,idle
268.751,-1.59,0.021,0.046,idle
268.771,-1.60,0.021,0.045,idle
268.791,-1.59,0.021,0.047,idle
268.811,-1.60,0.021,0.046,idle
268.831,-1.59,0.021,0.047,idle
268.851,-1.61,0.021,0.048,idle
268.871,-1.63,0.021,0.047,idle
268.891,-1.64,0.021,0.045,idle
268.911,-1.64,0.022,0.046,idle
268.931,-1.62,0.020,0.048,idle
268.951,-1.60,0.021,0.047,idle
268.971,-1.66,0.020,0.047,idle
268.991,-1.67,0.020,0.047,idle
269.011,-1.62,0.021,0.048,idle
269.031,-1.64,0.021,0.046,idle
269.051,-1.64,0.021,0.047,idle
269.071,-1.64,0.021,0.047,idle
269.091,-1.64,0.021,0.046,idle
269.111,-1.62,0.021,0.047,idle
269.131,-1.63,0.021,0.047,idle
269.151,-1.64,0.021,0.046,idle
269.171,-1.64,0.021,0.047,idle
269.191,-1.65,0.021,0.047,idle
269.211,-1.63,0.021,0.048,idle
269.231,-1.63,0.021,0.048,idle
269.251,-1.62,0.021,0.047,idle
269.271,-1.64,0.021,0.047,idle
269.291,-1.64,0.021,0.047,idle
269.311,-1.62,0.020,0.047,idle
269.331,-1.62,0.021,0.047,idle
269.351,-1.62,0.021,0.047,idle
269.371,-1.62,0.021,0.048,idle
269.391,-1.62,0.021,0.047,idle
269.411,-1.62,0.021,0.046,idle
269.431,-1.63,0.021,0.047,idle
269.451,-1.62,0.021,0.047,idle
269.471,-1.61,0.021,0.048,idle
269.491,-1.61,0.021,0.047,idle
269.511,-1.62,0.021,0.048,idle
269.531,-1.60,0.021,0.047,idle
269.551,-1.60,0.021,0.048,idle
269.571,-1.61,0.021,0.048,idle
269.591,-1.62,0.020,0.047,idle
269.611,-1.59,0.020,0.048,idle
269.631,-1.59,0.021,0.048,idle
269.651,-1.60,0.021,0.048,idle
269.671,-1.59,0.020,0.048,idle
269.691,-1.61,0.021,0.047,idle
269.711,-1.62,0.021,0.048,idle
269.731,-1.59,0.021,0.047,idle
269.751,-1.57,0.021,0.047,idle
269.771,-1.58,0.021,0.047,idle
269.791,-1.58,0.021,0.048,idle
269.811,-1.58,0.022,0.047,idle
269.831,-1.57,0.021,0.047,idle
269.851,-1.58,0.021,0.048,idle
269.871,-1.60,0.021,0.047,idle
269.891,-1.59,0.021,0.047,idle
269.911,-1.58,0.021,0.047,idle
269.931,-1.59,0.020,0.047,idle
269.951,-1.61,0.021,0.047,idle
269.971,-1.62,0.021,0.048,idle
269.991,-1.61,0.021,0.050,idle
270.011,-1.61,0.021,0.048,idle
270.031,-1.61,0.021,0.046,idle
270.051,-1.62,0.020,0.048,idle
270.071,-1.63,0.021,0.050,idle
270.091,-1.62,0.022,0.047,idle
270.111,-1.62,0.021,0.047,idle
270.131,-1.60,0.020,0.047,idle
270.151,-1.60,0.021,0.046,idle
270.171,-1.59,0.020,0.047,idle
270.191,-1.59,0.020,0.049,idle
270.211,-1.59,0.022,0.047,idle
270.231,-1.59,0.021,0.046,idle
270.251,-1.59,0.021,0.048,idle
270.271,-1.58,0.021,0.048,idle
270.291,-1.58,0.021,0.047,idle
270.311,-1.59,0.021,0.045,idle
270.331,-1.58,0.021,0.045,idle
270.351,-1.59,0.021,0.047,idle
270.371,-1.59,0.021,0.047,idle
270.391,-1.60,0.021,0.046,idle
270.411,-1.61,0.021,0.047,idle
270.431,-1.61,0.021,0.047,idle
270.451,-1.58,0.021,0.047,idle
270.471,-1.57,0.022,0.045,idle
270.491,-1.60,0.021,0.047,idle
270.511,-1.63,0.021,0.047,idle
270.531,-1.67,0.021,0.048,idle
270.551,-1.67,0.021,0.047,idle
270.571,-1.62,0.020,0.047,idle
270.591,-1.58,0.021,0.048,idle
270.611,-1.62,0.020,0.048,idle
270.631,-1.64,0.021,0.047,idle
270.651,-1.63,0.021,0.048,idle
270.671,-1.63,0.020,0.047,idle
270.691,-1.63,0.021,0.047,idle
270.711,-1.61,0.021,0.048,idle
270.731,-1.62,0.021,0.046,idle
270.751,-1.64,0.022,0.048,idle
270.771,-1.62,0.021,0.047,idle
270.791,-1.63,0.021,0.048,idle
270.811,-1.63,0.021,0.047,idle
270.831,-1.63,0.021,0.046,idle
270.851,-1.63,0.021,0.046,idle
270.871,-1.62,0.021,0.048,idle
270.891,-1.62,0.020,0.046,idle
270.911,-1.61,0.021,0.049,idle
270.931,-1.62,0.021,0.048,idle
270.951,-1.61,0.021,0.050,idle
270.971,-1.60,0.021,0.047,idle
270.991,-1.61,0.020,0.051,idle
271.011,-1.60,0.021,0.045,idle
271.031,-1.59,0.021,0.047,idle
271.051,-1.59,0.021,0.048,idle
271.071,-1.59,0.022,0.046,idle
271.091,-1.61,0.021,0.049,idle
271.111,-1.61,0.021,0.049,idle
271.131,-1.62,0.021,0.046,idle
271.151,-1.61,0.021,0.048,idle
271.171,-1.62,0.021,0.047,idle
271.191,-1.62,0.021,0.046,idle
271.211,-1.64,0.021,0.047,idle
271.231,-1.63,0.020,0.048,idle
271.251,-1.64,0.021,0.046,idle
271.271,-1.66,0.021,0.048,idle
271.291,-1.66,0.020,0.046,idle
271.311,-1.66,0.021,0.045,idle
271.331,-1.66,0.020,0.045,idle
271.351,-1.66,0.021,0.046,idle
271.371,-1.67,0.021,0.047,idle
271.391,-1.66,0.022,0.048,idle
271.411,-1.66,0.021,0.047,idle
271.431,-1.66,0.021,0.048,idle
271.451,-1.69,0.021,0.048,idle
271.471,-1.71,0.021,0.047,idle
271.491,-1.68,0.021,0.047,idle
271.511,-1.63,0.021,0.046,idle
271.531,-1.62,0.021,0.047,idle
271.551,-1.63,0.020,0.046,idle
271.571,-1.66,0.020,0.047,idle
271.591,-1.69,0.021,0.047,idle
271.611,-1.67,0.021,0.047,idle
271.631,-1.65,0.021,0.049,idle
271.651,-1.66,0.020,0.047,idle
271.671,-1.67,0.021,0.048,idle
271.691,-1.67,0.021,0.046,idle
271.711,-1.67,0.021,0.047,idle
271.731,-1.67,0.021,0.046,idle
271.751,-1.66,0.021,0.048,idle
271.771,-1.68,0.021,0.047,idle
271.791,-1.69,0.020,0.047,idle
271.811,-1.68,0.021,0.047,idle
271.831,-1.69,0.021,0.048,idle
271.851,-1.68,0.021,0.047,idle
271.871,-1.69,0.021,0.047,idle
271.891,-1.68,0.021,0.046,idle
271.911,-1.70,0.021,0.045,idle
271.931,-1.70,0.021,0.046,idle
271.951,-1.71,0.021,0.046,idle
271.971,-1.70,0.020,0.046,idle
271.991,-1.72,0.020,0.048,idle
272.011,-1.72,0.021,0.046,idle
272.031,-1.72,0.021,0.047,idle
272.051,-1.71,0.020,0.047,idle
272.071,-1.71,0.021,0.047,idle
272.091,-1.69,0.021,0.047,idle
272.111,-1.77,0.021,0.045,idle
272.131,-1.84,0.021,0.048,idle
272.151,-1.90,0.021,0.047,idle
272.171,-1.21,0.021,0.046,idle
272.191,-6.18,0.021,0.044,idle
272.211,-6.23,0.021,0.049,idle
272.231,-6.30,0.021,0.047,idle
272.251,-6.37,0.021,0.048,idle
272.271,-6.43,0.020,0.048,idle
272.291,-6.49,0.021,0.048,idle
272.311,-6.56,0.020,0.048,idle
272.331,-6.64,0.020,0.047,idle
272.351,-6.71,0.020,0.046,idle
272.371,-6.76,0.021,0.048,idle
272.391,-6.83,0.020,0.047,idle
272.411,-6.89,0.021,0.047,idle
272.431,-6.96,0.021,0.048,idle
272.451,-7.01,0.021,0.047,idle
272.471,-7.08,0.021,0.047,idle
272.491,-7.17,0.021,0.046,idle
272.511,-7.22,0.022,0.047,idle
272.531,-7.26,0.021,0.046,idle
272.551,-7.32,0.021,0.047,idle
272.571,-7.39,0.021,0.047,idle
272.591,-7.45,0.006,0.046,idle
272.611,-7.53,0.003,0.047,idle
272.631,-7.58,0.003,0.046,idle
272.651,-7.64,0.003,2.639,idle
272.671,-7.69,0.003,3.994,idle
272.691,-7.72,0.003,0.048,idle
272.711,-7.80,0.003,0.047,idle
272.731,-7.88,0.003,0.048,idle
272.751,-7.93,0.003,0.047,idle
272.771,-7.99,0.003,0.047,idle
272.791,-8.04,0.003,0.045,idle
272.811,-8.11,0.003,0.047,idle
272.831,-8.16,0.003,0.047,idle
272.851,-8.24,0.003,0.046,idle
272.871,-8.32,0.003,0.048,idle
272.891,-8.39,0.003,0.049,idle
272.911,-8.45,0.003,0.049,idle
272.931,-8.52,0.003,0.046,idle
272.951,-8.60,0.003,0.047,idle
272.971,-8.68,0.003,0.048,idle
272.991,-8.75,0.003,0.045,idle
273.011,-8.82,0.003,0.049,idle
273.031,-8.89,0.003,0.048,idle
273.051,-8.97,0.003,0.046,idle
273.071,-9.03,0.003,0.047,idle
273.091,-9.10,0.003,0.046,idle
273.111,-9.09,0.003,0.047,idle
273.131,-9.09,0.003,0.048,idle
273.151,-9.09,0.003,0.046,idle
273.171,-9.85,0.003,0.046,idle
273.191,-4.93,0.003,0.048,idle
273.211,-4.94,0.003,0.046,idle
273.231,-4.93,0.003,0.048,idle
273.251,-4.93,0.003,0.047,idle
273.271,-4.93,0.003,0.046,idle
273.291,-4.93,0.003,0.048,idle
273.311,-4.94,0.003,0.046,idle
273.331,-4.92,0.003,0.045,idle
273.351,-4.93,0.003,0.049,idle
273.371,-4.92,0.003,0.049,idle
273.391,-4.90,0.003,0.049,idle
273.411,-4.85,0.003,0.046,idle
273.431,-4.82,0.003,0.047,idle
273.451,-4.88,0.003,0.048,idle
273.471,-4.93,0.003,0.047,idle
273.491,-4.92,0.003,0.048,idle
273.511,-4.90,0.003,0.049,idle
273.531,-4.86,0.003,0.048,idle
273.551,-4.86,0.003,0.047,idle
273.571,-4.90,0.003,0.048,idle
273.591,-4.88,0.003,0.049,idle
273.611,-4.87,0.003,0.047,idle
273.631,-4.89,0.003,0.045,idle
273.651,-4.90,0.003,0.048,idle
273.671,-4.93,0.003,0.049,idle
273.691,-4.97,0.003,0.047,idle
273.711,-4.97,0.003,0.046,idle
273.731,-4.97,0.003,0.047,idle
273.751,-4.99,0.003,0.046,idle
273.771,-4.99,0.003,0.047,idle
273.791,-5.00,0.003,0.048,idle
273.811,-4.98,0.003,0.047,idle
273.831,-5.00,0.003,0.048,idle
273.851,-5.00,0.003,0.046,idle
273.871,-4.99,0.004,0.050,idle
273.891,-4.99,0.004,0.050,idle
273.911,-4.99,0.005,0.050,idle
273.931,-5.00,0.004,0.049,idle
273.951,-4.97,0.004,0.051,idle
273.971,-4.98,0.003,0.049,idle
273.991,-4.97,0.004,0.054,idle
274.011,-4.97,0.004,0.047,idle
274.031,-4.97,0.003,0.048,idle
274.051,-4.97,0.003,0.053,idle
274.071,-4.96,0.004,0.048,idle
274.091,-4.96,0.003,0.049,idle
274.111,-4.94,0.003,0.047,idle
274.131,-4.96,0.003,0.046,idle
274.151,-4.96,0.003,0.048,idle
274.171,-4.95,0.003,0.049,idle
274.191,-4.94,0.003,0.045,idle
274.211,-4.96,0.003,0.049,idle
274.231,-4.95,0.003,0.048,idle
274.251,-4.96,0.003,0.047,idle
274.271,-4.97,0.003,0.048,idle
274.291,-4.98,0.003,0.047,idle
274.311,-4.95,0.003,0.046,idle
274.331,-4.96,0.003,0.048,idle
274.351,-4.96,0.003,0.049,idle
274.371,-4.96,0.003,0.048,idle
274.391,-5.00,0.003,0.047,idle
274.411,-5.05,0.003,0.048,idle
274.431,-5.07,0.003,0.047,idle
274.451,-5.03,0.003,0.048,idle
274.471,-4.99,0.003,0.049,idle
274.491,-4.96,0.003,0.046,idle
274.511,-4.99,0.003,0.047,idle
274.531,-5.04,0.003,0.048,idle
274.551,-5.04,0.003,0.049,idle
274.571,-5.00,0.003,0.047,idle
274.591,-5.03,0.003,0.046,idle
274.611,-5.02,0.003,0.048,idle
274.631,-5.02,0.003,0.046,idle
274.651,-5.00,0.003,0.046,idle
274.671,-4.98,0.003,0.047,idle
274.691,-4.96,0.003,0.047,idle
274.711,-4.97,0.003,0.048,idle
274.731,-4.95,0.003,0.049,idle
274.751,-4.96,0.003,0.048,idle
274.771,-4.96,0.003,0.044,idle
274.791,-4.96,0.003,0.047,idle
274.811,-4.96,0.003,0.048,idle
274.831,-4.95,0.003,0.050,idle
274.851,-4.97,0.003,0.047,idle
274.871,-4.98,0.003,0.049,idle
274.891,-4.97,0.003,0.048,idle
274.911,-4.97,0.003,0.046,idle
274.931,-4.98,0.003,0.046,idle
274.951,-4.98,0.003,0.047,idle
274.971,-4.97,0.003,0.048,idle
274.991,-4.96,0.003,0.049,idle
275.011,-4.97,0.003,0.047,idle
275.031,-4.97,0.003,0.047,idle
275.051,-4.96,0.003,0.048,idle
275.071,-4.97,0.003,0.049,idle
275.091,-4.96,0.003,0.048,idle
275.111,-4.98,0.003,0.047,idle
275.131,-4.98,0.003,0.049,idle
275.151,-5.17,0.003,0.046,idle
275.171,-5.06,0.003,0.049,idle
275.191,-4.95,0.003,0.047,idle
275.211,-4.84,0.003,0.047,idle
275.231,-4.78,0.003,0.048,idle
275.251,-4.67,0.003,0.047,idle
275.271,-4.57,0.003,0.048,idle
275.291,-4.45,0.003,0.048,idle
275.311,-4.36,0.003,0.048,idle
275.331,-4.28,0.003,0.048,idle
275.351,-4.18,0.003,0.047,idle
275.371,-4.09,0.003,0.048,idle
275.391,-3.96,0.003,0.046,idle
275.411,-3.86,0.003,0.049,idle
275.431,-3.77,0.003,0.046,idle
275.451,-3.65,0.003,0.047,idle
275.471,-3.54,0.003,0.046,idle
275.491,-3.44,0.003,0.047,idle
275.511,-3.35,0.003,0.047,idle
275.531,-3.26,0.003,0.048,idle
275.551,-3.14,0.003,0.047,idle
275.571,-3.03,0.003,0.046,idle
275.591,-2.93,0.003,0.048,idle
275.611,-2.85,0.003,0.049,idle
275.631,-2.76,0.005,0.519,idle
275.651,-2.66,0.003,0.026,idle
275.671,-2.57,0.004,0.029,idle
275.691,-2.48,0.004,0.028,idle
275.711,-2.37,0.004,0.025,idle
275.731,-2.27,0.003,0.028,idle
275.751,-2.15,0.004,0.027,idle
275.771,-2.05,0.004,0.027,idle
275.791,-1.94,0.003,0.027,idle
275.811,-1.81,0.003,0.025,idle
275.831,-1.70,0.003,0.027,idle
275.851,-1.60,0.004,0.027,idle
275.871,-1.49,0.003,0.027,idle
275.891,-1.41,0.003,0.027,idle
275.911,-1.32,0.003,0.025,idle
275.931,-1.19,0.003,0.027,idle
275.951,-1.08,0.003,0.027,idle
275.971,-0.98,0.003,0.027,idle
275.991,-0.88,0.003,0.026,idle
276.011,-0.79,0.003,0.026,idle
276.031,-0.70,0.003,0.025,idle
276.051,-0.59,0.003,0.026,idle
276.071,-0.50,0.003,0.026,idle
276.091,-0.42,0.003,0.026,idle
276.111,-0.31,0.003,0.026,idle
276.131,-0.20,0.003,0.025,idle
276.151,0.10,0.003,0.026,idle
276.171,0.10,0.003,0.027,idle
276.191,0.08,0.003,0.026,idle
276.211,0.08,0.003,0.027,idle
276.231,0.11,0.003,0.027,idle
276.251,0.11,0.003,0.026,idle
276.271,0.11,0.004,0.027,idle
276.291,0.10,0.004,0.028,idle
276.311,0.10,0.003,0.026,idle
276.331,0.10,0.004,0.026,idle
276.351,0.12,0.003,0.025,idle
276.371,0.11,0.003,0.026,idle
276.391,0.10,0.003,0.028,idle
276.411,0.09,0.003,0.027,idle
276.431,0.09,0.003,0.024,idle
276.451,0.09,0.003,0.027,idle
276.471,0.09,0.003,0.026,idle
276.491,0.07,0.003,0.026,idle
276.511,0.08,0.003,0.027,idle
276.531,0.08,0.003,0.026,idle
276.551,0.07,0.003,0.027,idle
276.571,0.07,0.004,0.026,idle
276.591,0.06,0.004,0.026,idle
276.611,0.06,0.003,0.026,idle
276.631,0.07,0.003,0.027,idle
276.651,0.06,0.003,0.026,idle
276.671,0.07,0.003,0.026,idle
276.691,0.07,0.003,0.027,idle
276.711,0.07,0.003,0.025,idle
276.731,0.07,0.003,0.026,idle
276.751,0.07,0.003,0.025,idle
276.771,0.06,0.003,0.026,idle
276.791,0.04,0.003,0.025,idle
276.811,0.02,0.003,0.025,idle
276.831,0.01,0.003,0.026,idle
276.851,0.03,0.003,0.026,idle
276.871,0.04,0.004,0.027,idle
276.891,0.05,0.003,0.026,idle
276.911,0.05,0.003,0.026,idle
276.931,0.04,0.003,0.027,idle
276.951,0.03,0.003,0.027,idle
276.971,0.02,0.003,0.028,idle
276.991,0.01,0.003,0.027,idle
277.011,0.01,0.003,0.025,idle
277.031,0.02,0.003,0.026,idle
277.051,0.02,0.003,0.027,idle
277.071,0.03,0.003,0.026,idle
277.091,0.04,0.003,0.026,idle
277.111,0.03,0.003,0.026,idle
277.131,0.03,0.003,0.026,idle
277.151,0.03,0.003,0.025,idle
277.171,0.02,0.003,0.026,idle
277.191,0.02,0.003,0.026,idle
277.211,0.02,0.003,0.025,idle
277.231,0.03,0.003,0.026,idle
277.251,0.02,0.003,0.026,idle
277.271,0.02,0.003,0.025,idle
277.291,0.02,0.003,0.026,idle
277.311,0.02,0.003,0.026,idle
277.331,0.03,0.003,0.026,idle
277.351,0.03,0.003,0.026,idle
277.371,0.04,0.003,0.026,idle
277.391,0.03,0.003,0.026,idle
277.411,0.03,0.003,0.026,idle
277.431,0.03,0.003,0.026,idle
277.451,0.03,0.003,0.026,idle
277.471,0.03,0.003,0.026,idle
277.491,0.04,0.003,0.026,idle
277.511,0.04,0.003,0.026,idle
277.531,0.06,0.003,0.026,idle
277.551,0.05,0.003,0.026,idle
277.571,0.04,0.003,0.026,idle
277.591,0.05,0.003,0.026,idle
277.611,0.06,0.004,0.026,idle
277.631,0.05,0.003,0.025,idle
277.651,0.06,0.003,0.026,idle
277.671,0.06,0.003,0.026,idle
277.691,0.06,0.003,0.026,idle
277.711,0.06,0.003,0.027,idle
277.731,0.05,0.003,0.027,idle
277.751,0.06,0.003,0.027,idle
277.771,0.06,0.003,0.026,idle
277.791,0.06,0.003,0.026,idle
277.811,0.06,0.003,0.024,idle
277.831,0.06,0.003,0.026,idle
277.851,0.05,0.003,0.025,idle
277.871,0.06,0.003,0.025,idle
277.891,0.06,0.003,0.025,idle
277.911,0.06,0.004,0.026,idle
277.931,0.06,0.003,0.027,idle
277.951,0.06,0.003,0.026,idle
277.971,0.07,0.003,0.025,idle
277.991,0.08,0.003,0.025,idle
278.011,0.09,0.003,0.027,idle
278.031,0.09,0.003,0.026,idle
278.051,0.10,0.003,0.026,idle
278.071,0.08,0.003,0.026,idle
278.091,0.09,0.003,0.026,idle
278.111,0.09,0.003,0.026,idle
278.131,0.08,0.003,0.026,idle
278.151,0.08,0.003,0.026,idle
278.171,0.07,0.003,0.026,idle
278.191,0.08,0.003,0.025,idle
278.211,0.07,0.003,0.025,idle
278.231,0.08,0.003,0.026,idle
278.251,0.09,0.003,0.026,idle
278.271,0.10,0.003,0.026,idle
278.291,0.08,0.003,0.026,idle
278.311,0.10,0.003,0.026,idle
278.331,0.09,0.003,0.027,idle
278.351,0.08,0.003,0.026,idle
278.371,0.08,0.003,0.026,idle
278.391,0.07,0.003,0.026,idle
278.411,0.08,0.003,0.026,idle
278.431,0.09,0.003,0.026,idle
278.451,0.08,0.003,0.026,idle
278.471,0.08,0.003,0.025,idle
278.491,0.08,0.003,0.025,idle
278.511,0.08,0.003,0.025,idle
278.531,0.08,0.003,0.027,idle
278.551,0.09,0.003,0.026,idle
278.571,0.10,0.003,0.026,idle
278.591,0.09,0.003,0.026,idle
278.611,0.09,0.003,0.026,idle
278.631,0.09,0.003,0.026,idle
278.651,0.08,0.003,0.026,idle
278.671,0.07,0.003,0.026,idle
278.691,0.07,0.003,0.026,idle
278.711,0.06,0.003,0.025,idle
278.731,0.06,0.003,0.026,idle
278.751,0.06,0.003,0.025,idle
278.771,0.07,0.003,0.026,idle
278.791,0.07,0.003,0.027,idle
278.811,0.07,0.003,0.026,idle
278.831,0.07,0.003,0.027,idle
278.851,0.07,0.003,0.027,idle
278.871,0.05,0.003,0.026,idle
278.891,0.04,0.003,0.026,idle
278.911,0.04,0.003,0.026,idle
278.931,0.03,0.003,0.026,idle
278.951,0.04,0.003,0.026,idle
278.971,0.07,0.003,0.027,idle
278.991,0.04,0.003,0.026,idle
279.011,-0.02,0.003,0.027,idle
279.031,-0.05,0.003,0.027,idle
279.051,-0.06,0.003,0.026,idle
279.071,-0.02,0.003,0.028,idle
279.091,0.01,0.003,0.026,idle
279.111,-0.02,0.003,0.027,idle
279.131,-0.04,0.003,0.026,idle
279.151,-0.03,0.003,0.026,idle
279.171,-0.02,0.003,0.027,idle
279.191,-0.01,0.003,0.027,idle
279.211,-0.00,0.003,0.026,idle
279.231,-0.02,0.003,0.027,idle
279.251,-0.02,0.003,0.026,idle
279.271,-0.02,0.003,0.027,idle
279.291,-0.02,0.003,0.026,idle
279.311,-0.02,0.003,0.026,idle
279.331,-0.02,0.003,0.026,idle
279.351,-0.02,0.003,0.026,idle
279.371,-0.01,0.003,0.026,idle
279.391,0.01,0.003,0.027,idle
279.411,-0.00,0.003,0.026,idle
279.431,0.00,0.003,0.026,idle
279.451,0.01,0.004,0.029,idle
279.471,0.00,0.005,0.026,idle
279.491,0.01,0.005,0.032,idle
279.511,0.01,0.007,0.030,idle
279.531,0.01,0.004,0.027,idle
279.551,0.00,0.004,0.029,idle
279.571,0.00,0.004,0.028,idle
279.591,-0.00,0.004,0.028,idle
279.611,0.00,0.004,0.029,idle
279.631,-0.01,0.004,0.026,idle
279.651,0.01,0.003,0.026,idle
279.671,0.02,0.003,0.028,idle
279.691,0.03,0.003,0.025,idle
279.711,0.03,0.003,0.026,idle
279.731,0.04,0.003,0.026,idle
279.751,0.03,0.003,0.025,idle
279.771,0.03,0.003,0.026,idle
279.791,0.04,0.003,0.027,idle
279.811,0.03,0.003,0.026,idle
279.831,0.02,0.003,0.026,idle
279.851,0.02,0.003,0.027,idle
279.871,0.04,0.003,0.026,idle
279.891,0.04,0.003,0.026,idle
279.911,0.05,0.003,0.027,idle
279.931,0.06,0.003,0.026,idle
279.951,0.06,0.003,0.026,idle
279.971,0.03,0.003,0.026,idle
279.991,0.05,0.003,0.027,idle
280.011,0.12,0.003,0.027,idle
280.031,0.14,0.003,0.027,idle
280.051,0.14,0.003,0.025,idle
280.071,0.11,0.003,0.025,idle
280.091,0.09,0.003,0.026,idle
280.111,0.12,0.003,0.027,idle
280.131,0.14,0.003,0.027,idle
280.151,0.12,0.003,0.027,idle
280.171,0.12,0.003,0.026,idle
280.191,0.10,0.003,0.025,idle
280.211,0.08,0.003,0.026,idle
280.231,0.09,0.003,0.026,idle
280.251,0.08,0.003,0.026,idle
280.271,0.07,0.003,0.026,idle
280.291,0.08,0.003,0.026,idle
280.311,0.07,0.003,0.025,idle
280.331,0.06,0.003,0.027,idle
280.351,0.06,0.003,0.027,idle
280.371,0.05,0.003,0.026,idle
280.391,0.05,0.003,0.026,idle
280.411,0.05,0.003,0.025,idle
280.431,0.05,0.003,0.025,idle
280.451,0.05,0.003,0.026,idle
280.471,0.06,0.003,0.026,idle
280.491,0.05,0.003,0.027,idle
280.511,0.04,0.003,0.026,idle
280.531,0.05,0.003,0.027,idle
280.551,0.04,0.003,0.027,idle
280.571,0.04,0.003,0.025,idle
280.591,0.06,0.003,0.026,idle
280.611,0.05,0.003,0.026,idle
280.631,0.06,0.003,0.026,idle
280.651,0.06,0.003,0.025,idle
280.671,0.04,0.003,0.026,idle
280.691,0.05,0.003,0.025,idle
280.711,0.04,0.003,0.025,idle
280.731,0.03,0.003,0.026,idle
280.751,0.03,0.003,0.026,idle
280.771,0.02,0.003,0.026,idle
280.791,0.02,0.003,0.026,idle
280.811,0.02,0.003,0.026,idle
280.831,0.02,0.003,0.025,idle
280.851,0.04,0.003,0.026,idle
280.871,0.02,0.003,0.026,idle
280.891,-0.01,0.003,0.026,idle
280.911,-0.02,0.003,0.026,idle
280.931,-0.01,0.003,0.026,idle
280.951,-0.01,0.003,0.026,idle
280.971,-0.01,0.003,0.026,idle
280.991,-0.03,0.003,0.026,idle
281.011,-0.03,0.003,0.025,idle
281.031,-0.01,0.003,0.027,idle
281.051,0.00,0.003,0.026,idle
281.071,-0.01,0.003,0.027,idle
281.091,-0.03,0.003,0.026,idle
281.111,-0.03,0.003,0.026,idle
281.131,-0.01,0.003,0.026,idle
281.151,0.01,0.003,0.026,idle
281.171,0.03,0.003,0.026,idle
281.191,0.00,0.003,0.026,idle
281.211,0.00,0.003,0.027,idle
281.231,0.01,0.003,0.026,idle
281.251,0.01,0.003,0.025,idle
281.271,0.02,0.003,0.026,idle
281.291,0.02,0.003,0.027,idle
281.311,0.03,0.003,0.026,idle
281.331,0.03,0.003,0.026,idle
281.351,0.02,0.004,0.027,idle
281.371,0.02,0.004,0.029,idle
281.391,0.03,0.004,0.028,idle
281.411,0.03,0.003,0.027,idle
281.431,0.03,0.003,0.026,idle
281.451,0.03,0.003,0.026,idle
281.471,0.03,0.003,0.026,idle
281.491,0.03,0.003,0.027,idle
281.511,0.03,0.003,0.027,idle
281.531,0.03,0.003,0.026,idle
281.551,0.03,0.003,0.026,idle
281.571,0.03,0.003,0.026,idle
281.591,0.02,0.003,0.027,idle
281.611,0.03,0.003,0.026,idle
281.631,0.02,0.004,0.027,idle
281.651,0.01,0.004,0.026,idle
281.671,0.02,0.004,0.027,idle
281.691,0.01,0.004,0.026,idle
281.711,0.02,0.003,0.025,idle
281.731,0.04,0.003,0.027,idle
281.751,0.04,0.004,0.025,idle
281.771,0.05,0.003,0.026,idle
281.791,0.05,0.003,0.025,idle
281.811,0.06,0.003,0.025,idle
281.831,0.06,0.003,0.026,idle
281.851,0.04,0.003,0.027,idle
281.871,0.05,0.003,0.026,idle
281.891,0.09,0.003,0.026,idle
281.911,0.09,0.003,0.026,idle
281.931,0.07,0.003,0.026,idle
281.951,0.07,0.003,0.026,idle
281.971,0.07,0.003,0.026,idle
281.991,0.09,0.003,0.026,idle
282.011,0.09,0.003,0.025,idle
282.031,0.08,0.003,0.026,idle
282.051,0.07,0.003,0.025,idle
282.071,0.08,0.003,0.025,idle
282.091,0.09,0.003,0.026,idle
282.111,0.10,0.003,0.026,idle
282.131,0.08,0.003,0.025,idle
282.151,0.05,0.003,0.025,idle
282.171,0.04,0.003,0.026,idle
282.191,0.07,0.003,0.025,idle
282.211,0.06,0.003,0.026,idle
282.231,0.07,0.003,0.025,idle
282.251,0.07,0.003,0.025,idle
282.271,0.06,0.003,0.025,idle
282.291,0.07,0.003,0.026,idle
282.311,0.06,0.003,0.026,idle
282.331,0.06,0.003,0.026,idle
282.351,0.07,0.003,0.025,idle
282.371,0.08,0.003,0.026,idle
282.391,0.06,0.003,0.026,idle
282.411,0.06,0.003,0.026,idle
282.431,0.07,0.003,0.026,idle
282.451,0.06,0.003,0.026,idle
282.471,0.07,0.003,0.025,idle
282.491,0.08,0.003,0.025,idle
282.511,0.08,0.003,0.026,idle
282.531,0.08,0.003,0.026,idle
282.551,0.08,0.003,0.026,idle
282.571,0.07,0.003,0.026,idle
282.591,0.07,0.003,0.025,idle
282.611,0.07,0.003,0.025,idle
282.631,0.07,0.003,0.026,idle
282.651,0.08,0.003,0.026,idle
282.671,0.08,0.003,0.027,idle
282.691,0.09,0.003,0.027,idle
282.711,0.08,0.003,0.026,idle
282.731,0.07,0.003,0.025,idle
282.751,0.06,0.003,0.027,idle
282.771,0.06,0.003,0.027,idle
282.791,0.05,0.003,0.026,idle
282.811,0.03,0.003,0.027,idle
282.831,0.03,0.003,0.026,idle
282.851,0.03,0.003,0.026,idle
282.871,0.03,0.003,0.026,idle
282.891,0.03,0.003,0.026,idle
282.911,0.03,0.003,0.027,idle
282.931,0.03,0.003,0.026,idle
282.951,0.04,0.003,0.026,idle
282.971,0.05,0.003,0.025,idle
282.991,0.04,0.003,0.026,idle
283.011,0.04,0.003,0.025,idle
283.031,0.04,0.003,0.026,idle
283.051,0.03,0.003,0.025,idle
283.071,0.02,0.003,0.026,idle
283.091,0.02,0.003,0.025,idle
283.111,0.01,0.003,0.025,idle
283.131,0.02,0.004,0.026,idle
283.151,0.03,0.003,0.025,idle
283.171,0.04,0.003,0.026,idle
283.191,0.02,0.003,0.026,idle
283.211,0.03,0.003,0.026,idle
283.231,0.02,0.003,0.027,idle
283.251,0.02,0.003,0.026,idle
283.271,0.02,0.003,0.026,idle
283.291,0.01,0.003,0.027,idle
283.311,-0.00,0.003,0.026,idle
283.331,-0.00,0.003,0.025,idle
283.351,-0.00,0.003,0.026,idle
283.371,-0.01,0.003,0.027,idle
283.391,0.00,0.003,0.026,idle
283.411,-0.00,0.003,0.026,idle
283.431,-0.01,0.003,0.027,idle
283.451,-0.01,0.003,0.026,idle
283.471,-0.01,0.003,0.025,idle
283.491,-0.02,0.003,0.026,idle
283.511,-0.01,0.003,0.026,idle
283.531,-0.01,0.003,0.025,idle
283.551,-0.01,0.003,0.025,idle
283.571,-0.02,0.003,0.026,idle
283.591,-0.01,0.003,0.027,idle
283.611,-0.01,0.003,0.026,idle
283.631,-0.02,0.003,0.027,idle
283.651,-0.03,0.003,0.026,idle
283.671,-0.03,0.003,0.025,idle
283.691,-0.04,0.003,0.027,idle
283.711,-0.03,0.003,0.025,idle
283.731,-0.04,0.003,0.025,idle
283.751,-0.03,0.003,0.025,idle
283.771,-0.02,0.003,0.026,idle
283.791,-0.02,0.003,0.025,idle
283.811,-0.01,0.003,0.025,idle
283.831,-0.01,0.003,0.026,idle
283.851,-0.01,0.003,0.026,idle
283.871,-0.00,0.003,0.025,idle
283.891,-0.01,0.003,0.025,idle
283.911,0.00,0.003,0.025,idle
283.931,0.01,0.003,0.025,idle
283.951,0.00,0.003,0.025,idle
283.971,0.00,0.003,0.026,idle
283.991,0.01,0.003,0.026,idle
284.011,0.01,0.003,0.024,idle
284.031,0.01,0.003,0.025,idle
284.051,0.00,0.003,0.025,idle
284.071,0.02,0.003,0.026,idle
284.091,0.02,0.003,0.026,idle
284.111,0.03,0.003,0.026,idle
284.131,0.03,0.003,0.025,idle
284.151,0.02,0.003,0.025,idle
284.171,0.02,0.003,0.026,idle
284.191,0.03,0.003,0.025,idle
284.211,0.02,0.003,0.026,idle
284.231,0.03,0.003,0.026,idle
284.251,0.03,0.003,0.026,idle
284.271,0.03,0.003,0.025,idle
284.291,0.03,0.003,0.025,idle
284.311,0.04,0.003,0.027,idle
284.331,0.04,0.003,0.027,idle
284.351,0.04,0.003,0.025,idle
284.371,0.04,0.003,0.026,idle
284.391,0.04,0.003,0.027,idle
284.411,0.05,0.003,0.025,idle
284.431,0.05,0.003,0.026,idle
284.451,0.05,0.003,0.027,idle
284.471,0.06,0.003,0.026,idle
284.491,0.05,0.003,0.027,idle
284.511,0.04,0.003,0.026,idle
284.531,0.04,0.003,0.026,idle
284.551,0.00,0.003,0.026,idle
284.571,-0.08,0.003,0.026,idle
284.591,-0.08,0.003,0.027,idle
284.611,-0.04,0.003,0.026,idle
284.631,0.00,0.003,0.026,idle
284.651,0.01,0.003,0.026,idle
284.671,-0.04,0.003,0.025,idle
284.691,-0.05,0.003,0.026,idle
284.711,-0.03,0.003,0.025,idle
284.731,-0.03,0.003,0.025,idle
284.751,-0.01,0.003,0.025,idle
284.771,-0.03,0.003,0.026,idle
284.791,-0.03,0.003,0.026,idle
284.811,-0.02,0.003,0.026,idle
284.831,-0.03,0.003,0.026,idle
284.851,-0.02,0.003,0.026,idle
284.871,-0.01,0.003,0.026,idle
284.891,-0.02,0.004,0.026,idle
284.911,-0.02,0.003,0.026,idle
284.931,-0.03,0.003,0.027,idle
284.951,-0.03,0.003,0.026,idle
284.971,-0.03,0.003,0.026,idle
284.991,-0.02,0.003,0.028,idle
285.010,-0.02,0.004,0.028,idle
285.030,-0.02,0.005,0.028,idle
285.050,-0.02,0.006,0.035,idle
285.070,-0.03,0.006,0.032,idle
285.090,-0.02,0.006,0.028,idle
285.110,-0.02,0.005,0.028,idle
285.130,-0.03,0.003,0.026,idle
285.150,-0.03,0.004,0.032,idle
285.170,-0.03,0.004,0.028,idle
285.190,-0.03,0.004,0.027,idle
285.210,-0.01,0.004,0.027,idle
285.230,-0.02,0.003,0.025,idle
285.250,-0.03,0.003,0.027,idle
285.270,-0.02,0.003,0.027,idle
285.290,-0.01,0.003,0.026,idle
285.310,-0.01,0.003,0.026,idle
285.330,-0.00,0.003,0.026,idle
285.350,-0.02,0.003,0.026,idle
285.370,-0.00,0.003,0.026,idle
285.390,-0.01,0.003,0.027,idle
285.410,-0.01,0.003,0.027,idle
285.430,-0.01,0.003,0.026,idle
285.450,-0.02,0.003,0.027,idle
285.470,-0.03,0.003,0.026,idle
285.490,-0.03,0.003,0.026,idle
285.510,-0.03,0.003,0.026,idle
285.530,-0.04,0.003,0.026,idle
285.550,0.01,0.003,0.026,idle
285.570,0.08,0.003,0.026,idle
285.590,0.08,0.003,0.026,idle
285.610,0.04,0.003,0.027,idle
285.630,0.01,0.003,0.025,idle
285.650,-0.00,0.003,0.027,idle
285.670,0.05,0.003,0.026,idle
285.690,0.06,0.003,0.026,idle
285.710,0.04,0.003,0.026,idle
285.730,0.04,0.003,0.027,idle
285.750,0.03,0.003,0.025,idle
285.770,0.05,0.003,0.025,idle
285.790,0.05,0.003,0.026,idle
285.810,0.04,0.003,0.027,idle
285.830,0.04,0.003,0.027,idle
285.850,0.02,0.003,0.026,idle
285.870,0.02,0.003,0.025,idle
285.890,0.01,0.003,0.027,idle
285.910,0.02,0.003,0.027,idle
285.930,0.02,0.003,0.027,idle
285.950,0.01,0.003,0.027,idle
285.970,0.01,0.003,0.026,idle
285.990,0.00,0.003,0.027,idle
286.010,0.00,0.003,0.026,idle
286.030,0.01,0.003,0.026,idle
286.050,0.01,0.003,0.026,idle
286.070,0.01,0.003,0.026,idle
286.090,-0.00,0.003,0.026,idle
286.110,0.00,0.003,0.027,idle
286.130,0.01,0.003,0.027,idle
286.150,0.01,0.003,0.025,idle
286.170,0.01,0.003,0.027,idle
286.190,0.01,0.003,0.027,idle
286.210,-0.00,0.003,0.026,idle
286.230,0.00,0.003,0.027,idle
286.250,0.02,0.003,0.026,idle
286.270,0.02,0.003,0.027,idle
286.290,0.02,0.003,0.027,idle
286.310,0.03,0.003,0.026,idle
286.330,0.02,0.003,0.026,idle
286.350,0.02,0.003,0.027,idle
286.370,0.01,0.003,0.026,idle
286.390,0.01,0.003,0.025,idle
286.410,0.02,0.003,0.026,idle
286.430,0.01,0.003,0.026,idle
286.450,0.02,0.003,0.026,idle
286.470,0.03,0.003,0.026,idle
286.490,0.07,0.003,0.025,idle
286.510,0.09,0.003,0.026,idle
286.530,0.06,0.003,0.025,idle
286.550,0.03,0.003,0.025,idle
286.570,0.04,0.003,0.026,idle
286.590,0.06,0.003,0.026,idle
286.610,0.08,0.003,0.026,idle
286.630,0.08,0.003,0.025,idle
286.650,0.06,0.003,0.025,idle
286.670,0.05,0.003,0.025,idle
286.690,0.05,0.003,0.025,idle
286.710,0.05,0.003,0.026,idle
286.730,0.04,0.003,0.026,idle
286.750,0.03,0.003,0.024,idle
286.770,0.03,0.003,0.025,idle
286.790,0.04,0.003,0.025,idle
286.810,0.04,0.003,0.026,idle
286.830,0.04,0.003,0.025,idle
286.850,0.05,0.003,0.025,idle
286.870,0.05,0.003,0.026,idle
286.890,0.05,0.003,0.026,idle
286.910,0.05,0.003,0.027,idle
286.930,0.05,0.003,0.026,idle
286.950,0.05,0.004,0.027,idle
286.970,0.05,0.004,0.027,idle
286.990,0.05,0.004,0.026,idle
287.010,0.05,0.003,0.030,idle
287.030,0.05,0.005,0.028,idle
287.050,0.04,0.004,0.026,idle
287.070,0.04,0.004,0.027,idle
287.090,0.04,0.003,0.026,idle
287.110,0.04,0.003,0.026,idle
287.130,0.03,0.003,0.028,idle
287.150,0.03,0.003,0.027,idle
287.170,0.03,0.003,0.027,idle
